# Blender 4.5.7 LTS
# www.blender.org
mtllib 40m_z.mtl
o ConfinedTerrainBoxes_Ground.002
v -19.698524 -19.974056 0.131147
v -19.698524 -19.168510 0.131147
v -19.698524 -18.362965 0.131147
v -19.698524 -17.557415 0.131147
v -19.698524 -16.751865 0.131147
v -19.698524 -15.946320 0.131147
v -19.698524 -15.140773 0.131147
v -19.698524 -14.335224 0.131147
v -19.698524 -13.529677 0.131147
v -19.698524 -12.724129 0.131147
v -19.698524 -11.918582 0.131147
v -19.698524 -11.113034 0.131147
v -19.698524 -10.307487 0.131147
v -19.698524 -9.501939 0.131147
v -19.698524 -8.696391 0.131147
v -19.698524 -7.890843 0.131147
v -19.698524 -7.085296 0.131147
v -19.698524 -6.279748 0.131147
v -19.698524 -5.474201 0.131147
v -19.698524 -4.668653 0.131147
v -19.698524 -3.863105 0.131147
v -19.698524 -3.057558 0.131147
v -19.698524 -2.252010 0.131147
v -19.698524 -1.446463 0.131147
v -19.698524 -0.640915 0.131147
v -19.698524 0.164633 0.131147
v -19.698524 0.970180 0.131147
v -19.698524 1.775728 0.131147
v -19.698524 2.581276 0.131147
v -19.698524 3.386823 0.131147
v -19.698524 4.192371 0.131147
v -19.698524 4.997919 0.131147
v -19.698524 5.803466 0.131147
v -19.698524 6.609014 0.131147
v -19.698524 7.414561 0.131147
v -19.698524 8.220109 0.131147
v -19.698524 9.025657 0.131147
v -19.698524 9.831204 0.131147
v -19.698524 10.636752 0.131147
v -19.698524 11.442300 0.131147
v -19.698524 12.247847 0.131147
v -19.698524 13.053395 0.131147
v -19.698524 13.858942 0.131147
v -19.698524 14.664491 0.131147
v -19.698524 15.470037 0.131147
v -19.698524 16.275585 0.131147
v -19.698524 17.081131 0.131147
v -19.698524 17.886681 0.131147
v -19.698524 18.692230 0.131147
v -19.698524 19.497776 0.131147
v -18.891163 -19.974056 0.131147
v -18.891163 -19.168510 0.131147
v -18.891163 -18.362965 0.131147
v -18.891163 -17.557415 0.131147
v -18.891163 -16.751865 0.131147
v -18.891163 -15.946320 0.131147
v -18.891163 -15.140773 0.131147
v -18.891163 -14.335224 0.131147
v -18.891163 -13.529677 0.131147
v -18.891163 -12.724129 0.131147
v -18.891163 -11.918582 0.131147
v -18.891163 -11.113034 0.131147
v -18.891163 -10.307487 0.131147
v -18.891163 -9.501939 0.131147
v -18.891163 -8.696391 0.131147
v -18.891163 -7.890843 0.131147
v -18.891163 -7.085296 0.131147
v -18.891163 -6.279748 0.131147
v -18.891163 -5.474201 0.131147
v -18.891163 -4.668653 0.131147
v -18.891163 -3.863105 0.131147
v -18.891163 -3.057558 0.131147
v -18.891163 -2.252010 0.131147
v -18.891163 -1.446463 0.131147
v -18.891163 -0.640915 0.131147
v -18.891163 0.164633 0.131147
v -18.891163 0.970180 0.131147
v -18.891163 1.775728 0.131147
v -18.891163 2.581276 0.131147
v -18.891163 3.386823 0.131147
v -18.891163 4.192371 0.131147
v -18.891163 4.997919 0.131147
v -18.891163 5.803466 0.131147
v -18.891163 6.609014 0.131147
v -18.891163 7.414561 0.131147
v -18.891163 8.220109 0.131147
v -18.891163 9.025657 0.131147
v -18.891163 9.831204 0.131147
v -18.891163 10.636752 0.131147
v -18.891163 11.442300 0.131147
v -18.891163 12.247847 0.131147
v -18.891163 13.053395 0.131147
v -18.891163 13.858942 0.131147
v -18.891163 14.664491 0.131147
v -18.891163 15.470037 0.131147
v -18.891163 16.275585 0.131147
v -18.891163 17.081131 0.131147
v -18.891163 17.886681 0.131147
v -18.891163 18.692230 0.131147
v -18.891163 19.497776 0.131147
v -18.083801 -19.974056 0.131147
v -18.083801 -19.168510 0.131147
v -18.083801 -18.362965 0.131147
v -18.083801 -17.557415 0.131147
v -18.083801 -16.751865 0.131147
v -18.083801 -15.946320 0.131147
v -18.083801 -15.140773 0.131147
v -18.083801 -14.335224 0.131147
v -18.083801 -13.529677 0.131147
v -18.083801 -12.724129 0.131147
v -18.083801 -11.918582 0.131147
v -18.083801 -11.113034 0.131147
v -18.083801 -10.307487 0.131147
v -18.083801 -9.501939 0.131147
v -18.083801 -8.696391 0.131147
v -18.083801 -7.890843 0.131147
v -18.083801 -7.085296 0.131147
v -18.083801 -6.279748 0.131147
v -18.083801 -5.474201 0.131147
v -18.083801 -4.668653 0.131147
v -18.083801 -3.863105 0.131147
v -18.083801 -3.057558 0.131147
v -18.083801 -2.252010 0.131147
v -18.083801 -1.446463 0.131147
v -18.083801 -0.640915 0.131147
v -18.083801 0.164633 0.131147
v -18.083801 0.970180 0.131147
v -18.083801 1.775728 0.131147
v -18.083801 2.581276 0.131147
v -18.083801 3.386823 0.131147
v -18.083801 4.192371 0.131147
v -18.083801 4.997919 0.131147
v -18.083801 5.803466 0.131147
v -18.083801 6.609014 0.131147
v -18.083801 7.414561 0.131147
v -18.083801 8.220109 0.131147
v -18.083801 9.025657 0.131147
v -18.083801 9.831204 0.131147
v -18.083801 10.636752 0.131147
v -18.083801 11.442300 0.131147
v -18.083801 12.247847 0.131147
v -18.083801 13.053395 0.131147
v -18.083801 13.858942 0.131147
v -18.083801 14.664491 0.131147
v -18.083801 15.470037 0.131147
v -18.083801 16.275585 0.131147
v -18.083801 17.081131 0.131147
v -18.083801 17.886681 0.131147
v -18.083801 18.692230 0.131147
v -18.083801 19.497776 0.131147
v -17.276440 -19.974056 0.131147
v -17.276440 -19.168510 0.131147
v -17.276440 -18.362965 0.131147
v -17.276440 -17.557415 0.131147
v -17.276440 -16.751865 0.131147
v -17.276440 -15.946320 0.131147
v -17.276440 -15.140773 0.131147
v -17.276440 -14.335224 0.131147
v -17.276440 -13.529677 0.131147
v -17.276440 -12.724129 0.131147
v -17.276440 -11.918582 0.131147
v -17.276440 -11.113034 0.131147
v -17.276440 -10.307487 0.131147
v -17.276440 -9.501939 0.131147
v -17.276440 -8.696391 0.131147
v -17.276440 -7.890843 0.131147
v -17.276440 -7.085296 0.131147
v -17.276440 -6.279748 0.131147
v -17.276440 -5.474201 0.131147
v -17.276440 -4.668653 0.131147
v -17.276440 -3.863105 0.131147
v -17.276440 -3.057558 0.131147
v -17.276440 -2.252010 0.131147
v -17.276440 -1.446463 0.131147
v -17.276440 -0.640915 0.131147
v -17.276440 0.164633 0.131147
v -17.276440 0.970180 0.131147
v -17.276440 1.775728 0.131147
v -17.276440 2.581276 0.131147
v -17.276440 3.386823 0.131147
v -17.276440 4.192371 0.131147
v -17.276440 4.997919 0.131147
v -17.276440 5.803466 0.131147
v -17.276440 6.609014 0.131147
v -17.276440 7.414561 0.131147
v -17.276440 8.220109 0.131147
v -17.276440 9.025657 0.131147
v -17.276440 9.831204 0.131147
v -17.276440 10.636752 0.131147
v -17.276440 11.442300 0.131147
v -17.276440 12.247847 0.131147
v -17.276440 13.053395 0.131147
v -17.276440 13.858942 0.131147
v -17.276440 14.664491 0.131147
v -17.276440 15.470037 0.131147
v -17.276440 16.275585 0.131147
v -17.276440 17.081131 0.131147
v -17.276440 17.886681 0.131147
v -17.276440 18.692230 0.131147
v -17.276440 19.497776 0.131147
v -16.469078 -19.974056 0.131147
v -16.469078 -19.168510 0.131147
v -16.469078 -18.362965 0.131147
v -16.469078 -17.557415 0.131147
v -16.469078 -16.751865 0.131147
v -16.469078 -15.946320 0.131147
v -16.469078 -15.140773 0.131147
v -16.469078 -14.335224 0.131147
v -16.469078 -13.529677 0.131147
v -16.469078 -12.724129 0.131147
v -16.469078 -11.918582 0.131147
v -16.469078 -11.113034 0.131147
v -16.469078 -10.307487 0.131147
v -16.469078 -9.501939 0.131147
v -16.469078 -8.696391 0.131147
v -16.469078 -7.890843 0.131147
v -16.469078 -7.085296 0.131147
v -16.469078 -6.279748 0.131147
v -16.469078 -5.474201 0.131147
v -16.469078 -4.668653 0.131147
v -16.469078 -3.863105 0.131147
v -16.469078 -3.057558 0.131147
v -16.469078 -2.252010 0.131147
v -16.469078 -1.446463 0.131147
v -16.469078 -0.640915 0.131147
v -16.469078 0.164633 0.131147
v -16.469078 0.970180 0.131147
v -16.469078 1.775728 0.131147
v -16.469078 2.581276 0.131147
v -16.469078 3.386823 0.131147
v -16.469078 4.192371 0.131147
v -16.469078 4.997919 0.131147
v -16.469078 5.803466 0.131147
v -16.469078 6.609014 0.131147
v -16.469078 7.414561 0.131147
v -16.469078 8.220109 0.131147
v -16.469078 9.025657 0.131147
v -16.469078 9.831204 0.131147
v -16.469078 10.636752 0.131147
v -16.469078 11.442300 0.131147
v -16.469078 12.247847 0.131147
v -16.469078 13.053395 0.131147
v -16.469078 13.858942 0.131147
v -16.469078 14.664491 0.131147
v -16.469078 15.470037 0.131147
v -16.469078 16.275585 0.131147
v -16.469078 17.081131 0.131147
v -16.469078 17.886681 0.131147
v -16.469078 18.692230 0.131147
v -16.469078 19.497776 0.131147
v -15.661716 -19.974056 0.131147
v -15.661716 -19.168510 0.131147
v -15.661716 -18.362965 0.131147
v -15.661716 -17.557415 0.131147
v -15.661716 -16.751865 0.131147
v -15.661716 -15.946320 0.131147
v -15.661716 -15.140773 0.131147
v -15.661716 -14.335224 0.131147
v -15.661716 -13.529677 0.131147
v -15.661716 -12.724129 0.131147
v -15.661716 -11.918582 0.131147
v -15.661716 -11.113034 0.131147
v -15.661716 -10.307487 0.131147
v -15.661716 -9.501939 0.131147
v -15.661716 -8.696391 0.131147
v -15.661716 -7.890843 0.131147
v -15.661716 -7.085296 0.131147
v -15.661716 -6.279748 0.131147
v -15.661716 -5.474201 0.131147
v -15.661716 -4.668653 0.131147
v -15.661716 -3.863105 0.131147
v -15.661716 -3.057558 0.131147
v -15.661716 -2.252010 0.131147
v -15.661716 -1.446463 0.131147
v -15.661716 -0.640915 0.131147
v -15.661716 0.164633 0.131147
v -15.661716 0.970180 0.131147
v -15.661716 1.775728 0.131147
v -15.661716 2.581276 0.131147
v -15.661716 3.386823 0.131147
v -15.661716 4.192371 0.131147
v -15.661716 4.997919 0.131147
v -15.661716 5.803466 0.131147
v -15.661716 6.609014 0.131147
v -15.661716 7.414561 0.131147
v -15.661716 8.220109 0.131147
v -15.661716 9.025657 0.131147
v -15.661716 9.831204 0.131147
v -15.661716 10.636752 0.131147
v -15.661716 11.442300 0.131147
v -15.661716 12.247847 0.131147
v -15.661716 13.053395 0.131147
v -15.661716 13.858942 0.131147
v -15.661716 14.664491 0.131147
v -15.661716 15.470037 0.131147
v -15.661716 16.275585 0.131147
v -15.661716 17.081131 0.131147
v -15.661716 17.886681 0.131147
v -15.661716 18.692230 0.131147
v -15.661716 19.497776 0.131147
v -14.854354 -19.974056 0.131147
v -14.854354 -19.168510 0.131147
v -14.854354 -18.362965 0.131147
v -14.854354 -17.557415 0.131147
v -14.854354 -16.751865 0.131147
v -14.854354 -15.946320 0.131147
v -14.854354 -15.140773 0.131147
v -14.854354 -14.335224 0.131147
v -14.854354 -13.529677 0.131147
v -14.854354 -12.724129 0.131147
v -14.854354 -11.918582 0.131147
v -14.854354 -11.113034 0.131147
v -14.854354 -10.307487 0.131147
v -14.854354 -9.501939 0.131147
v -14.854354 -8.696391 0.131147
v -14.854354 -7.890843 0.131147
v -14.854354 -7.085296 0.131147
v -14.854354 -6.279748 0.131147
v -14.854354 -5.474201 0.131147
v -14.854354 -4.668653 0.131147
v -14.854354 -3.863105 0.131147
v -14.854354 -3.057558 0.131147
v -14.854354 -2.252010 0.131147
v -14.854354 -1.446463 0.131147
v -14.854354 -0.640915 0.131147
v -14.854354 0.164633 0.131147
v -14.854354 0.970180 0.131147
v -14.854354 1.775728 0.131147
v -14.854354 2.581276 0.131147
v -14.854354 3.386823 0.131147
v -14.854354 4.192371 0.131147
v -14.854354 4.997919 0.131147
v -14.854354 5.803466 0.131147
v -14.854354 6.609014 0.131147
v -14.854354 7.414561 0.131147
v -14.854354 8.220109 0.131147
v -14.854354 9.025657 0.131147
v -14.854354 9.831204 0.131147
v -14.854354 10.636752 0.131147
v -14.854354 11.442300 0.131147
v -14.854354 12.247847 0.131147
v -14.854354 13.053395 0.131147
v -14.854354 13.858942 0.131147
v -14.854354 14.664491 0.131147
v -14.854354 15.470037 0.131147
v -14.854354 16.275585 0.131147
v -14.854354 17.081131 0.131147
v -14.854354 17.886681 0.131147
v -14.854354 18.692230 0.131147
v -14.854354 19.497776 0.131147
v -14.046991 -19.974056 0.131147
v -14.046991 -19.168510 0.131147
v -14.046991 -18.362965 0.131147
v -14.046991 -17.557415 0.131147
v -14.046991 -16.751865 0.131147
v -14.046991 -15.946320 0.131147
v -14.046991 -15.140773 0.131147
v -14.046991 -14.335224 0.131147
v -14.046991 -13.529677 0.131147
v -14.046991 -12.724129 0.131147
v -14.046991 -11.918582 0.131147
v -14.046991 -11.113034 0.131147
v -14.046991 -10.307487 0.131147
v -14.046991 -9.501939 0.131147
v -14.046991 -8.696391 0.131147
v -14.046991 -7.890843 0.131147
v -14.046991 -7.085296 0.131147
v -14.046991 -6.279748 0.131147
v -14.046991 -5.474201 0.131147
v -14.046991 -4.668653 0.131147
v -14.046991 -3.863105 0.131147
v -14.046991 -3.057558 0.131147
v -14.046991 -2.252010 0.131147
v -14.046991 -1.446463 0.131147
v -14.046991 -0.640915 0.131147
v -14.046991 0.164633 0.131147
v -14.046991 0.970180 0.131147
v -14.046991 1.775728 0.131147
v -14.046991 2.581276 0.131147
v -14.046991 3.386823 0.131147
v -14.046991 4.192371 0.131147
v -14.046991 4.997919 0.131147
v -14.046991 5.803466 0.131147
v -14.046991 6.609014 0.131147
v -14.046991 7.414561 0.131147
v -14.046991 8.220109 0.131147
v -14.046991 9.025657 0.131147
v -14.046991 9.831204 0.131147
v -14.046991 10.636752 0.131147
v -14.046991 11.442300 0.131147
v -14.046991 12.247847 0.131147
v -14.046991 13.053395 0.131147
v -14.046991 13.858942 0.131147
v -14.046991 14.664491 0.131147
v -14.046991 15.470037 0.131147
v -14.046991 16.275585 0.131147
v -14.046991 17.081131 0.131147
v -14.046991 17.886681 0.131147
v -14.046991 18.692230 0.131147
v -14.046991 19.497776 0.131147
v -13.239631 -19.974056 0.131147
v -13.239631 -19.168510 0.131147
v -13.239631 -18.362965 0.131147
v -13.239631 -17.557415 0.131147
v -13.239631 -16.751865 0.131147
v -13.239631 -15.946320 0.131147
v -13.239631 -15.140773 0.131147
v -13.239631 -14.335224 0.131147
v -13.239631 -13.529677 0.131147
v -13.239631 -12.724129 0.131147
v -13.239631 -11.918582 0.131147
v -13.239631 -11.113034 0.131147
v -13.239631 -10.307487 0.131147
v -13.239631 -9.501939 0.131147
v -13.239631 -8.696391 0.131147
v -13.239631 -7.890843 0.131147
v -13.239631 -7.085296 0.131147
v -13.239631 -6.279748 0.131147
v -13.239631 -5.474201 0.131147
v -13.239631 -4.668653 0.131147
v -13.239631 -3.863105 0.131147
v -13.239631 -3.057558 0.131147
v -13.239631 -2.252010 0.131147
v -13.239631 -1.446463 0.131147
v -13.239631 -0.640915 0.131147
v -13.239631 0.164633 0.131147
v -13.239631 0.970180 0.131147
v -13.239631 1.775728 0.131147
v -13.239631 2.581276 0.131147
v -13.239631 3.386823 0.131147
v -13.239631 4.192371 0.131147
v -13.239631 4.997919 0.131147
v -13.239631 5.803466 0.131147
v -13.239631 6.609014 0.131147
v -13.239631 7.414561 0.131147
v -13.239631 8.220109 0.131147
v -13.239631 9.025657 0.131147
v -13.239631 9.831204 0.131147
v -13.239631 10.636752 0.131147
v -13.239631 11.442300 0.131147
v -13.239631 12.247847 0.131147
v -13.239631 13.053395 0.131147
v -13.239631 13.858942 0.131147
v -13.239631 14.664491 0.131147
v -13.239631 15.470037 0.131147
v -13.239631 16.275585 0.131147
v -13.239631 17.081131 0.131147
v -13.239631 17.886681 0.131147
v -13.239631 18.692230 0.131147
v -13.239631 19.497776 0.131147
v -12.432268 -19.974056 0.131147
v -12.432268 -19.168510 0.131147
v -12.432268 -18.362965 0.131147
v -12.432268 -17.557415 0.131147
v -12.432268 -16.751865 0.131147
v -12.432268 -15.946320 0.131147
v -12.432268 -15.140773 0.131147
v -12.432268 -14.335224 0.131147
v -12.432268 -13.529677 0.131147
v -12.432268 -12.724129 0.131147
v -12.432268 -11.918582 0.131147
v -12.432268 -11.113034 0.131147
v -12.432268 -10.307487 0.131147
v -12.432268 -9.501939 0.131147
v -12.432268 -8.696391 0.131147
v -12.432268 -7.890843 0.131147
v -12.432268 -7.085296 0.131147
v -12.432268 -6.279748 0.131147
v -12.432268 -5.474201 0.131147
v -12.432268 -4.668653 0.131147
v -12.432268 -3.863105 0.131147
v -12.432268 -3.057558 0.131147
v -12.432268 -2.252010 0.131147
v -12.432268 -1.446463 0.131147
v -12.432268 -0.640915 0.131147
v -12.432268 0.164633 0.131147
v -12.432268 0.970180 0.131147
v -12.432268 1.775728 0.131147
v -12.432268 2.581276 0.131147
v -12.432268 3.386823 0.131147
v -12.432268 4.192371 0.131147
v -12.432268 4.997919 0.131147
v -12.432268 5.803466 0.131147
v -12.432268 6.609014 0.131147
v -12.432268 7.414561 0.131147
v -12.432268 8.220109 0.131147
v -12.432268 9.025657 0.131147
v -12.432268 9.831204 0.131147
v -12.432268 10.636752 0.131147
v -12.432268 11.442300 0.131147
v -12.432268 12.247847 0.131147
v -12.432268 13.053395 0.131147
v -12.432268 13.858942 0.131147
v -12.432268 14.664491 0.131147
v -12.432268 15.470037 0.131147
v -12.432268 16.275585 0.131147
v -12.432268 17.081131 0.131147
v -12.432268 17.886681 0.131147
v -12.432268 18.692230 0.131147
v -12.432268 19.497776 0.131147
v -11.624907 -19.974056 0.131147
v -11.624907 -19.168510 0.131147
v -11.624907 -18.362965 0.131147
v -11.624907 -17.557415 0.131147
v -11.624907 -16.751865 0.131147
v -11.624907 -15.946320 0.131147
v -11.624907 -15.140773 0.131147
v -11.624907 -14.335224 0.131147
v -11.624907 -13.529677 0.131147
v -11.624907 -12.724129 0.131147
v -11.624907 -11.918582 0.131147
v -11.624907 -11.113034 0.131147
v -11.624907 -10.307487 0.131147
v -11.624907 -9.501939 0.131147
v -11.624907 -8.696391 0.131147
v -11.624907 -7.890843 0.131147
v -11.624907 -7.085296 0.131147
v -11.624907 -6.279748 0.131147
v -11.624907 -5.474201 0.131147
v -11.624907 -4.668653 0.131147
v -11.624907 -3.863105 0.131147
v -11.624907 -3.057558 0.131147
v -11.624907 -2.252010 0.131147
v -11.624907 -1.446463 0.131147
v -11.624907 -0.640915 0.131147
v -11.624907 0.164633 0.131147
v -11.624907 0.970180 0.131147
v -11.624907 1.775728 0.131147
v -11.624907 2.581276 0.131147
v -11.624907 3.386823 0.131147
v -11.624907 4.192371 0.131147
v -11.624907 4.997919 0.131147
v -11.624907 5.803466 0.131147
v -11.624907 6.609014 0.131147
v -11.624907 7.414561 0.131147
v -11.624907 8.220109 0.131147
v -11.624907 9.025657 0.131147
v -11.624907 9.831204 0.131147
v -11.624907 10.636752 0.131147
v -11.624907 11.442300 0.131147
v -11.624907 12.247847 0.131147
v -11.624907 13.053395 0.131147
v -11.624907 13.858942 0.131147
v -11.624907 14.664491 0.131147
v -11.624907 15.470037 0.131147
v -11.624907 16.275585 0.131147
v -11.624907 17.081131 0.131147
v -11.624907 17.886681 0.131147
v -11.624907 18.692230 0.131147
v -11.624907 19.497776 0.131147
v -10.817545 -19.974056 0.131147
v -10.817545 -19.168510 0.131147
v -10.817545 -18.362965 0.131147
v -10.817545 -17.557415 0.131147
v -10.817545 -16.751865 0.131147
v -10.817545 -15.946320 0.131147
v -10.817545 -15.140773 0.131147
v -10.817545 -14.335224 0.131147
v -10.817545 -13.529677 0.131147
v -10.817545 -12.724129 0.131147
v -10.817545 -11.918582 0.131147
v -10.817545 -11.113034 0.131147
v -10.817545 -10.307487 0.131147
v -10.817545 -9.501939 0.131147
v -10.817545 -8.696391 0.131147
v -10.817545 -7.890843 0.131147
v -10.817545 -7.085296 0.131147
v -10.817545 -6.279748 0.131147
v -10.817545 -5.474201 0.131147
v -10.817545 -4.668653 0.131147
v -10.817545 -3.863105 0.131147
v -10.817545 -3.057558 0.131147
v -10.817545 -2.252010 0.131147
v -10.817545 -1.446463 0.131147
v -10.817545 -0.640915 0.131147
v -10.817545 0.164633 0.131147
v -10.817545 0.970180 0.131147
v -10.817545 1.775728 0.131147
v -10.817545 2.581276 0.131147
v -10.817545 3.386823 0.131147
v -10.817545 4.192371 0.131147
v -10.817545 4.997919 0.131147
v -10.817545 5.803466 0.131147
v -10.817545 6.609014 0.131147
v -10.817545 7.414561 0.131147
v -10.817545 8.220109 0.131147
v -10.817545 9.025657 0.131147
v -10.817545 9.831204 0.131147
v -10.817545 10.636752 0.131147
v -10.817545 11.442300 0.131147
v -10.817545 12.247847 0.131147
v -10.817545 13.053395 0.131147
v -10.817545 13.858942 0.131147
v -10.817545 14.664491 0.131147
v -10.817545 15.470037 0.131147
v -10.817545 16.275585 0.131147
v -10.817545 17.081131 0.131147
v -10.817545 17.886681 0.131147
v -10.817545 18.692230 0.131147
v -10.817545 19.497776 0.131147
v -10.010182 -19.974056 0.131147
v -10.010182 -19.168510 0.131147
v -10.010182 -18.362965 0.131147
v -10.010182 -17.557415 0.131147
v -10.010182 -16.751865 0.131147
v -10.010182 -15.946320 0.131147
v -10.010182 -15.140773 0.131147
v -10.010182 -14.335224 0.131147
v -10.010182 -13.529677 0.131147
v -10.010182 -12.724129 0.131147
v -10.010182 -11.918582 0.131147
v -10.010182 -11.113034 0.131147
v -10.010182 -10.307487 0.131147
v -10.010182 -9.501939 0.131147
v -10.010182 -8.696391 0.131147
v -10.010182 -7.890843 0.131147
v -10.010182 -7.085296 0.131147
v -10.010182 -6.279748 0.131147
v -10.010182 -5.474201 0.131147
v -10.010182 -4.668653 0.131147
v -10.010182 -3.863105 0.131147
v -10.010182 -3.057558 0.131147
v -10.010182 -2.252010 0.131147
v -10.010182 -1.446463 0.131147
v -10.010182 -0.640915 0.131147
v -10.010182 0.164633 0.131147
v -10.010182 0.970180 0.131147
v -10.010182 1.775728 0.131147
v -10.010182 2.581276 0.131147
v -10.010182 3.386823 0.131147
v -10.010182 4.192371 0.131147
v -10.010182 4.997919 0.131147
v -10.010182 5.803466 0.131147
v -10.010182 6.609014 0.131147
v -10.010182 7.414561 0.131147
v -10.010182 8.220109 0.131147
v -10.010182 9.025657 0.131147
v -10.010182 9.831204 0.131147
v -10.010182 10.636752 0.131147
v -10.010182 11.442300 0.131147
v -10.010182 12.247847 0.131147
v -10.010182 13.053395 0.131147
v -10.010182 13.858942 0.131147
v -10.010182 14.664491 0.131147
v -10.010182 15.470037 0.131147
v -10.010182 16.275585 0.131147
v -10.010182 17.081131 0.131147
v -10.010182 17.886681 0.131147
v -10.010182 18.692230 0.131147
v -10.010182 19.497776 0.131147
v -9.202822 -19.974056 0.131147
v -9.202822 -19.168510 0.131147
v -9.202822 -18.362965 0.131147
v -9.202822 -17.557415 0.131147
v -9.202822 -16.751865 0.131147
v -9.202822 -15.946320 0.131147
v -9.202822 -15.140773 0.131147
v -9.202822 -14.335224 0.131147
v -9.202822 -13.529677 0.131147
v -9.202822 -12.724129 0.131147
v -9.202822 -11.918582 0.131147
v -9.202822 -11.113034 0.131147
v -9.202822 -10.307487 0.131147
v -9.202822 -9.501939 0.131147
v -9.202822 -8.696391 0.131147
v -9.202822 -7.890843 0.131147
v -9.202822 -7.085296 0.131147
v -9.202822 -6.279748 0.131147
v -9.202822 -5.474201 0.131147
v -9.202822 -4.668653 0.131147
v -9.202822 -3.863105 0.131147
v -9.202822 -3.057558 0.131147
v -9.202822 -2.252010 0.131147
v -9.202822 -1.446463 0.131147
v -9.202822 -0.640915 0.131147
v -9.202822 0.164633 0.131147
v -9.202822 0.970180 0.131147
v -9.202822 1.775728 0.131147
v -9.202822 2.581276 0.131147
v -9.202822 3.386823 0.131147
v -9.202822 4.192371 0.131147
v -9.202822 4.997919 0.131147
v -9.202822 5.803466 0.131147
v -9.202822 6.609014 0.131147
v -9.202822 7.414561 0.131147
v -9.202822 8.220109 0.131147
v -9.202822 9.025657 0.131147
v -9.202822 9.831204 0.131147
v -9.202822 10.636752 0.131147
v -9.202822 11.442300 0.131147
v -9.202822 12.247847 0.131147
v -9.202822 13.053395 0.131147
v -9.202822 13.858942 0.131147
v -9.202822 14.664491 0.131147
v -9.202822 15.470037 0.131147
v -9.202822 16.275585 0.131147
v -9.202822 17.081131 0.131147
v -9.202822 17.886681 0.131147
v -9.202822 18.692230 0.131147
v -9.202822 19.497776 0.131147
v -8.395459 -19.974056 0.131147
v -8.395459 -19.168510 0.131147
v -8.395459 -18.362965 0.131147
v -8.395459 -17.557415 0.131147
v -8.395459 -16.751865 0.131147
v -8.395459 -15.946320 0.131147
v -8.395459 -15.140773 0.131147
v -8.395459 -14.335224 0.131147
v -8.395459 -13.529677 0.131147
v -8.395459 -12.724129 0.131147
v -8.395459 -11.918582 0.131147
v -8.395459 -11.113034 0.131147
v -8.395459 -10.307487 0.131147
v -8.395459 -9.501939 0.131147
v -8.395459 -8.696391 0.131147
v -8.395459 -7.890843 0.131147
v -8.395459 -7.085296 0.131147
v -8.395459 -6.279748 0.131147
v -8.395459 -5.474201 0.131147
v -8.395459 -4.668653 0.131147
v -8.395459 -3.863105 0.131147
v -8.395459 -3.057558 0.131147
v -8.395459 -2.252010 0.131147
v -8.395459 -1.446463 0.131147
v -8.395459 -0.640915 0.131147
v -8.395459 0.164633 0.131147
v -8.395459 0.970180 0.131147
v -8.395459 1.775728 0.131147
v -8.395459 2.581276 0.131147
v -8.395459 3.386823 0.131147
v -8.395459 4.192371 0.131147
v -8.395459 4.997919 0.131147
v -8.395459 5.803466 0.131147
v -8.395459 6.609014 0.131147
v -8.395459 7.414561 0.131147
v -8.395459 8.220109 0.131147
v -8.395459 9.025657 0.131147
v -8.395459 9.831204 0.131147
v -8.395459 10.636752 0.131147
v -8.395459 11.442300 0.131147
v -8.395459 12.247847 0.131147
v -8.395459 13.053395 0.131147
v -8.395459 13.858942 0.131147
v -8.395459 14.664491 0.131147
v -8.395459 15.470037 0.131147
v -8.395459 16.275585 0.131147
v -8.395459 17.081131 0.131147
v -8.395459 17.886681 0.131147
v -8.395459 18.692230 0.131147
v -8.395459 19.497776 0.131147
v -7.588098 -19.974056 0.131147
v -7.588098 -19.168510 0.131147
v -7.588098 -18.362965 0.131147
v -7.588098 -17.557415 0.131147
v -7.588098 -16.751865 0.131147
v -7.588098 -15.946320 0.131147
v -7.588098 -15.140773 0.131147
v -7.588098 -14.335224 0.131147
v -7.588098 -13.529677 0.131147
v -7.588098 -12.724129 0.131147
v -7.588098 -11.918582 0.131147
v -7.588098 -11.113034 0.131147
v -7.588098 -10.307487 0.131147
v -7.588098 -9.501939 0.131147
v -7.588098 -8.696391 0.131147
v -7.588098 -7.890843 0.131147
v -7.588098 -7.085296 0.131147
v -7.588098 -6.279748 0.131147
v -7.588098 -5.474201 0.131147
v -7.588098 -4.668653 0.131147
v -7.588098 -3.863105 0.131147
v -7.588098 -3.057558 0.131147
v -7.588098 -2.252010 0.131147
v -7.588098 -1.446463 0.131147
v -7.588098 -0.640915 0.131147
v -7.588098 0.164633 0.131147
v -7.588098 0.970180 0.131147
v -7.588098 1.775728 0.131147
v -7.588098 2.581276 0.131147
v -7.588098 3.386823 0.131147
v -7.588098 4.192371 0.131147
v -7.588098 4.997919 0.131147
v -7.588098 5.803466 0.131147
v -7.588098 6.609014 0.131147
v -7.588098 7.414561 0.131147
v -7.588098 8.220109 0.131147
v -7.588098 9.025657 0.131147
v -7.588098 9.831204 0.131147
v -7.588098 10.636752 0.131147
v -7.588098 11.442300 0.131147
v -7.588098 12.247847 0.131147
v -7.588098 13.053395 0.131147
v -7.588098 13.858942 0.131147
v -7.588098 14.664491 0.131147
v -7.588098 15.470037 0.131147
v -7.588098 16.275585 0.131147
v -7.588098 17.081131 0.131147
v -7.588098 17.886681 0.131147
v -7.588098 18.692230 0.131147
v -7.588098 19.497776 0.131147
v -6.780736 -19.974056 0.131147
v -6.780736 -19.168510 0.131147
v -6.780736 -18.362965 0.131147
v -6.780736 -17.557415 0.131147
v -6.780736 -16.751865 0.131147
v -6.780736 -15.946320 0.131147
v -6.780736 -15.140773 0.131147
v -6.780736 -14.335224 0.131147
v -6.780736 -13.529677 0.131147
v -6.780736 -12.724129 0.131147
v -6.780736 -11.918582 0.131147
v -6.780736 -11.113034 0.131147
v -6.780736 -10.307487 0.131147
v -6.780736 -9.501939 0.131147
v -6.780736 -8.696391 0.131147
v -6.780736 -7.890843 0.131147
v -6.780736 -7.085296 0.131147
v -6.780736 -6.279748 0.131147
v -6.780736 -5.474201 0.131147
v -6.780736 -4.668653 0.131147
v -6.780736 -3.863105 0.131147
v -6.780736 -3.057558 0.131147
v -6.780736 -2.252010 0.131147
v -6.780736 -1.446463 0.131147
v -6.780736 -0.640915 0.131147
v -6.780736 0.164633 0.131147
v -6.780736 0.970180 0.131147
v -6.780736 1.775728 0.131147
v -6.780736 2.581276 0.131147
v -6.780736 3.386823 0.131147
v -6.780736 4.192371 0.131147
v -6.780736 4.997919 0.131147
v -6.780736 5.803466 0.131147
v -6.780736 6.609014 0.131147
v -6.780736 7.414561 0.131147
v -6.780736 8.220109 0.131147
v -6.780736 9.025657 0.131147
v -6.780736 9.831204 0.131147
v -6.780736 10.636752 0.131147
v -6.780736 11.442300 0.131147
v -6.780736 12.247847 0.131147
v -6.780736 13.053395 0.131147
v -6.780736 13.858942 0.131147
v -6.780736 14.664491 0.131147
v -6.780736 15.470037 0.131147
v -6.780736 16.275585 0.131147
v -6.780736 17.081131 0.131147
v -6.780736 17.886681 0.131147
v -6.780736 18.692230 0.131147
v -6.780736 19.497776 0.131147
v -5.973374 -19.974056 0.131147
v -5.973374 -19.168510 0.131147
v -5.973374 -18.362965 0.131147
v -5.973374 -17.557415 0.131147
v -5.973374 -16.751865 0.131147
v -5.973374 -15.946320 0.131147
v -5.973374 -15.140773 0.131147
v -5.973374 -14.335224 0.131147
v -5.973374 -13.529677 0.131147
v -5.973374 -12.724129 0.131147
v -5.973374 -11.918582 0.131147
v -5.973374 -11.113034 0.131147
v -5.973374 -10.307487 0.131147
v -5.973374 -9.501939 0.131147
v -5.973374 -8.696391 0.131147
v -5.973374 -7.890843 0.131147
v -5.973374 -7.085296 0.131147
v -5.973374 -6.279748 0.131147
v -5.973374 -5.474201 0.131147
v -5.973374 -4.668653 0.131147
v -5.973374 -3.863105 0.131147
v -5.973374 -3.057558 0.131147
v -5.973374 -2.252010 0.131147
v -5.973374 -1.446463 0.131147
v -5.973374 -0.640915 0.131147
v -5.973374 0.164633 0.131147
v -5.973374 0.970180 0.131147
v -5.973374 1.775728 0.131147
v -5.973374 2.581276 0.131147
v -5.973374 3.386823 0.131147
v -5.973374 4.192371 0.131147
v -5.973374 4.997919 0.131147
v -5.973374 5.803466 0.131147
v -5.973374 6.609014 0.131147
v -5.973374 7.414561 0.131147
v -5.973374 8.220109 0.131147
v -5.973374 9.025657 0.131147
v -5.973374 9.831204 0.131147
v -5.973374 10.636752 0.131147
v -5.973374 11.442300 0.131147
v -5.973374 12.247847 0.131147
v -5.973374 13.053395 0.131147
v -5.973374 13.858942 0.131147
v -5.973374 14.664491 0.131147
v -5.973374 15.470037 0.131147
v -5.973374 16.275585 0.131147
v -5.973374 17.081131 0.131147
v -5.973374 17.886681 0.131147
v -5.973374 18.692230 0.131147
v -5.973374 19.497776 0.131147
v -5.166012 -19.974056 0.131147
v -5.166012 -19.168510 0.131147
v -5.166012 -18.362965 0.131147
v -5.166012 -17.557415 0.131147
v -5.166012 -16.751865 0.131147
v -5.166012 -15.946320 0.131147
v -5.166012 -15.140773 0.131147
v -5.166012 -14.335224 0.131147
v -5.166012 -13.529677 0.131147
v -5.166012 -12.724129 0.131147
v -5.166012 -11.918582 0.131147
v -5.166012 -11.113034 0.131147
v -5.166012 -10.307487 0.131147
v -5.166012 -9.501939 0.131147
v -5.166012 -8.696391 0.131147
v -5.166012 -7.890843 0.131147
v -5.166012 -7.085296 0.131147
v -5.166012 -6.279748 0.131147
v -5.166012 -5.474201 0.131147
v -5.166012 -4.668653 0.131147
v -5.166012 -3.863105 0.131147
v -5.166012 -3.057558 0.131147
v -5.166012 -2.252010 0.131147
v -5.166012 -1.446463 0.131147
v -5.166012 -0.640915 0.131147
v -5.166012 0.164633 0.131147
v -5.166012 0.970180 0.131147
v -5.166012 1.775728 0.131147
v -5.166012 2.581276 0.131147
v -5.166012 3.386823 0.131147
v -5.166012 4.192371 0.131147
v -5.166012 4.997919 0.131147
v -5.166012 5.803466 0.131147
v -5.166012 6.609014 0.131147
v -5.166012 7.414561 0.131147
v -5.166012 8.220109 0.131147
v -5.166012 9.025657 0.131147
v -5.166012 9.831204 0.131147
v -5.166012 10.636752 0.131147
v -5.166012 11.442300 0.131147
v -5.166012 12.247847 0.131147
v -5.166012 13.053395 0.131147
v -5.166012 13.858942 0.131147
v -5.166012 14.664491 0.131147
v -5.166012 15.470037 0.131147
v -5.166012 16.275585 0.131147
v -5.166012 17.081131 0.131147
v -5.166012 17.886681 0.131147
v -5.166012 18.692230 0.131147
v -5.166012 19.497776 0.131147
v -4.358650 -19.974056 0.131147
v -4.358650 -19.168510 0.131147
v -4.358650 -18.362965 0.131147
v -4.358650 -17.557415 0.131147
v -4.358650 -16.751865 0.131147
v -4.358650 -15.946320 0.131147
v -4.358650 -15.140773 0.131147
v -4.358650 -14.335224 0.131147
v -4.358650 -13.529677 0.131147
v -4.358650 -12.724129 0.131147
v -4.358650 -11.918582 0.131147
v -4.358650 -11.113034 0.131147
v -4.358650 -10.307487 0.131147
v -4.358650 -9.501939 0.131147
v -4.358650 -8.696391 0.131147
v -4.358650 -7.890843 0.131147
v -4.358650 -7.085296 0.131147
v -4.358650 -6.279748 0.131147
v -4.358650 -5.474201 0.131147
v -4.358650 -4.668653 0.131147
v -4.358650 -3.863105 0.131147
v -4.358650 -3.057558 0.131147
v -4.358650 -2.252010 0.131147
v -4.358650 -1.446463 0.131147
v -4.358650 -0.640915 0.131147
v -4.358650 0.164633 0.131147
v -4.358650 0.970180 0.131147
v -4.358650 1.775728 0.131147
v -4.358650 2.581276 0.131147
v -4.358650 3.386823 0.131147
v -4.358650 4.192371 0.131147
v -4.358650 4.997919 0.131147
v -4.358650 5.803466 0.131147
v -4.358650 6.609014 0.131147
v -4.358650 7.414561 0.131147
v -4.358650 8.220109 0.131147
v -4.358650 9.025657 0.131147
v -4.358650 9.831204 0.131147
v -4.358650 10.636752 0.131147
v -4.358650 11.442300 0.131147
v -4.358650 12.247847 0.131147
v -4.358650 13.053395 0.131147
v -4.358650 13.858942 0.131147
v -4.358650 14.664491 0.131147
v -4.358650 15.470037 0.131147
v -4.358650 16.275585 0.131147
v -4.358650 17.081131 0.131147
v -4.358650 17.886681 0.131147
v -4.358650 18.692230 0.131147
v -4.358650 19.497776 0.131147
v -3.551288 -19.974056 0.131147
v -3.551288 -19.168510 0.131147
v -3.551288 -18.362965 0.131147
v -3.551288 -17.557415 0.131147
v -3.551288 -16.751865 0.131147
v -3.551288 -15.946320 0.131147
v -3.551288 -15.140773 0.131147
v -3.551288 -14.335224 0.131147
v -3.551288 -13.529677 0.131147
v -3.551288 -12.724129 0.131147
v -3.551288 -11.918582 0.131147
v -3.551288 -11.113034 0.131147
v -3.551288 -10.307487 0.131147
v -3.551288 -9.501939 0.131147
v -3.551288 -8.696391 0.131147
v -3.551288 -7.890843 0.131147
v -3.551288 -7.085296 0.131147
v -3.551288 -6.279748 0.131147
v -3.551288 -5.474201 0.131147
v -3.551288 -4.668653 0.131147
v -3.551288 -3.863105 0.131147
v -3.551288 -3.057558 0.131147
v -3.551288 -2.252010 0.131147
v -3.551288 -1.446463 0.131147
v -3.551288 -0.640915 0.131147
v -3.551288 0.164633 0.131147
v -3.551288 0.970180 0.131147
v -3.551288 1.775728 0.131147
v -3.551288 2.581276 0.131147
v -3.551288 3.386823 0.131147
v -3.551288 4.192371 0.131147
v -3.551288 4.997919 0.131147
v -3.551288 5.803466 0.131147
v -3.551288 6.609014 0.131147
v -3.551288 7.414561 0.131147
v -3.551288 8.220109 0.131147
v -3.551288 9.025657 0.131147
v -3.551288 9.831204 0.131147
v -3.551288 10.636752 0.131147
v -3.551288 11.442300 0.131147
v -3.551288 12.247847 0.131147
v -3.551288 13.053395 0.131147
v -3.551288 13.858942 0.131147
v -3.551288 14.664491 0.131147
v -3.551288 15.470037 0.131147
v -3.551288 16.275585 0.131147
v -3.551288 17.081131 0.131147
v -3.551288 17.886681 0.131147
v -3.551288 18.692230 0.131147
v -3.551288 19.497776 0.131147
v -2.743927 -19.974056 0.131147
v -2.743927 -19.168510 0.131147
v -2.743927 -18.362965 0.131147
v -2.743927 -17.557415 0.131147
v -2.743927 -16.751865 0.131147
v -2.743927 -15.946320 0.131147
v -2.743927 -15.140773 0.131147
v -2.743927 -14.335224 0.131147
v -2.743927 -13.529677 0.131147
v -2.743927 -12.724129 0.131147
v -2.743927 -11.918582 0.131147
v -2.743927 -11.113034 0.131147
v -2.743927 -10.307487 0.131147
v -2.743927 -9.501939 0.131147
v -2.743927 -8.696391 0.131147
v -2.743927 -7.890843 0.131147
v -2.743927 -7.085296 0.131147
v -2.743927 -6.279748 0.131147
v -2.743927 -5.474201 0.131147
v -2.743927 -4.668653 0.131147
v -2.743927 -3.863105 0.131147
v -2.743927 -3.057558 0.131147
v -2.743927 -2.252010 0.131147
v -2.743927 -1.446463 0.131147
v -2.743927 -0.640915 0.131147
v -2.743927 0.164633 0.131147
v -2.743927 0.970180 0.131147
v -2.743927 1.775728 0.131147
v -2.743927 2.581276 0.131147
v -2.743927 3.386823 0.131147
v -2.743927 4.192371 0.131147
v -2.743927 4.997919 0.131147
v -2.743927 5.803466 0.131147
v -2.743927 6.609014 0.131147
v -2.743927 7.414561 0.131147
v -2.743927 8.220109 0.131147
v -2.743927 9.025657 0.131147
v -2.743927 9.831204 0.131147
v -2.743927 10.636752 0.131147
v -2.743927 11.442300 0.131147
v -2.743927 12.247847 0.131147
v -2.743927 13.053395 0.131147
v -2.743927 13.858942 0.131147
v -2.743927 14.664491 0.131147
v -2.743927 15.470037 0.131147
v -2.743927 16.275585 0.131147
v -2.743927 17.081131 0.131147
v -2.743927 17.886681 0.131147
v -2.743927 18.692230 0.131147
v -2.743927 19.497776 0.131147
v -1.936565 -19.974056 0.131147
v -1.936565 -19.168510 0.131147
v -1.936565 -18.362965 0.131147
v -1.936565 -17.557415 0.131147
v -1.936565 -16.751865 0.131147
v -1.936565 -15.946320 0.131147
v -1.936565 -15.140773 0.131147
v -1.936565 -14.335224 0.131147
v -1.936565 -13.529677 0.131147
v -1.936565 -12.724129 0.131147
v -1.936565 -11.918582 0.131147
v -1.936565 -11.113034 0.131147
v -1.936565 -10.307487 0.131147
v -1.936565 -9.501939 0.131147
v -1.936565 -8.696391 0.131147
v -1.936565 -7.890843 0.131147
v -1.936565 -7.085296 0.131147
v -1.936565 -6.279748 0.131147
v -1.936565 -5.474201 0.131147
v -1.936565 -4.668653 0.131147
v -1.936565 -3.863105 0.131147
v -1.936565 -3.057558 0.131147
v -1.936565 -2.252010 0.131147
v -1.936565 -1.446463 0.131147
v -1.936565 -0.640915 0.131147
v -1.936565 0.164633 0.131147
v -1.936565 0.970180 0.131147
v -1.936565 1.775728 0.131147
v -1.936565 2.581276 0.131147
v -1.936565 3.386823 0.131147
v -1.936565 4.192371 0.131147
v -1.936565 4.997919 0.131147
v -1.936565 5.803466 0.131147
v -1.936565 6.609014 0.131147
v -1.936565 7.414561 0.131147
v -1.936565 8.220109 0.131147
v -1.936565 9.025657 0.131147
v -1.936565 9.831204 0.131147
v -1.936565 10.636752 0.131147
v -1.936565 11.442300 0.131147
v -1.936565 12.247847 0.131147
v -1.936565 13.053395 0.131147
v -1.936565 13.858942 0.131147
v -1.936565 14.664491 0.131147
v -1.936565 15.470037 0.131147
v -1.936565 16.275585 0.131147
v -1.936565 17.081131 0.131147
v -1.936565 17.886681 0.131147
v -1.936565 18.692230 0.131147
v -1.936565 19.497776 0.131147
v -1.129203 -19.974056 0.131147
v -1.129203 -19.168510 0.131147
v -1.129203 -18.362965 0.131147
v -1.129203 -17.557415 0.131147
v -1.129203 -16.751865 0.131147
v -1.129203 -15.946320 0.131147
v -1.129203 -15.140773 0.131147
v -1.129203 -14.335224 0.131147
v -1.129203 -13.529677 0.131147
v -1.129203 -12.724129 0.131147
v -1.129203 -11.918582 0.131147
v -1.129203 -11.113034 0.131147
v -1.129203 -10.307487 0.131147
v -1.129203 -9.501939 0.131147
v -1.129203 -8.696391 0.131147
v -1.129203 -7.890843 0.131147
v -1.129203 -7.085296 0.131147
v -1.129203 -6.279748 0.131147
v -1.129203 -5.474201 0.131147
v -1.129203 -4.668653 0.131147
v -1.129203 -3.863105 0.131147
v -1.129203 -3.057558 0.131147
v -1.129203 -2.252010 0.131147
v -1.129203 -1.446463 0.131147
v -1.129203 -0.640915 0.131147
v -1.129203 0.164633 0.131147
v -1.129203 0.970180 0.131147
v -1.129203 1.775728 0.131147
v -1.129203 2.581276 0.131147
v -1.129203 3.386823 0.131147
v -1.129203 4.192371 0.131147
v -1.129203 4.997919 0.131147
v -1.129203 5.803466 0.131147
v -1.129203 6.609014 0.131147
v -1.129203 7.414561 0.131147
v -1.129203 8.220109 0.131147
v -1.129203 9.025657 0.131147
v -1.129203 9.831204 0.131147
v -1.129203 10.636752 0.131147
v -1.129203 11.442300 0.131147
v -1.129203 12.247847 0.131147
v -1.129203 13.053395 0.131147
v -1.129203 13.858942 0.131147
v -1.129203 14.664491 0.131147
v -1.129203 15.470037 0.131147
v -1.129203 16.275585 0.131147
v -1.129203 17.081131 0.131147
v -1.129203 17.886681 0.131147
v -1.129203 18.692230 0.131147
v -1.129203 19.497776 0.131147
v -0.321841 -19.974056 0.131147
v -0.321841 -19.168510 0.131147
v -0.321841 -18.362965 0.131147
v -0.321841 -17.557415 0.131147
v -0.321841 -16.751865 0.131147
v -0.321841 -15.946320 0.131147
v -0.321841 -15.140773 0.131147
v -0.321841 -14.335224 0.131147
v -0.321841 -13.529677 0.131147
v -0.321841 -12.724129 0.131147
v -0.321841 -11.918582 0.131147
v -0.321841 -11.113034 0.131147
v -0.321841 -10.307487 0.131147
v -0.321841 -9.501939 0.131147
v -0.321841 -8.696391 0.131147
v -0.321841 -7.890843 0.131147
v -0.321841 -7.085296 0.131147
v -0.321841 -6.279748 0.131147
v -0.321841 -5.474201 0.131147
v -0.321841 -4.668653 0.131147
v -0.321841 -3.863105 0.131147
v -0.321841 -3.057558 0.131147
v -0.321841 -2.252010 0.131147
v -0.321841 -1.446463 0.131147
v -0.321841 -0.640915 0.131147
v -0.321841 0.164633 0.131147
v -0.321841 0.970180 0.131147
v -0.321841 1.775728 0.131147
v -0.321841 2.581276 0.131147
v -0.321841 3.386823 0.131147
v -0.321841 4.192371 0.131147
v -0.321841 4.997919 0.131147
v -0.321841 5.803466 0.131147
v -0.321841 6.609014 0.131147
v -0.321841 7.414561 0.131147
v -0.321841 8.220109 0.131147
v -0.321841 9.025657 0.131147
v -0.321841 9.831204 0.131147
v -0.321841 10.636752 0.131147
v -0.321841 11.442300 0.131147
v -0.321841 12.247847 0.131147
v -0.321841 13.053395 0.131147
v -0.321841 13.858942 0.131147
v -0.321841 14.664491 0.131147
v -0.321841 15.470037 0.131147
v -0.321841 16.275585 0.131147
v -0.321841 17.081131 0.131147
v -0.321841 17.886681 0.131147
v -0.321841 18.692230 0.131147
v -0.321841 19.497776 0.131147
v 0.485520 -19.974056 0.131147
v 0.485520 -19.168510 0.131147
v 0.485520 -18.362965 0.131147
v 0.485520 -17.557415 0.131147
v 0.485520 -16.751865 0.131147
v 0.485520 -15.946320 0.131147
v 0.485520 -15.140773 0.131147
v 0.485520 -14.335224 0.131147
v 0.485520 -13.529677 0.131147
v 0.485520 -12.724129 0.131147
v 0.485520 -11.918582 0.131147
v 0.485520 -11.113034 0.131147
v 0.485520 -10.307487 0.131147
v 0.485520 -9.501939 0.131147
v 0.485520 -8.696391 0.131147
v 0.485520 -7.890843 0.131147
v 0.485520 -7.085296 0.131147
v 0.485520 -6.279748 0.131147
v 0.485520 -5.474201 0.131147
v 0.485520 -4.668653 0.131147
v 0.485520 -3.863105 0.131147
v 0.485520 -3.057558 0.131147
v 0.485520 -2.252010 0.131147
v 0.485520 -1.446463 0.131147
v 0.485520 -0.640915 0.131147
v 0.485520 0.164633 0.131147
v 0.485520 0.970180 0.131147
v 0.485520 1.775728 0.131147
v 0.485520 2.581276 0.131147
v 0.485520 3.386823 0.131147
v 0.485520 4.192371 0.131147
v 0.485520 4.997919 0.131147
v 0.485520 5.803466 0.131147
v 0.485520 6.609014 0.131147
v 0.485520 7.414561 0.131147
v 0.485520 8.220109 0.131147
v 0.485520 9.025657 0.131147
v 0.485520 9.831204 0.131147
v 0.485520 10.636752 0.131147
v 0.485520 11.442300 0.131147
v 0.485520 12.247847 0.131147
v 0.485520 13.053395 0.131147
v 0.485520 13.858942 0.131147
v 0.485520 14.664491 0.131147
v 0.485520 15.470037 0.131147
v 0.485520 16.275585 0.131147
v 0.485520 17.081131 0.131147
v 0.485520 17.886681 0.131147
v 0.485520 18.692230 0.131147
v 0.485520 19.497776 0.131147
v 1.292882 -19.974056 0.131147
v 1.292882 -19.168510 0.131147
v 1.292882 -18.362965 0.131147
v 1.292882 -17.557415 0.131147
v 1.292882 -16.751865 0.131147
v 1.292882 -15.946320 0.131147
v 1.292882 -15.140773 0.131147
v 1.292882 -14.335224 0.131147
v 1.292882 -13.529677 0.131147
v 1.292882 -12.724129 0.131147
v 1.292882 -11.918582 0.131147
v 1.292882 -11.113034 0.131147
v 1.292882 -10.307487 0.131147
v 1.292882 -9.501939 0.131147
v 1.292882 -8.696391 0.131147
v 1.292882 -7.890843 0.131147
v 1.292882 -7.085296 0.131147
v 1.292882 -6.279748 0.131147
v 1.292882 -5.474201 0.131147
v 1.292882 -4.668653 0.131147
v 1.292882 -3.863105 0.131147
v 1.292882 -3.057558 0.131147
v 1.292882 -2.252010 0.131147
v 1.292882 -1.446463 0.131147
v 1.292882 -0.640915 0.131147
v 1.292882 0.164633 0.131147
v 1.292882 0.970180 0.131147
v 1.292882 1.775728 0.131147
v 1.292882 2.581276 0.131147
v 1.292882 3.386823 0.131147
v 1.292882 4.192371 0.131147
v 1.292882 4.997919 0.131147
v 1.292882 5.803466 0.131147
v 1.292882 6.609014 0.131147
v 1.292882 7.414561 0.131147
v 1.292882 8.220109 0.131147
v 1.292882 9.025657 0.131147
v 1.292882 9.831204 0.131147
v 1.292882 10.636752 0.131147
v 1.292882 11.442300 0.131147
v 1.292882 12.247847 0.131147
v 1.292882 13.053395 0.131147
v 1.292882 13.858942 0.131147
v 1.292882 14.664491 0.131147
v 1.292882 15.470037 0.131147
v 1.292882 16.275585 0.131147
v 1.292882 17.081131 0.131147
v 1.292882 17.886681 0.131147
v 1.292882 18.692230 0.131147
v 1.292882 19.497776 0.131147
v 2.100244 -19.974056 0.131147
v 2.100244 -19.168510 0.131147
v 2.100244 -18.362965 0.131147
v 2.100244 -17.557415 0.131147
v 2.100244 -16.751865 0.131147
v 2.100244 -15.946320 0.131147
v 2.100244 -15.140773 0.131147
v 2.100244 -14.335224 0.131147
v 2.100244 -13.529677 0.131147
v 2.100244 -12.724129 0.131147
v 2.100244 -11.918582 0.131147
v 2.100244 -11.113034 0.131147
v 2.100244 -10.307487 0.131147
v 2.100244 -9.501939 0.131147
v 2.100244 -8.696391 0.131147
v 2.100244 -7.890843 0.131147
v 2.100244 -7.085296 0.131147
v 2.100244 -6.279748 0.131147
v 2.100244 -5.474201 0.131147
v 2.100244 -4.668653 0.131147
v 2.100244 -3.863105 0.131147
v 2.100244 -3.057558 0.131147
v 2.100244 -2.252010 0.131147
v 2.100244 -1.446463 0.131147
v 2.100244 -0.640915 0.131147
v 2.100244 0.164633 0.131147
v 2.100244 0.970180 0.131147
v 2.100244 1.775728 0.131147
v 2.100244 2.581276 0.131147
v 2.100244 3.386823 0.131147
v 2.100244 4.192371 0.131147
v 2.100244 4.997919 0.131147
v 2.100244 5.803466 0.131147
v 2.100244 6.609014 0.131147
v 2.100244 7.414561 0.131147
v 2.100244 8.220109 0.131147
v 2.100244 9.025657 0.131147
v 2.100244 9.831204 0.131147
v 2.100244 10.636752 0.131147
v 2.100244 11.442300 0.131147
v 2.100244 12.247847 0.131147
v 2.100244 13.053395 0.131147
v 2.100244 13.858942 0.131147
v 2.100244 14.664491 0.131147
v 2.100244 15.470037 0.131147
v 2.100244 16.275585 0.131147
v 2.100244 17.081131 0.131147
v 2.100244 17.886681 0.131147
v 2.100244 18.692230 0.131147
v 2.100244 19.497776 0.131147
v 2.907606 -19.974056 0.131147
v 2.907606 -19.168510 0.131147
v 2.907606 -18.362965 0.131147
v 2.907606 -17.557415 0.131147
v 2.907606 -16.751865 0.131147
v 2.907606 -15.946320 0.131147
v 2.907606 -15.140773 0.131147
v 2.907606 -14.335224 0.131147
v 2.907606 -13.529677 0.131147
v 2.907606 -12.724129 0.131147
v 2.907606 -11.918582 0.131147
v 2.907606 -11.113034 0.131147
v 2.907606 -10.307487 0.131147
v 2.907606 -9.501939 0.131147
v 2.907606 -8.696391 0.131147
v 2.907606 -7.890843 0.131147
v 2.907606 -7.085296 0.131147
v 2.907606 -6.279748 0.131147
v 2.907606 -5.474201 0.131147
v 2.907606 -4.668653 0.131147
v 2.907606 -3.863105 0.131147
v 2.907606 -3.057558 0.131147
v 2.907606 -2.252010 0.131147
v 2.907606 -1.446463 0.131147
v 2.907606 -0.640915 0.131147
v 2.907606 0.164633 0.131147
v 2.907606 0.970180 0.131147
v 2.907606 1.775728 0.131147
v 2.907606 2.581276 0.131147
v 2.907606 3.386823 0.131147
v 2.907606 4.192371 0.131147
v 2.907606 4.997919 0.131147
v 2.907606 5.803466 0.131147
v 2.907606 6.609014 0.131147
v 2.907606 7.414561 0.131147
v 2.907606 8.220109 0.131147
v 2.907606 9.025657 0.131147
v 2.907606 9.831204 0.131147
v 2.907606 10.636752 0.131147
v 2.907606 11.442300 0.131147
v 2.907606 12.247847 0.131147
v 2.907606 13.053395 0.131147
v 2.907606 13.858942 0.131147
v 2.907606 14.664491 0.131147
v 2.907606 15.470037 0.131147
v 2.907606 16.275585 0.131147
v 2.907606 17.081131 0.131147
v 2.907606 17.886681 0.131147
v 2.907606 18.692230 0.131147
v 2.907606 19.497776 0.131147
v 3.714967 -19.974056 0.131147
v 3.714967 -19.168510 0.131147
v 3.714967 -18.362965 0.131147
v 3.714967 -17.557415 0.131147
v 3.714967 -16.751865 0.131147
v 3.714967 -15.946320 0.131147
v 3.714967 -15.140773 0.131147
v 3.714967 -14.335224 0.131147
v 3.714967 -13.529677 0.131147
v 3.714967 -12.724129 0.131147
v 3.714967 -11.918582 0.131147
v 3.714967 -11.113034 0.131147
v 3.714967 -10.307487 0.131147
v 3.714967 -9.501939 0.131147
v 3.714967 -8.696391 0.131147
v 3.714967 -7.890843 0.131147
v 3.714967 -7.085296 0.131147
v 3.714967 -6.279748 0.131147
v 3.714967 -5.474201 0.131147
v 3.714967 -4.668653 0.131147
v 3.714967 -3.863105 0.131147
v 3.714967 -3.057558 0.131147
v 3.714967 -2.252010 0.131147
v 3.714967 -1.446463 0.131147
v 3.714967 -0.640915 0.131147
v 3.714967 0.164633 0.131147
v 3.714967 0.970180 0.131147
v 3.714967 1.775728 0.131147
v 3.714967 2.581276 0.131147
v 3.714967 3.386823 0.131147
v 3.714967 4.192371 0.131147
v 3.714967 4.997919 0.131147
v 3.714967 5.803466 0.131147
v 3.714967 6.609014 0.131147
v 3.714967 7.414561 0.131147
v 3.714967 8.220109 0.131147
v 3.714967 9.025657 0.131147
v 3.714967 9.831204 0.131147
v 3.714967 10.636752 0.131147
v 3.714967 11.442300 0.131147
v 3.714967 12.247847 0.131147
v 3.714967 13.053395 0.131147
v 3.714967 13.858942 0.131147
v 3.714967 14.664491 0.131147
v 3.714967 15.470037 0.131147
v 3.714967 16.275585 0.131147
v 3.714967 17.081131 0.131147
v 3.714967 17.886681 0.131147
v 3.714967 18.692230 0.131147
v 3.714967 19.497776 0.131147
v 4.522329 -19.974056 0.131147
v 4.522329 -19.168510 0.131147
v 4.522329 -18.362965 0.131147
v 4.522329 -17.557415 0.131147
v 4.522329 -16.751865 0.131147
v 4.522329 -15.946320 0.131147
v 4.522329 -15.140773 0.131147
v 4.522329 -14.335224 0.131147
v 4.522329 -13.529677 0.131147
v 4.522329 -12.724129 0.131147
v 4.522329 -11.918582 0.131147
v 4.522329 -11.113034 0.131147
v 4.522329 -10.307487 0.131147
v 4.522329 -9.501939 0.131147
v 4.522329 -8.696391 0.131147
v 4.522329 -7.890843 0.131147
v 4.522329 -7.085296 0.131147
v 4.522329 -6.279748 0.131147
v 4.522329 -5.474201 0.131147
v 4.522329 -4.668653 0.131147
v 4.522329 -3.863105 0.131147
v 4.522329 -3.057558 0.131147
v 4.522329 -2.252010 0.131147
v 4.522329 -1.446463 0.131147
v 4.522329 -0.640915 0.131147
v 4.522329 0.164633 0.131147
v 4.522329 0.970180 0.131147
v 4.522329 1.775728 0.131147
v 4.522329 2.581276 0.131147
v 4.522329 3.386823 0.131147
v 4.522329 4.192371 0.131147
v 4.522329 4.997919 0.131147
v 4.522329 5.803466 0.131147
v 4.522329 6.609014 0.131147
v 4.522329 7.414561 0.131147
v 4.522329 8.220109 0.131147
v 4.522329 9.025657 0.131147
v 4.522329 9.831204 0.131147
v 4.522329 10.636752 0.131147
v 4.522329 11.442300 0.131147
v 4.522329 12.247847 0.131147
v 4.522329 13.053395 0.131147
v 4.522329 13.858942 0.131147
v 4.522329 14.664491 0.131147
v 4.522329 15.470037 0.131147
v 4.522329 16.275585 0.131147
v 4.522329 17.081131 0.131147
v 4.522329 17.886681 0.131147
v 4.522329 18.692230 0.131147
v 4.522329 19.497776 0.131147
v 5.329691 -19.974056 0.131147
v 5.329691 -19.168510 0.131147
v 5.329691 -18.362965 0.131147
v 5.329691 -17.557415 0.131147
v 5.329691 -16.751865 0.131147
v 5.329691 -15.946320 0.131147
v 5.329691 -15.140773 0.131147
v 5.329691 -14.335224 0.131147
v 5.329691 -13.529677 0.131147
v 5.329691 -12.724129 0.131147
v 5.329691 -11.918582 0.131147
v 5.329691 -11.113034 0.131147
v 5.329691 -10.307487 0.131147
v 5.329691 -9.501939 0.131147
v 5.329691 -8.696391 0.131147
v 5.329691 -7.890843 0.131147
v 5.329691 -7.085296 0.131147
v 5.329691 -6.279748 0.131147
v 5.329691 -5.474201 0.131147
v 5.329691 -4.668653 0.131147
v 5.329691 -3.863105 0.131147
v 5.329691 -3.057558 0.131147
v 5.329691 -2.252010 0.131147
v 5.329691 -1.446463 0.131147
v 5.329691 -0.640915 0.131147
v 5.329691 0.164633 0.131147
v 5.329691 0.970180 0.131147
v 5.329691 1.775728 0.131147
v 5.329691 2.581276 0.131147
v 5.329691 3.386823 0.131147
v 5.329691 4.192371 0.131147
v 5.329691 4.997919 0.131147
v 5.329691 5.803466 0.131147
v 5.329691 6.609014 0.131147
v 5.329691 7.414561 0.131147
v 5.329691 8.220109 0.131147
v 5.329691 9.025657 0.131147
v 5.329691 9.831204 0.131147
v 5.329691 10.636752 0.131147
v 5.329691 11.442300 0.131147
v 5.329691 12.247847 0.131147
v 5.329691 13.053395 0.131147
v 5.329691 13.858942 0.131147
v 5.329691 14.664491 0.131147
v 5.329691 15.470037 0.131147
v 5.329691 16.275585 0.131147
v 5.329691 17.081131 0.131147
v 5.329691 17.886681 0.131147
v 5.329691 18.692230 0.131147
v 5.329691 19.497776 0.131147
v 6.137053 -19.974056 0.131147
v 6.137053 -19.168510 0.131147
v 6.137053 -18.362965 0.131147
v 6.137053 -17.557415 0.131147
v 6.137053 -16.751865 0.131147
v 6.137053 -15.946320 0.131147
v 6.137053 -15.140773 0.131147
v 6.137053 -14.335224 0.131147
v 6.137053 -13.529677 0.131147
v 6.137053 -12.724129 0.131147
v 6.137053 -11.918582 0.131147
v 6.137053 -11.113034 0.131147
v 6.137053 -10.307487 0.131147
v 6.137053 -9.501939 0.131147
v 6.137053 -8.696391 0.131147
v 6.137053 -7.890843 0.131147
v 6.137053 -7.085296 0.131147
v 6.137053 -6.279748 0.131147
v 6.137053 -5.474201 0.131147
v 6.137053 -4.668653 0.131147
v 6.137053 -3.863105 0.131147
v 6.137053 -3.057558 0.131147
v 6.137053 -2.252010 0.131147
v 6.137053 -1.446463 0.131147
v 6.137053 -0.640915 0.131147
v 6.137053 0.164633 0.131147
v 6.137053 0.970180 0.131147
v 6.137053 1.775728 0.131147
v 6.137053 2.581276 0.131147
v 6.137053 3.386823 0.131147
v 6.137053 4.192371 0.131147
v 6.137053 4.997919 0.131147
v 6.137053 5.803466 0.131147
v 6.137053 6.609014 0.131147
v 6.137053 7.414561 0.131147
v 6.137053 8.220109 0.131147
v 6.137053 9.025657 0.131147
v 6.137053 9.831204 0.131147
v 6.137053 10.636752 0.131147
v 6.137053 11.442300 0.131147
v 6.137053 12.247847 0.131147
v 6.137053 13.053395 0.131147
v 6.137053 13.858942 0.131147
v 6.137053 14.664491 0.131147
v 6.137053 15.470037 0.131147
v 6.137053 16.275585 0.131147
v 6.137053 17.081131 0.131147
v 6.137053 17.886681 0.131147
v 6.137053 18.692230 0.131147
v 6.137053 19.497776 0.131147
v 6.944415 -19.974056 0.131147
v 6.944415 -19.168510 0.131147
v 6.944415 -18.362965 0.131147
v 6.944415 -17.557415 0.131147
v 6.944415 -16.751865 0.131147
v 6.944415 -15.946320 0.131147
v 6.944415 -15.140773 0.131147
v 6.944415 -14.335224 0.131147
v 6.944415 -13.529677 0.131147
v 6.944415 -12.724129 0.131147
v 6.944415 -11.918582 0.131147
v 6.944415 -11.113034 0.131147
v 6.944415 -10.307487 0.131147
v 6.944415 -9.501939 0.131147
v 6.944415 -8.696391 0.131147
v 6.944415 -7.890843 0.131147
v 6.944415 -7.085296 0.131147
v 6.944415 -6.279748 0.131147
v 6.944415 -5.474201 0.131147
v 6.944415 -4.668653 0.131147
v 6.944415 -3.863105 0.131147
v 6.944415 -3.057558 0.131147
v 6.944415 -2.252010 0.131147
v 6.944415 -1.446463 0.131147
v 6.944415 -0.640915 0.131147
v 6.944415 0.164633 0.131147
v 6.944415 0.970180 0.131147
v 6.944415 1.775728 0.131147
v 6.944415 2.581276 0.131147
v 6.944415 3.386823 0.131147
v 6.944415 4.192371 0.131147
v 6.944415 4.997919 0.131147
v 6.944415 5.803466 0.131147
v 6.944415 6.609014 0.131147
v 6.944415 7.414561 0.131147
v 6.944415 8.220109 0.131147
v 6.944415 9.025657 0.131147
v 6.944415 9.831204 0.131147
v 6.944415 10.636752 0.131147
v 6.944415 11.442300 0.131147
v 6.944415 12.247847 0.131147
v 6.944415 13.053395 0.131147
v 6.944415 13.858942 0.131147
v 6.944415 14.664491 0.131147
v 6.944415 15.470037 0.131147
v 6.944415 16.275585 0.131147
v 6.944415 17.081131 0.131147
v 6.944415 17.886681 0.131147
v 6.944415 18.692230 0.131147
v 6.944415 19.497776 0.131147
v 7.751777 -19.974056 0.131147
v 7.751777 -19.168510 0.131147
v 7.751777 -18.362965 0.131147
v 7.751777 -17.557415 0.131147
v 7.751777 -16.751865 0.131147
v 7.751777 -15.946320 0.131147
v 7.751777 -15.140773 0.131147
v 7.751777 -14.335224 0.131147
v 7.751777 -13.529677 0.131147
v 7.751777 -12.724129 0.131147
v 7.751777 -11.918582 0.131147
v 7.751777 -11.113034 0.131147
v 7.751777 -10.307487 0.131147
v 7.751777 -9.501939 0.131147
v 7.751777 -8.696391 0.131147
v 7.751777 -7.890843 0.131147
v 7.751777 -7.085296 0.131147
v 7.751777 -6.279748 0.131147
v 7.751777 -5.474201 0.131147
v 7.751777 -4.668653 0.131147
v 7.751777 -3.863105 0.131147
v 7.751777 -3.057558 0.131147
v 7.751777 -2.252010 0.131147
v 7.751777 -1.446463 0.131147
v 7.751777 -0.640915 0.131147
v 7.751777 0.164633 0.131147
v 7.751777 0.970180 0.131147
v 7.751777 1.775728 0.131147
v 7.751777 2.581276 0.131147
v 7.751777 3.386823 0.131147
v 7.751777 4.192371 0.131147
v 7.751777 4.997919 0.131147
v 7.751777 5.803466 0.131147
v 7.751777 6.609014 0.131147
v 7.751777 7.414561 0.131147
v 7.751777 8.220109 0.131147
v 7.751777 9.025657 0.131147
v 7.751777 9.831204 0.131147
v 7.751777 10.636752 0.131147
v 7.751777 11.442300 0.131147
v 7.751777 12.247847 0.131147
v 7.751777 13.053395 0.131147
v 7.751777 13.858942 0.131147
v 7.751777 14.664491 0.131147
v 7.751777 15.470037 0.131147
v 7.751777 16.275585 0.131147
v 7.751777 17.081131 0.131147
v 7.751777 17.886681 0.131147
v 7.751777 18.692230 0.131147
v 7.751777 19.497776 0.131147
v 8.559138 -19.974056 0.131147
v 8.559138 -19.168510 0.131147
v 8.559138 -18.362965 0.131147
v 8.559138 -17.557415 0.131147
v 8.559138 -16.751865 0.131147
v 8.559138 -15.946320 0.131147
v 8.559138 -15.140773 0.131147
v 8.559138 -14.335224 0.131147
v 8.559138 -13.529677 0.131147
v 8.559138 -12.724129 0.131147
v 8.559138 -11.918582 0.131147
v 8.559138 -11.113034 0.131147
v 8.559138 -10.307487 0.131147
v 8.559138 -9.501939 0.131147
v 8.559138 -8.696391 0.131147
v 8.559138 -7.890843 0.131147
v 8.559138 -7.085296 0.131147
v 8.559138 -6.279748 0.131147
v 8.559138 -5.474201 0.131147
v 8.559138 -4.668653 0.131147
v 8.559138 -3.863105 0.131147
v 8.559138 -3.057558 0.131147
v 8.559138 -2.252010 0.131147
v 8.559138 -1.446463 0.131147
v 8.559138 -0.640915 0.131147
v 8.559138 0.164633 0.131147
v 8.559138 0.970180 0.131147
v 8.559138 1.775728 0.131147
v 8.559138 2.581276 0.131147
v 8.559138 3.386823 0.131147
v 8.559138 4.192371 0.131147
v 8.559138 4.997919 0.131147
v 8.559138 5.803466 0.131147
v 8.559138 6.609014 0.131147
v 8.559138 7.414561 0.131147
v 8.559138 8.220109 0.131147
v 8.559138 9.025657 0.131147
v 8.559138 9.831204 0.131147
v 8.559138 10.636752 0.131147
v 8.559138 11.442300 0.131147
v 8.559138 12.247847 0.131147
v 8.559138 13.053395 0.131147
v 8.559138 13.858942 0.131147
v 8.559138 14.664491 0.131147
v 8.559138 15.470037 0.131147
v 8.559138 16.275585 0.131147
v 8.559138 17.081131 0.131147
v 8.559138 17.886681 0.131147
v 8.559138 18.692230 0.131147
v 8.559138 19.497776 0.131147
v 9.366501 -19.974056 0.131147
v 9.366501 -19.168510 0.131147
v 9.366501 -18.362965 0.131147
v 9.366501 -17.557415 0.131147
v 9.366501 -16.751865 0.131147
v 9.366501 -15.946320 0.131147
v 9.366501 -15.140773 0.131147
v 9.366501 -14.335224 0.131147
v 9.366501 -13.529677 0.131147
v 9.366501 -12.724129 0.131147
v 9.366501 -11.918582 0.131147
v 9.366501 -11.113034 0.131147
v 9.366501 -10.307487 0.131147
v 9.366501 -9.501939 0.131147
v 9.366501 -8.696391 0.131147
v 9.366501 -7.890843 0.131147
v 9.366501 -7.085296 0.131147
v 9.366501 -6.279748 0.131147
v 9.366501 -5.474201 0.131147
v 9.366501 -4.668653 0.131147
v 9.366501 -3.863105 0.131147
v 9.366501 -3.057558 0.131147
v 9.366501 -2.252010 0.131147
v 9.366501 -1.446463 0.131147
v 9.366501 -0.640915 0.131147
v 9.366501 0.164633 0.131147
v 9.366501 0.970180 0.131147
v 9.366501 1.775728 0.131147
v 9.366501 2.581276 0.131147
v 9.366501 3.386823 0.131147
v 9.366501 4.192371 0.131147
v 9.366501 4.997919 0.131147
v 9.366501 5.803466 0.131147
v 9.366501 6.609014 0.131147
v 9.366501 7.414561 0.131147
v 9.366501 8.220109 0.131147
v 9.366501 9.025657 0.131147
v 9.366501 9.831204 0.131147
v 9.366501 10.636752 0.131147
v 9.366501 11.442300 0.131147
v 9.366501 12.247847 0.131147
v 9.366501 13.053395 0.131147
v 9.366501 13.858942 0.131147
v 9.366501 14.664491 0.131147
v 9.366501 15.470037 0.131147
v 9.366501 16.275585 0.131147
v 9.366501 17.081131 0.131147
v 9.366501 17.886681 0.131147
v 9.366501 18.692230 0.131147
v 9.366501 19.497776 0.131147
v 10.173862 -19.974056 0.131147
v 10.173862 -19.168510 0.131147
v 10.173862 -18.362965 0.131147
v 10.173862 -17.557415 0.131147
v 10.173862 -16.751865 0.131147
v 10.173862 -15.946320 0.131147
v 10.173862 -15.140773 0.131147
v 10.173862 -14.335224 0.131147
v 10.173862 -13.529677 0.131147
v 10.173862 -12.724129 0.131147
v 10.173862 -11.918582 0.131147
v 10.173862 -11.113034 0.131147
v 10.173862 -10.307487 0.131147
v 10.173862 -9.501939 0.131147
v 10.173862 -8.696391 0.131147
v 10.173862 -7.890843 0.131147
v 10.173862 -7.085296 0.131147
v 10.173862 -6.279748 0.131147
v 10.173862 -5.474201 0.131147
v 10.173862 -4.668653 0.131147
v 10.173862 -3.863105 0.131147
v 10.173862 -3.057558 0.131147
v 10.173862 -2.252010 0.131147
v 10.173862 -1.446463 0.131147
v 10.173862 -0.640915 0.131147
v 10.173862 0.164633 0.131147
v 10.173862 0.970180 0.131147
v 10.173862 1.775728 0.131147
v 10.173862 2.581276 0.131147
v 10.173862 3.386823 0.131147
v 10.173862 4.192371 0.131147
v 10.173862 4.997919 0.131147
v 10.173862 5.803466 0.131147
v 10.173862 6.609014 0.131147
v 10.173862 7.414561 0.131147
v 10.173862 8.220109 0.131147
v 10.173862 9.025657 0.131147
v 10.173862 9.831204 0.131147
v 10.173862 10.636752 0.131147
v 10.173862 11.442300 0.131147
v 10.173862 12.247847 0.131147
v 10.173862 13.053395 0.131147
v 10.173862 13.858942 0.131147
v 10.173862 14.664491 0.131147
v 10.173862 15.470037 0.131147
v 10.173862 16.275585 0.131147
v 10.173862 17.081131 0.131147
v 10.173862 17.886681 0.131147
v 10.173862 18.692230 0.131147
v 10.173862 19.497776 0.131147
v 10.981224 -19.974056 0.131147
v 10.981224 -19.168510 0.131147
v 10.981224 -18.362965 0.131147
v 10.981224 -17.557415 0.131147
v 10.981224 -16.751865 0.131147
v 10.981224 -15.946320 0.131147
v 10.981224 -15.140773 0.131147
v 10.981224 -14.335224 0.131147
v 10.981224 -13.529677 0.131147
v 10.981224 -12.724129 0.131147
v 10.981224 -11.918582 0.131147
v 10.981224 -11.113034 0.131147
v 10.981224 -10.307487 0.131147
v 10.981224 -9.501939 0.131147
v 10.981224 -8.696391 0.131147
v 10.981224 -7.890843 0.131147
v 10.981224 -7.085296 0.131147
v 10.981224 -6.279748 0.131147
v 10.981224 -5.474201 0.131147
v 10.981224 -4.668653 0.131147
v 10.981224 -3.863105 0.131147
v 10.981224 -3.057558 0.131147
v 10.981224 -2.252010 0.131147
v 10.981224 -1.446463 0.131147
v 10.981224 -0.640915 0.131147
v 10.981224 0.164633 0.131147
v 10.981224 0.970180 0.131147
v 10.981224 1.775728 0.131147
v 10.981224 2.581276 0.131147
v 10.981224 3.386823 0.131147
v 10.981224 4.192371 0.131147
v 10.981224 4.997919 0.131147
v 10.981224 5.803466 0.131147
v 10.981224 6.609014 0.131147
v 10.981224 7.414561 0.131147
v 10.981224 8.220109 0.131147
v 10.981224 9.025657 0.131147
v 10.981224 9.831204 0.131147
v 10.981224 10.636752 0.131147
v 10.981224 11.442300 0.131147
v 10.981224 12.247847 0.131147
v 10.981224 13.053395 0.131147
v 10.981224 13.858942 0.131147
v 10.981224 14.664491 0.131147
v 10.981224 15.470037 0.131147
v 10.981224 16.275585 0.131147
v 10.981224 17.081131 0.131147
v 10.981224 17.886681 0.131147
v 10.981224 18.692230 0.131147
v 10.981224 19.497776 0.131147
v 11.788586 -19.974056 0.131147
v 11.788586 -19.168510 0.131147
v 11.788586 -18.362965 0.131147
v 11.788586 -17.557415 0.131147
v 11.788586 -16.751865 0.131147
v 11.788586 -15.946320 0.131147
v 11.788586 -15.140773 0.131147
v 11.788586 -14.335224 0.131147
v 11.788586 -13.529677 0.131147
v 11.788586 -12.724129 0.131147
v 11.788586 -11.918582 0.131147
v 11.788586 -11.113034 0.131147
v 11.788586 -10.307487 0.131147
v 11.788586 -9.501939 0.131147
v 11.788586 -8.696391 0.131147
v 11.788586 -7.890843 0.131147
v 11.788586 -7.085296 0.131147
v 11.788586 -6.279748 0.131147
v 11.788586 -5.474201 0.131147
v 11.788586 -4.668653 0.131147
v 11.788586 -3.863105 0.131147
v 11.788586 -3.057558 0.131147
v 11.788586 -2.252010 0.131147
v 11.788586 -1.446463 0.131147
v 11.788586 -0.640915 0.131147
v 11.788586 0.164633 0.131147
v 11.788586 0.970180 0.131147
v 11.788586 1.775728 0.131147
v 11.788586 2.581276 0.131147
v 11.788586 3.386823 0.131147
v 11.788586 4.192371 0.131147
v 11.788586 4.997919 0.131147
v 11.788586 5.803466 0.131147
v 11.788586 6.609014 0.131147
v 11.788586 7.414561 0.131147
v 11.788586 8.220109 0.131147
v 11.788586 9.025657 0.131147
v 11.788586 9.831204 0.131147
v 11.788586 10.636752 0.131147
v 11.788586 11.442300 0.131147
v 11.788586 12.247847 0.131147
v 11.788586 13.053395 0.131147
v 11.788586 13.858942 0.131147
v 11.788586 14.664491 0.131147
v 11.788586 15.470037 0.131147
v 11.788586 16.275585 0.131147
v 11.788586 17.081131 0.131147
v 11.788586 17.886681 0.131147
v 11.788586 18.692230 0.131147
v 11.788586 19.497776 0.131147
v 12.595947 -19.974056 0.131147
v 12.595947 -19.168510 0.131147
v 12.595947 -18.362965 0.131147
v 12.595947 -17.557415 0.131147
v 12.595947 -16.751865 0.131147
v 12.595947 -15.946320 0.131147
v 12.595947 -15.140773 0.131147
v 12.595947 -14.335224 0.131147
v 12.595947 -13.529677 0.131147
v 12.595947 -12.724129 0.131147
v 12.595947 -11.918582 0.131147
v 12.595947 -11.113034 0.131147
v 12.595947 -10.307487 0.131147
v 12.595947 -9.501939 0.131147
v 12.595947 -8.696391 0.131147
v 12.595947 -7.890843 0.131147
v 12.595947 -7.085296 0.131147
v 12.595947 -6.279748 0.131147
v 12.595947 -5.474201 0.131147
v 12.595947 -4.668653 0.131147
v 12.595947 -3.863105 0.131147
v 12.595947 -3.057558 0.131147
v 12.595947 -2.252010 0.131147
v 12.595947 -1.446463 0.131147
v 12.595947 -0.640915 0.131147
v 12.595947 0.164633 0.131147
v 12.595947 0.970180 0.131147
v 12.595947 1.775728 0.131147
v 12.595947 2.581276 0.131147
v 12.595947 3.386823 0.131147
v 12.595947 4.192371 0.131147
v 12.595947 4.997919 0.131147
v 12.595947 5.803466 0.131147
v 12.595947 6.609014 0.131147
v 12.595947 7.414561 0.131147
v 12.595947 8.220109 0.131147
v 12.595947 9.025657 0.131147
v 12.595947 9.831204 0.131147
v 12.595947 10.636752 0.131147
v 12.595947 11.442300 0.131147
v 12.595947 12.247847 0.131147
v 12.595947 13.053395 0.131147
v 12.595947 13.858942 0.131147
v 12.595947 14.664491 0.131147
v 12.595947 15.470037 0.131147
v 12.595947 16.275585 0.131147
v 12.595947 17.081131 0.131147
v 12.595947 17.886681 0.131147
v 12.595947 18.692230 0.131147
v 12.595947 19.497776 0.131147
v 13.403310 -19.974056 0.131147
v 13.403310 -19.168510 0.131147
v 13.403310 -18.362965 0.131147
v 13.403310 -17.557415 0.131147
v 13.403310 -16.751865 0.131147
v 13.403310 -15.946320 0.131147
v 13.403310 -15.140773 0.131147
v 13.403310 -14.335224 0.131147
v 13.403310 -13.529677 0.131147
v 13.403310 -12.724129 0.131147
v 13.403310 -11.918582 0.131147
v 13.403310 -11.113034 0.131147
v 13.403310 -10.307487 0.131147
v 13.403310 -9.501939 0.131147
v 13.403310 -8.696391 0.131147
v 13.403310 -7.890843 0.131147
v 13.403310 -7.085296 0.131147
v 13.403310 -6.279748 0.131147
v 13.403310 -5.474201 0.131147
v 13.403310 -4.668653 0.131147
v 13.403310 -3.863105 0.131147
v 13.403310 -3.057558 0.131147
v 13.403310 -2.252010 0.131147
v 13.403310 -1.446463 0.131147
v 13.403310 -0.640915 0.131147
v 13.403310 0.164633 0.131147
v 13.403310 0.970180 0.131147
v 13.403310 1.775728 0.131147
v 13.403310 2.581276 0.131147
v 13.403310 3.386823 0.131147
v 13.403310 4.192371 0.131147
v 13.403310 4.997919 0.131147
v 13.403310 5.803466 0.131147
v 13.403310 6.609014 0.131147
v 13.403310 7.414561 0.131147
v 13.403310 8.220109 0.131147
v 13.403310 9.025657 0.131147
v 13.403310 9.831204 0.131147
v 13.403310 10.636752 0.131147
v 13.403310 11.442300 0.131147
v 13.403310 12.247847 0.131147
v 13.403310 13.053395 0.131147
v 13.403310 13.858942 0.131147
v 13.403310 14.664491 0.131147
v 13.403310 15.470037 0.131147
v 13.403310 16.275585 0.131147
v 13.403310 17.081131 0.131147
v 13.403310 17.886681 0.131147
v 13.403310 18.692230 0.131147
v 13.403310 19.497776 0.131147
v 14.210670 -19.974056 0.131147
v 14.210670 -19.168510 0.131147
v 14.210670 -18.362965 0.131147
v 14.210670 -17.557415 0.131147
v 14.210670 -16.751865 0.131147
v 14.210670 -15.946320 0.131147
v 14.210670 -15.140773 0.131147
v 14.210670 -14.335224 0.131147
v 14.210670 -13.529677 0.131147
v 14.210670 -12.724129 0.131147
v 14.210670 -11.918582 0.131147
v 14.210670 -11.113034 0.131147
v 14.210670 -10.307487 0.131147
v 14.210670 -9.501939 0.131147
v 14.210670 -8.696391 0.131147
v 14.210670 -7.890843 0.131147
v 14.210670 -7.085296 0.131147
v 14.210670 -6.279748 0.131147
v 14.210670 -5.474201 0.131147
v 14.210670 -4.668653 0.131147
v 14.210670 -3.863105 0.131147
v 14.210670 -3.057558 0.131147
v 14.210670 -2.252010 0.131147
v 14.210670 -1.446463 0.131147
v 14.210670 -0.640915 0.131147
v 14.210670 0.164633 0.131147
v 14.210670 0.970180 0.131147
v 14.210670 1.775728 0.131147
v 14.210670 2.581276 0.131147
v 14.210670 3.386823 0.131147
v 14.210670 4.192371 0.131147
v 14.210670 4.997919 0.131147
v 14.210670 5.803466 0.131147
v 14.210670 6.609014 0.131147
v 14.210670 7.414561 0.131147
v 14.210670 8.220109 0.131147
v 14.210670 9.025657 0.131147
v 14.210670 9.831204 0.131147
v 14.210670 10.636752 0.131147
v 14.210670 11.442300 0.131147
v 14.210670 12.247847 0.131147
v 14.210670 13.053395 0.131147
v 14.210670 13.858942 0.131147
v 14.210670 14.664491 0.131147
v 14.210670 15.470037 0.131147
v 14.210670 16.275585 0.131147
v 14.210670 17.081131 0.131147
v 14.210670 17.886681 0.131147
v 14.210670 18.692230 0.131147
v 14.210670 19.497776 0.131147
v 15.018033 -19.974056 0.131147
v 15.018033 -19.168510 0.131147
v 15.018033 -18.362965 0.131147
v 15.018033 -17.557415 0.131147
v 15.018033 -16.751865 0.131147
v 15.018033 -15.946320 0.131147
v 15.018033 -15.140773 0.131147
v 15.018033 -14.335224 0.131147
v 15.018033 -13.529677 0.131147
v 15.018033 -12.724129 0.131147
v 15.018033 -11.918582 0.131147
v 15.018033 -11.113034 0.131147
v 15.018033 -10.307487 0.131147
v 15.018033 -9.501939 0.131147
v 15.018033 -8.696391 0.131147
v 15.018033 -7.890843 0.131147
v 15.018033 -7.085296 0.131147
v 15.018033 -6.279748 0.131147
v 15.018033 -5.474201 0.131147
v 15.018033 -4.668653 0.131147
v 15.018033 -3.863105 0.131147
v 15.018033 -3.057558 0.131147
v 15.018033 -2.252010 0.131147
v 15.018033 -1.446463 0.131147
v 15.018033 -0.640915 0.131147
v 15.018033 0.164633 0.131147
v 15.018033 0.970180 0.131147
v 15.018033 1.775728 0.131147
v 15.018033 2.581276 0.131147
v 15.018033 3.386823 0.131147
v 15.018033 4.192371 0.131147
v 15.018033 4.997919 0.131147
v 15.018033 5.803466 0.131147
v 15.018033 6.609014 0.131147
v 15.018033 7.414561 0.131147
v 15.018033 8.220109 0.131147
v 15.018033 9.025657 0.131147
v 15.018033 9.831204 0.131147
v 15.018033 10.636752 0.131147
v 15.018033 11.442300 0.131147
v 15.018033 12.247847 0.131147
v 15.018033 13.053395 0.131147
v 15.018033 13.858942 0.131147
v 15.018033 14.664491 0.131147
v 15.018033 15.470037 0.131147
v 15.018033 16.275585 0.131147
v 15.018033 17.081131 0.131147
v 15.018033 17.886681 0.131147
v 15.018033 18.692230 0.131147
v 15.018033 19.497776 0.131147
v 15.825395 -19.974056 0.131147
v 15.825395 -19.168510 0.131147
v 15.825395 -18.362965 0.131147
v 15.825395 -17.557415 0.131147
v 15.825395 -16.751865 0.131147
v 15.825395 -15.946320 0.131147
v 15.825395 -15.140773 0.131147
v 15.825395 -14.335224 0.131147
v 15.825395 -13.529677 0.131147
v 15.825395 -12.724129 0.131147
v 15.825395 -11.918582 0.131147
v 15.825395 -11.113034 0.131147
v 15.825395 -10.307487 0.131147
v 15.825395 -9.501939 0.131147
v 15.825395 -8.696391 0.131147
v 15.825395 -7.890843 0.131147
v 15.825395 -7.085296 0.131147
v 15.825395 -6.279748 0.131147
v 15.825395 -5.474201 0.131147
v 15.825395 -4.668653 0.131147
v 15.825395 -3.863105 0.131147
v 15.825395 -3.057558 0.131147
v 15.825395 -2.252010 0.131147
v 15.825395 -1.446463 0.131147
v 15.825395 -0.640915 0.131147
v 15.825395 0.164633 0.131147
v 15.825395 0.970180 0.131147
v 15.825395 1.775728 0.131147
v 15.825395 2.581276 0.131147
v 15.825395 3.386823 0.131147
v 15.825395 4.192371 0.131147
v 15.825395 4.997919 0.131147
v 15.825395 5.803466 0.131147
v 15.825395 6.609014 0.131147
v 15.825395 7.414561 0.131147
v 15.825395 8.220109 0.131147
v 15.825395 9.025657 0.131147
v 15.825395 9.831204 0.131147
v 15.825395 10.636752 0.131147
v 15.825395 11.442300 0.131147
v 15.825395 12.247847 0.131147
v 15.825395 13.053395 0.131147
v 15.825395 13.858942 0.131147
v 15.825395 14.664491 0.131147
v 15.825395 15.470037 0.131147
v 15.825395 16.275585 0.131147
v 15.825395 17.081131 0.131147
v 15.825395 17.886681 0.131147
v 15.825395 18.692230 0.131147
v 15.825395 19.497776 0.131147
v 16.632755 -19.974056 0.131147
v 16.632755 -19.168510 0.131147
v 16.632755 -18.362965 0.131147
v 16.632755 -17.557415 0.131147
v 16.632755 -16.751865 0.131147
v 16.632755 -15.946320 0.131147
v 16.632755 -15.140773 0.131147
v 16.632755 -14.335224 0.131147
v 16.632755 -13.529677 0.131147
v 16.632755 -12.724129 0.131147
v 16.632755 -11.918582 0.131147
v 16.632755 -11.113034 0.131147
v 16.632755 -10.307487 0.131147
v 16.632755 -9.501939 0.131147
v 16.632755 -8.696391 0.131147
v 16.632755 -7.890843 0.131147
v 16.632755 -7.085296 0.131147
v 16.632755 -6.279748 0.131147
v 16.632755 -5.474201 0.131147
v 16.632755 -4.668653 0.131147
v 16.632755 -3.863105 0.131147
v 16.632755 -3.057558 0.131147
v 16.632755 -2.252010 0.131147
v 16.632755 -1.446463 0.131147
v 16.632755 -0.640915 0.131147
v 16.632755 0.164633 0.131147
v 16.632755 0.970180 0.131147
v 16.632755 1.775728 0.131147
v 16.632755 2.581276 0.131147
v 16.632755 3.386823 0.131147
v 16.632755 4.192371 0.131147
v 16.632755 4.997919 0.131147
v 16.632755 5.803466 0.131147
v 16.632755 6.609014 0.131147
v 16.632755 7.414561 0.131147
v 16.632755 8.220109 0.131147
v 16.632755 9.025657 0.131147
v 16.632755 9.831204 0.131147
v 16.632755 10.636752 0.131147
v 16.632755 11.442300 0.131147
v 16.632755 12.247847 0.131147
v 16.632755 13.053395 0.131147
v 16.632755 13.858942 0.131147
v 16.632755 14.664491 0.131147
v 16.632755 15.470037 0.131147
v 16.632755 16.275585 0.131147
v 16.632755 17.081131 0.131147
v 16.632755 17.886681 0.131147
v 16.632755 18.692230 0.131147
v 16.632755 19.497776 0.131147
v 17.440117 -19.974056 0.131147
v 17.440117 -19.168510 0.131147
v 17.440117 -18.362965 0.131147
v 17.440117 -17.557415 0.131147
v 17.440117 -16.751865 0.131147
v 17.440117 -15.946320 0.131147
v 17.440117 -15.140773 0.131147
v 17.440117 -14.335224 0.131147
v 17.440117 -13.529677 0.131147
v 17.440117 -12.724129 0.131147
v 17.440117 -11.918582 0.131147
v 17.440117 -11.113034 0.131147
v 17.440117 -10.307487 0.131147
v 17.440117 -9.501939 0.131147
v 17.440117 -8.696391 0.131147
v 17.440117 -7.890843 0.131147
v 17.440117 -7.085296 0.131147
v 17.440117 -6.279748 0.131147
v 17.440117 -5.474201 0.131147
v 17.440117 -4.668653 0.131147
v 17.440117 -3.863105 0.131147
v 17.440117 -3.057558 0.131147
v 17.440117 -2.252010 0.131147
v 17.440117 -1.446463 0.131147
v 17.440117 -0.640915 0.131147
v 17.440117 0.164633 0.131147
v 17.440117 0.970180 0.131147
v 17.440117 1.775728 0.131147
v 17.440117 2.581276 0.131147
v 17.440117 3.386823 0.131147
v 17.440117 4.192371 0.131147
v 17.440117 4.997919 0.131147
v 17.440117 5.803466 0.131147
v 17.440117 6.609014 0.131147
v 17.440117 7.414561 0.131147
v 17.440117 8.220109 0.131147
v 17.440117 9.025657 0.131147
v 17.440117 9.831204 0.131147
v 17.440117 10.636752 0.131147
v 17.440117 11.442300 0.131147
v 17.440117 12.247847 0.131147
v 17.440117 13.053395 0.131147
v 17.440117 13.858942 0.131147
v 17.440117 14.664491 0.131147
v 17.440117 15.470037 0.131147
v 17.440117 16.275585 0.131147
v 17.440117 17.081131 0.131147
v 17.440117 17.886681 0.131147
v 17.440117 18.692230 0.131147
v 17.440117 19.497776 0.131147
v 18.247482 -19.974056 0.131147
v 18.247482 -19.168510 0.131147
v 18.247482 -18.362965 0.131147
v 18.247482 -17.557415 0.131147
v 18.247482 -16.751865 0.131147
v 18.247482 -15.946320 0.131147
v 18.247482 -15.140773 0.131147
v 18.247482 -14.335224 0.131147
v 18.247482 -13.529677 0.131147
v 18.247482 -12.724129 0.131147
v 18.247482 -11.918582 0.131147
v 18.247482 -11.113034 0.131147
v 18.247482 -10.307487 0.131147
v 18.247482 -9.501939 0.131147
v 18.247482 -8.696391 0.131147
v 18.247482 -7.890843 0.131147
v 18.247482 -7.085296 0.131147
v 18.247482 -6.279748 0.131147
v 18.247482 -5.474201 0.131147
v 18.247482 -4.668653 0.131147
v 18.247482 -3.863105 0.131147
v 18.247482 -3.057558 0.131147
v 18.247482 -2.252010 0.131147
v 18.247482 -1.446463 0.131147
v 18.247482 -0.640915 0.131147
v 18.247482 0.164633 0.131147
v 18.247482 0.970180 0.131147
v 18.247482 1.775728 0.131147
v 18.247482 2.581276 0.131147
v 18.247482 3.386823 0.131147
v 18.247482 4.192371 0.131147
v 18.247482 4.997919 0.131147
v 18.247482 5.803466 0.131147
v 18.247482 6.609014 0.131147
v 18.247482 7.414561 0.131147
v 18.247482 8.220109 0.131147
v 18.247482 9.025657 0.131147
v 18.247482 9.831204 0.131147
v 18.247482 10.636752 0.131147
v 18.247482 11.442300 0.131147
v 18.247482 12.247847 0.131147
v 18.247482 13.053395 0.131147
v 18.247482 13.858942 0.131147
v 18.247482 14.664491 0.131147
v 18.247482 15.470037 0.131147
v 18.247482 16.275585 0.131147
v 18.247482 17.081131 0.131147
v 18.247482 17.886681 0.131147
v 18.247482 18.692230 0.131147
v 18.247482 19.497776 0.131147
v 19.054844 -19.974056 0.131147
v 19.054844 -19.168510 0.131147
v 19.054844 -18.362965 0.131147
v 19.054844 -17.557415 0.131147
v 19.054844 -16.751865 0.131147
v 19.054844 -15.946320 0.131147
v 19.054844 -15.140773 0.131147
v 19.054844 -14.335224 0.131147
v 19.054844 -13.529677 0.131147
v 19.054844 -12.724129 0.131147
v 19.054844 -11.918582 0.131147
v 19.054844 -11.113034 0.131147
v 19.054844 -10.307487 0.131147
v 19.054844 -9.501939 0.131147
v 19.054844 -8.696391 0.131147
v 19.054844 -7.890843 0.131147
v 19.054844 -7.085296 0.131147
v 19.054844 -6.279748 0.131147
v 19.054844 -5.474201 0.131147
v 19.054844 -4.668653 0.131147
v 19.054844 -3.863105 0.131147
v 19.054844 -3.057558 0.131147
v 19.054844 -2.252010 0.131147
v 19.054844 -1.446463 0.131147
v 19.054844 -0.640915 0.131147
v 19.054844 0.164633 0.131147
v 19.054844 0.970180 0.131147
v 19.054844 1.775728 0.131147
v 19.054844 2.581276 0.131147
v 19.054844 3.386823 0.131147
v 19.054844 4.192371 0.131147
v 19.054844 4.997919 0.131147
v 19.054844 5.803466 0.131147
v 19.054844 6.609014 0.131147
v 19.054844 7.414561 0.131147
v 19.054844 8.220109 0.131147
v 19.054844 9.025657 0.131147
v 19.054844 9.831204 0.131147
v 19.054844 10.636752 0.131147
v 19.054844 11.442300 0.131147
v 19.054844 12.247847 0.131147
v 19.054844 13.053395 0.131147
v 19.054844 13.858942 0.131147
v 19.054844 14.664491 0.131147
v 19.054844 15.470037 0.131147
v 19.054844 16.275585 0.131147
v 19.054844 17.081131 0.131147
v 19.054844 17.886681 0.131147
v 19.054844 18.692230 0.131147
v 19.054844 19.497776 0.131147
v 19.862206 -19.974056 0.131147
v 19.862206 -19.168510 0.131147
v 19.862206 -18.362965 0.131147
v 19.862206 -17.557415 0.131147
v 19.862206 -16.751865 0.131147
v 19.862206 -15.946320 0.131147
v 19.862206 -15.140773 0.131147
v 19.862206 -14.335224 0.131147
v 19.862206 -13.529677 0.131147
v 19.862206 -12.724129 0.131147
v 19.862206 -11.918582 0.131147
v 19.862206 -11.113034 0.131147
v 19.862206 -10.307487 0.131147
v 19.862206 -9.501939 0.131147
v 19.862206 -8.696391 0.131147
v 19.862206 -7.890843 0.131147
v 19.862206 -7.085296 0.131147
v 19.862206 -6.279748 0.131147
v 19.862206 -5.474201 0.131147
v 19.862206 -4.668653 0.131147
v 19.862206 -3.863105 0.131147
v 19.862206 -3.057558 0.131147
v 19.862206 -2.252010 0.131147
v 19.862206 -1.446463 0.131147
v 19.862206 -0.640915 0.131147
v 19.862206 0.164633 0.131147
v 19.862206 0.970180 0.131147
v 19.862206 1.775728 0.131147
v 19.862206 2.581276 0.131147
v 19.862206 3.386823 0.131147
v 19.862206 4.192371 0.131147
v 19.862206 4.997919 0.131147
v 19.862206 5.803466 0.131147
v 19.862206 6.609014 0.131147
v 19.862206 7.414561 0.131147
v 19.862206 8.220109 0.131147
v 19.862206 9.025657 0.131147
v 19.862206 9.831204 0.131147
v 19.862206 10.636752 0.131147
v 19.862206 11.442300 0.131147
v 19.862206 12.247847 0.131147
v 19.862206 13.053395 0.131147
v 19.862206 13.858942 0.131147
v 19.862206 14.664491 0.131147
v 19.862206 15.470037 0.131147
v 19.862206 16.275585 0.131147
v 19.862206 17.081131 0.131147
v 19.862206 17.886681 0.131147
v 19.862206 18.692230 0.131147
v 19.862206 19.497776 0.131147
vn -0.0000 -0.0000 1.0000
s 0
f 1//1 51//1 52//1 2//1
f 2//1 52//1 53//1 3//1
f 3//1 53//1 54//1 4//1
f 4//1 54//1 55//1 5//1
f 5//1 55//1 56//1 6//1
f 6//1 56//1 57//1 7//1
f 7//1 57//1 58//1 8//1
f 8//1 58//1 59//1 9//1
f 9//1 59//1 60//1 10//1
f 10//1 60//1 61//1 11//1
f 11//1 61//1 62//1 12//1
f 12//1 62//1 63//1 13//1
f 13//1 63//1 64//1 14//1
f 14//1 64//1 65//1 15//1
f 15//1 65//1 66//1 16//1
f 16//1 66//1 67//1 17//1
f 17//1 67//1 68//1 18//1
f 18//1 68//1 69//1 19//1
f 19//1 69//1 70//1 20//1
f 20//1 70//1 71//1 21//1
f 21//1 71//1 72//1 22//1
f 22//1 72//1 73//1 23//1
f 23//1 73//1 74//1 24//1
f 24//1 74//1 75//1 25//1
f 25//1 75//1 76//1 26//1
f 26//1 76//1 77//1 27//1
f 27//1 77//1 78//1 28//1
f 28//1 78//1 79//1 29//1
f 29//1 79//1 80//1 30//1
f 30//1 80//1 81//1 31//1
f 31//1 81//1 82//1 32//1
f 32//1 82//1 83//1 33//1
f 33//1 83//1 84//1 34//1
f 34//1 84//1 85//1 35//1
f 35//1 85//1 86//1 36//1
f 36//1 86//1 87//1 37//1
f 37//1 87//1 88//1 38//1
f 38//1 88//1 89//1 39//1
f 39//1 89//1 90//1 40//1
f 40//1 90//1 91//1 41//1
f 41//1 91//1 92//1 42//1
f 42//1 92//1 93//1 43//1
f 43//1 93//1 94//1 44//1
f 44//1 94//1 95//1 45//1
f 45//1 95//1 96//1 46//1
f 46//1 96//1 97//1 47//1
f 47//1 97//1 98//1 48//1
f 48//1 98//1 99//1 49//1
f 49//1 99//1 100//1 50//1
f 51//1 101//1 102//1 52//1
f 52//1 102//1 103//1 53//1
f 53//1 103//1 104//1 54//1
f 54//1 104//1 105//1 55//1
f 55//1 105//1 106//1 56//1
f 56//1 106//1 107//1 57//1
f 57//1 107//1 108//1 58//1
f 58//1 108//1 109//1 59//1
f 59//1 109//1 110//1 60//1
f 60//1 110//1 111//1 61//1
f 61//1 111//1 112//1 62//1
f 62//1 112//1 113//1 63//1
f 63//1 113//1 114//1 64//1
f 64//1 114//1 115//1 65//1
f 65//1 115//1 116//1 66//1
f 66//1 116//1 117//1 67//1
f 67//1 117//1 118//1 68//1
f 68//1 118//1 119//1 69//1
f 69//1 119//1 120//1 70//1
f 70//1 120//1 121//1 71//1
f 71//1 121//1 122//1 72//1
f 72//1 122//1 123//1 73//1
f 73//1 123//1 124//1 74//1
f 74//1 124//1 125//1 75//1
f 75//1 125//1 126//1 76//1
f 76//1 126//1 127//1 77//1
f 77//1 127//1 128//1 78//1
f 78//1 128//1 129//1 79//1
f 79//1 129//1 130//1 80//1
f 80//1 130//1 131//1 81//1
f 81//1 131//1 132//1 82//1
f 82//1 132//1 133//1 83//1
f 83//1 133//1 134//1 84//1
f 84//1 134//1 135//1 85//1
f 85//1 135//1 136//1 86//1
f 86//1 136//1 137//1 87//1
f 87//1 137//1 138//1 88//1
f 88//1 138//1 139//1 89//1
f 89//1 139//1 140//1 90//1
f 90//1 140//1 141//1 91//1
f 91//1 141//1 142//1 92//1
f 92//1 142//1 143//1 93//1
f 93//1 143//1 144//1 94//1
f 94//1 144//1 145//1 95//1
f 95//1 145//1 146//1 96//1
f 96//1 146//1 147//1 97//1
f 97//1 147//1 148//1 98//1
f 98//1 148//1 149//1 99//1
f 99//1 149//1 150//1 100//1
f 101//1 151//1 152//1 102//1
f 102//1 152//1 153//1 103//1
f 103//1 153//1 154//1 104//1
f 104//1 154//1 155//1 105//1
f 105//1 155//1 156//1 106//1
f 106//1 156//1 157//1 107//1
f 107//1 157//1 158//1 108//1
f 108//1 158//1 159//1 109//1
f 109//1 159//1 160//1 110//1
f 110//1 160//1 161//1 111//1
f 111//1 161//1 162//1 112//1
f 112//1 162//1 163//1 113//1
f 113//1 163//1 164//1 114//1
f 114//1 164//1 165//1 115//1
f 115//1 165//1 166//1 116//1
f 116//1 166//1 167//1 117//1
f 117//1 167//1 168//1 118//1
f 118//1 168//1 169//1 119//1
f 119//1 169//1 170//1 120//1
f 120//1 170//1 171//1 121//1
f 121//1 171//1 172//1 122//1
f 122//1 172//1 173//1 123//1
f 123//1 173//1 174//1 124//1
f 124//1 174//1 175//1 125//1
f 125//1 175//1 176//1 126//1
f 126//1 176//1 177//1 127//1
f 127//1 177//1 178//1 128//1
f 128//1 178//1 179//1 129//1
f 129//1 179//1 180//1 130//1
f 130//1 180//1 181//1 131//1
f 131//1 181//1 182//1 132//1
f 132//1 182//1 183//1 133//1
f 133//1 183//1 184//1 134//1
f 134//1 184//1 185//1 135//1
f 135//1 185//1 186//1 136//1
f 136//1 186//1 187//1 137//1
f 137//1 187//1 188//1 138//1
f 138//1 188//1 189//1 139//1
f 139//1 189//1 190//1 140//1
f 140//1 190//1 191//1 141//1
f 141//1 191//1 192//1 142//1
f 142//1 192//1 193//1 143//1
f 143//1 193//1 194//1 144//1
f 144//1 194//1 195//1 145//1
f 145//1 195//1 196//1 146//1
f 146//1 196//1 197//1 147//1
f 147//1 197//1 198//1 148//1
f 148//1 198//1 199//1 149//1
f 149//1 199//1 200//1 150//1
f 151//1 201//1 202//1 152//1
f 152//1 202//1 203//1 153//1
f 153//1 203//1 204//1 154//1
f 154//1 204//1 205//1 155//1
f 155//1 205//1 206//1 156//1
f 156//1 206//1 207//1 157//1
f 157//1 207//1 208//1 158//1
f 158//1 208//1 209//1 159//1
f 159//1 209//1 210//1 160//1
f 160//1 210//1 211//1 161//1
f 161//1 211//1 212//1 162//1
f 162//1 212//1 213//1 163//1
f 163//1 213//1 214//1 164//1
f 164//1 214//1 215//1 165//1
f 165//1 215//1 216//1 166//1
f 166//1 216//1 217//1 167//1
f 167//1 217//1 218//1 168//1
f 168//1 218//1 219//1 169//1
f 169//1 219//1 220//1 170//1
f 170//1 220//1 221//1 171//1
f 171//1 221//1 222//1 172//1
f 172//1 222//1 223//1 173//1
f 173//1 223//1 224//1 174//1
f 174//1 224//1 225//1 175//1
f 175//1 225//1 226//1 176//1
f 176//1 226//1 227//1 177//1
f 177//1 227//1 228//1 178//1
f 178//1 228//1 229//1 179//1
f 179//1 229//1 230//1 180//1
f 180//1 230//1 231//1 181//1
f 181//1 231//1 232//1 182//1
f 182//1 232//1 233//1 183//1
f 183//1 233//1 234//1 184//1
f 184//1 234//1 235//1 185//1
f 185//1 235//1 236//1 186//1
f 186//1 236//1 237//1 187//1
f 187//1 237//1 238//1 188//1
f 188//1 238//1 239//1 189//1
f 189//1 239//1 240//1 190//1
f 190//1 240//1 241//1 191//1
f 191//1 241//1 242//1 192//1
f 192//1 242//1 243//1 193//1
f 193//1 243//1 244//1 194//1
f 194//1 244//1 245//1 195//1
f 195//1 245//1 246//1 196//1
f 196//1 246//1 247//1 197//1
f 197//1 247//1 248//1 198//1
f 198//1 248//1 249//1 199//1
f 199//1 249//1 250//1 200//1
f 201//1 251//1 252//1 202//1
f 202//1 252//1 253//1 203//1
f 203//1 253//1 254//1 204//1
f 204//1 254//1 255//1 205//1
f 205//1 255//1 256//1 206//1
f 206//1 256//1 257//1 207//1
f 207//1 257//1 258//1 208//1
f 208//1 258//1 259//1 209//1
f 209//1 259//1 260//1 210//1
f 210//1 260//1 261//1 211//1
f 211//1 261//1 262//1 212//1
f 212//1 262//1 263//1 213//1
f 213//1 263//1 264//1 214//1
f 214//1 264//1 265//1 215//1
f 215//1 265//1 266//1 216//1
f 216//1 266//1 267//1 217//1
f 217//1 267//1 268//1 218//1
f 218//1 268//1 269//1 219//1
f 219//1 269//1 270//1 220//1
f 220//1 270//1 271//1 221//1
f 221//1 271//1 272//1 222//1
f 222//1 272//1 273//1 223//1
f 223//1 273//1 274//1 224//1
f 224//1 274//1 275//1 225//1
f 225//1 275//1 276//1 226//1
f 226//1 276//1 277//1 227//1
f 227//1 277//1 278//1 228//1
f 228//1 278//1 279//1 229//1
f 229//1 279//1 280//1 230//1
f 230//1 280//1 281//1 231//1
f 231//1 281//1 282//1 232//1
f 232//1 282//1 283//1 233//1
f 233//1 283//1 284//1 234//1
f 234//1 284//1 285//1 235//1
f 235//1 285//1 286//1 236//1
f 236//1 286//1 287//1 237//1
f 237//1 287//1 288//1 238//1
f 238//1 288//1 289//1 239//1
f 239//1 289//1 290//1 240//1
f 240//1 290//1 291//1 241//1
f 241//1 291//1 292//1 242//1
f 242//1 292//1 293//1 243//1
f 243//1 293//1 294//1 244//1
f 244//1 294//1 295//1 245//1
f 245//1 295//1 296//1 246//1
f 246//1 296//1 297//1 247//1
f 247//1 297//1 298//1 248//1
f 248//1 298//1 299//1 249//1
f 249//1 299//1 300//1 250//1
f 251//1 301//1 302//1 252//1
f 252//1 302//1 303//1 253//1
f 253//1 303//1 304//1 254//1
f 254//1 304//1 305//1 255//1
f 255//1 305//1 306//1 256//1
f 256//1 306//1 307//1 257//1
f 257//1 307//1 308//1 258//1
f 258//1 308//1 309//1 259//1
f 259//1 309//1 310//1 260//1
f 260//1 310//1 311//1 261//1
f 261//1 311//1 312//1 262//1
f 262//1 312//1 313//1 263//1
f 263//1 313//1 314//1 264//1
f 264//1 314//1 315//1 265//1
f 265//1 315//1 316//1 266//1
f 266//1 316//1 317//1 267//1
f 267//1 317//1 318//1 268//1
f 268//1 318//1 319//1 269//1
f 269//1 319//1 320//1 270//1
f 270//1 320//1 321//1 271//1
f 271//1 321//1 322//1 272//1
f 272//1 322//1 323//1 273//1
f 273//1 323//1 324//1 274//1
f 274//1 324//1 325//1 275//1
f 275//1 325//1 326//1 276//1
f 276//1 326//1 327//1 277//1
f 277//1 327//1 328//1 278//1
f 278//1 328//1 329//1 279//1
f 279//1 329//1 330//1 280//1
f 280//1 330//1 331//1 281//1
f 281//1 331//1 332//1 282//1
f 282//1 332//1 333//1 283//1
f 283//1 333//1 334//1 284//1
f 284//1 334//1 335//1 285//1
f 285//1 335//1 336//1 286//1
f 286//1 336//1 337//1 287//1
f 287//1 337//1 338//1 288//1
f 288//1 338//1 339//1 289//1
f 289//1 339//1 340//1 290//1
f 290//1 340//1 341//1 291//1
f 291//1 341//1 342//1 292//1
f 292//1 342//1 343//1 293//1
f 293//1 343//1 344//1 294//1
f 294//1 344//1 345//1 295//1
f 295//1 345//1 346//1 296//1
f 296//1 346//1 347//1 297//1
f 297//1 347//1 348//1 298//1
f 298//1 348//1 349//1 299//1
f 299//1 349//1 350//1 300//1
f 301//1 351//1 352//1 302//1
f 302//1 352//1 353//1 303//1
f 303//1 353//1 354//1 304//1
f 304//1 354//1 355//1 305//1
f 305//1 355//1 356//1 306//1
f 306//1 356//1 357//1 307//1
f 307//1 357//1 358//1 308//1
f 308//1 358//1 359//1 309//1
f 309//1 359//1 360//1 310//1
f 310//1 360//1 361//1 311//1
f 311//1 361//1 362//1 312//1
f 312//1 362//1 363//1 313//1
f 313//1 363//1 364//1 314//1
f 314//1 364//1 365//1 315//1
f 315//1 365//1 366//1 316//1
f 316//1 366//1 367//1 317//1
f 317//1 367//1 368//1 318//1
f 318//1 368//1 369//1 319//1
f 319//1 369//1 370//1 320//1
f 320//1 370//1 371//1 321//1
f 321//1 371//1 372//1 322//1
f 322//1 372//1 373//1 323//1
f 323//1 373//1 374//1 324//1
f 324//1 374//1 375//1 325//1
f 325//1 375//1 376//1 326//1
f 326//1 376//1 377//1 327//1
f 327//1 377//1 378//1 328//1
f 328//1 378//1 379//1 329//1
f 329//1 379//1 380//1 330//1
f 330//1 380//1 381//1 331//1
f 331//1 381//1 382//1 332//1
f 332//1 382//1 383//1 333//1
f 333//1 383//1 384//1 334//1
f 334//1 384//1 385//1 335//1
f 335//1 385//1 386//1 336//1
f 336//1 386//1 387//1 337//1
f 337//1 387//1 388//1 338//1
f 338//1 388//1 389//1 339//1
f 339//1 389//1 390//1 340//1
f 340//1 390//1 391//1 341//1
f 341//1 391//1 392//1 342//1
f 342//1 392//1 393//1 343//1
f 343//1 393//1 394//1 344//1
f 344//1 394//1 395//1 345//1
f 345//1 395//1 396//1 346//1
f 346//1 396//1 397//1 347//1
f 347//1 397//1 398//1 348//1
f 348//1 398//1 399//1 349//1
f 349//1 399//1 400//1 350//1
f 351//1 401//1 402//1 352//1
f 352//1 402//1 403//1 353//1
f 353//1 403//1 404//1 354//1
f 354//1 404//1 405//1 355//1
f 355//1 405//1 406//1 356//1
f 356//1 406//1 407//1 357//1
f 357//1 407//1 408//1 358//1
f 358//1 408//1 409//1 359//1
f 359//1 409//1 410//1 360//1
f 360//1 410//1 411//1 361//1
f 361//1 411//1 412//1 362//1
f 362//1 412//1 413//1 363//1
f 363//1 413//1 414//1 364//1
f 364//1 414//1 415//1 365//1
f 365//1 415//1 416//1 366//1
f 366//1 416//1 417//1 367//1
f 367//1 417//1 418//1 368//1
f 368//1 418//1 419//1 369//1
f 369//1 419//1 420//1 370//1
f 370//1 420//1 421//1 371//1
f 371//1 421//1 422//1 372//1
f 372//1 422//1 423//1 373//1
f 373//1 423//1 424//1 374//1
f 374//1 424//1 425//1 375//1
f 375//1 425//1 426//1 376//1
f 376//1 426//1 427//1 377//1
f 377//1 427//1 428//1 378//1
f 378//1 428//1 429//1 379//1
f 379//1 429//1 430//1 380//1
f 380//1 430//1 431//1 381//1
f 381//1 431//1 432//1 382//1
f 382//1 432//1 433//1 383//1
f 383//1 433//1 434//1 384//1
f 384//1 434//1 435//1 385//1
f 385//1 435//1 436//1 386//1
f 386//1 436//1 437//1 387//1
f 387//1 437//1 438//1 388//1
f 388//1 438//1 439//1 389//1
f 389//1 439//1 440//1 390//1
f 390//1 440//1 441//1 391//1
f 391//1 441//1 442//1 392//1
f 392//1 442//1 443//1 393//1
f 393//1 443//1 444//1 394//1
f 394//1 444//1 445//1 395//1
f 395//1 445//1 446//1 396//1
f 396//1 446//1 447//1 397//1
f 397//1 447//1 448//1 398//1
f 398//1 448//1 449//1 399//1
f 399//1 449//1 450//1 400//1
f 401//1 451//1 452//1 402//1
f 402//1 452//1 453//1 403//1
f 403//1 453//1 454//1 404//1
f 404//1 454//1 455//1 405//1
f 405//1 455//1 456//1 406//1
f 406//1 456//1 457//1 407//1
f 407//1 457//1 458//1 408//1
f 408//1 458//1 459//1 409//1
f 409//1 459//1 460//1 410//1
f 410//1 460//1 461//1 411//1
f 411//1 461//1 462//1 412//1
f 412//1 462//1 463//1 413//1
f 413//1 463//1 464//1 414//1
f 414//1 464//1 465//1 415//1
f 415//1 465//1 466//1 416//1
f 416//1 466//1 467//1 417//1
f 417//1 467//1 468//1 418//1
f 418//1 468//1 469//1 419//1
f 419//1 469//1 470//1 420//1
f 420//1 470//1 471//1 421//1
f 421//1 471//1 472//1 422//1
f 422//1 472//1 473//1 423//1
f 423//1 473//1 474//1 424//1
f 424//1 474//1 475//1 425//1
f 425//1 475//1 476//1 426//1
f 426//1 476//1 477//1 427//1
f 427//1 477//1 478//1 428//1
f 428//1 478//1 479//1 429//1
f 429//1 479//1 480//1 430//1
f 430//1 480//1 481//1 431//1
f 431//1 481//1 482//1 432//1
f 432//1 482//1 483//1 433//1
f 433//1 483//1 484//1 434//1
f 434//1 484//1 485//1 435//1
f 435//1 485//1 486//1 436//1
f 436//1 486//1 487//1 437//1
f 437//1 487//1 488//1 438//1
f 438//1 488//1 489//1 439//1
f 439//1 489//1 490//1 440//1
f 440//1 490//1 491//1 441//1
f 441//1 491//1 492//1 442//1
f 442//1 492//1 493//1 443//1
f 443//1 493//1 494//1 444//1
f 444//1 494//1 495//1 445//1
f 445//1 495//1 496//1 446//1
f 446//1 496//1 497//1 447//1
f 447//1 497//1 498//1 448//1
f 448//1 498//1 499//1 449//1
f 449//1 499//1 500//1 450//1
f 451//1 501//1 502//1 452//1
f 452//1 502//1 503//1 453//1
f 453//1 503//1 504//1 454//1
f 454//1 504//1 505//1 455//1
f 455//1 505//1 506//1 456//1
f 456//1 506//1 507//1 457//1
f 457//1 507//1 508//1 458//1
f 458//1 508//1 509//1 459//1
f 459//1 509//1 510//1 460//1
f 460//1 510//1 511//1 461//1
f 461//1 511//1 512//1 462//1
f 462//1 512//1 513//1 463//1
f 463//1 513//1 514//1 464//1
f 464//1 514//1 515//1 465//1
f 465//1 515//1 516//1 466//1
f 466//1 516//1 517//1 467//1
f 467//1 517//1 518//1 468//1
f 468//1 518//1 519//1 469//1
f 469//1 519//1 520//1 470//1
f 470//1 520//1 521//1 471//1
f 471//1 521//1 522//1 472//1
f 472//1 522//1 523//1 473//1
f 473//1 523//1 524//1 474//1
f 474//1 524//1 525//1 475//1
f 475//1 525//1 526//1 476//1
f 476//1 526//1 527//1 477//1
f 477//1 527//1 528//1 478//1
f 478//1 528//1 529//1 479//1
f 479//1 529//1 530//1 480//1
f 480//1 530//1 531//1 481//1
f 481//1 531//1 532//1 482//1
f 482//1 532//1 533//1 483//1
f 483//1 533//1 534//1 484//1
f 484//1 534//1 535//1 485//1
f 485//1 535//1 536//1 486//1
f 486//1 536//1 537//1 487//1
f 487//1 537//1 538//1 488//1
f 488//1 538//1 539//1 489//1
f 489//1 539//1 540//1 490//1
f 490//1 540//1 541//1 491//1
f 491//1 541//1 542//1 492//1
f 492//1 542//1 543//1 493//1
f 493//1 543//1 544//1 494//1
f 494//1 544//1 545//1 495//1
f 495//1 545//1 546//1 496//1
f 496//1 546//1 547//1 497//1
f 497//1 547//1 548//1 498//1
f 498//1 548//1 549//1 499//1
f 499//1 549//1 550//1 500//1
f 501//1 551//1 552//1 502//1
f 502//1 552//1 553//1 503//1
f 503//1 553//1 554//1 504//1
f 504//1 554//1 555//1 505//1
f 505//1 555//1 556//1 506//1
f 506//1 556//1 557//1 507//1
f 507//1 557//1 558//1 508//1
f 508//1 558//1 559//1 509//1
f 509//1 559//1 560//1 510//1
f 510//1 560//1 561//1 511//1
f 511//1 561//1 562//1 512//1
f 512//1 562//1 563//1 513//1
f 513//1 563//1 564//1 514//1
f 514//1 564//1 565//1 515//1
f 515//1 565//1 566//1 516//1
f 516//1 566//1 567//1 517//1
f 517//1 567//1 568//1 518//1
f 518//1 568//1 569//1 519//1
f 519//1 569//1 570//1 520//1
f 520//1 570//1 571//1 521//1
f 521//1 571//1 572//1 522//1
f 522//1 572//1 573//1 523//1
f 523//1 573//1 574//1 524//1
f 524//1 574//1 575//1 525//1
f 525//1 575//1 576//1 526//1
f 526//1 576//1 577//1 527//1
f 527//1 577//1 578//1 528//1
f 528//1 578//1 579//1 529//1
f 529//1 579//1 580//1 530//1
f 530//1 580//1 581//1 531//1
f 531//1 581//1 582//1 532//1
f 532//1 582//1 583//1 533//1
f 533//1 583//1 584//1 534//1
f 534//1 584//1 585//1 535//1
f 535//1 585//1 586//1 536//1
f 536//1 586//1 587//1 537//1
f 537//1 587//1 588//1 538//1
f 538//1 588//1 589//1 539//1
f 539//1 589//1 590//1 540//1
f 540//1 590//1 591//1 541//1
f 541//1 591//1 592//1 542//1
f 542//1 592//1 593//1 543//1
f 543//1 593//1 594//1 544//1
f 544//1 594//1 595//1 545//1
f 545//1 595//1 596//1 546//1
f 546//1 596//1 597//1 547//1
f 547//1 597//1 598//1 548//1
f 548//1 598//1 599//1 549//1
f 549//1 599//1 600//1 550//1
f 551//1 601//1 602//1 552//1
f 552//1 602//1 603//1 553//1
f 553//1 603//1 604//1 554//1
f 554//1 604//1 605//1 555//1
f 555//1 605//1 606//1 556//1
f 556//1 606//1 607//1 557//1
f 557//1 607//1 608//1 558//1
f 558//1 608//1 609//1 559//1
f 559//1 609//1 610//1 560//1
f 560//1 610//1 611//1 561//1
f 561//1 611//1 612//1 562//1
f 562//1 612//1 613//1 563//1
f 563//1 613//1 614//1 564//1
f 564//1 614//1 615//1 565//1
f 565//1 615//1 616//1 566//1
f 566//1 616//1 617//1 567//1
f 567//1 617//1 618//1 568//1
f 568//1 618//1 619//1 569//1
f 569//1 619//1 620//1 570//1
f 570//1 620//1 621//1 571//1
f 571//1 621//1 622//1 572//1
f 572//1 622//1 623//1 573//1
f 573//1 623//1 624//1 574//1
f 574//1 624//1 625//1 575//1
f 575//1 625//1 626//1 576//1
f 576//1 626//1 627//1 577//1
f 577//1 627//1 628//1 578//1
f 578//1 628//1 629//1 579//1
f 579//1 629//1 630//1 580//1
f 580//1 630//1 631//1 581//1
f 581//1 631//1 632//1 582//1
f 582//1 632//1 633//1 583//1
f 583//1 633//1 634//1 584//1
f 584//1 634//1 635//1 585//1
f 585//1 635//1 636//1 586//1
f 586//1 636//1 637//1 587//1
f 587//1 637//1 638//1 588//1
f 588//1 638//1 639//1 589//1
f 589//1 639//1 640//1 590//1
f 590//1 640//1 641//1 591//1
f 591//1 641//1 642//1 592//1
f 592//1 642//1 643//1 593//1
f 593//1 643//1 644//1 594//1
f 594//1 644//1 645//1 595//1
f 595//1 645//1 646//1 596//1
f 596//1 646//1 647//1 597//1
f 597//1 647//1 648//1 598//1
f 598//1 648//1 649//1 599//1
f 599//1 649//1 650//1 600//1
f 601//1 651//1 652//1 602//1
f 602//1 652//1 653//1 603//1
f 603//1 653//1 654//1 604//1
f 604//1 654//1 655//1 605//1
f 605//1 655//1 656//1 606//1
f 606//1 656//1 657//1 607//1
f 607//1 657//1 658//1 608//1
f 608//1 658//1 659//1 609//1
f 609//1 659//1 660//1 610//1
f 610//1 660//1 661//1 611//1
f 611//1 661//1 662//1 612//1
f 612//1 662//1 663//1 613//1
f 613//1 663//1 664//1 614//1
f 614//1 664//1 665//1 615//1
f 615//1 665//1 666//1 616//1
f 616//1 666//1 667//1 617//1
f 617//1 667//1 668//1 618//1
f 618//1 668//1 669//1 619//1
f 619//1 669//1 670//1 620//1
f 620//1 670//1 671//1 621//1
f 621//1 671//1 672//1 622//1
f 622//1 672//1 673//1 623//1
f 623//1 673//1 674//1 624//1
f 624//1 674//1 675//1 625//1
f 625//1 675//1 676//1 626//1
f 626//1 676//1 677//1 627//1
f 627//1 677//1 678//1 628//1
f 628//1 678//1 679//1 629//1
f 629//1 679//1 680//1 630//1
f 630//1 680//1 681//1 631//1
f 631//1 681//1 682//1 632//1
f 632//1 682//1 683//1 633//1
f 633//1 683//1 684//1 634//1
f 634//1 684//1 685//1 635//1
f 635//1 685//1 686//1 636//1
f 636//1 686//1 687//1 637//1
f 637//1 687//1 688//1 638//1
f 638//1 688//1 689//1 639//1
f 639//1 689//1 690//1 640//1
f 640//1 690//1 691//1 641//1
f 641//1 691//1 692//1 642//1
f 642//1 692//1 693//1 643//1
f 643//1 693//1 694//1 644//1
f 644//1 694//1 695//1 645//1
f 645//1 695//1 696//1 646//1
f 646//1 696//1 697//1 647//1
f 647//1 697//1 698//1 648//1
f 648//1 698//1 699//1 649//1
f 649//1 699//1 700//1 650//1
f 651//1 701//1 702//1 652//1
f 652//1 702//1 703//1 653//1
f 653//1 703//1 704//1 654//1
f 654//1 704//1 705//1 655//1
f 655//1 705//1 706//1 656//1
f 656//1 706//1 707//1 657//1
f 657//1 707//1 708//1 658//1
f 658//1 708//1 709//1 659//1
f 659//1 709//1 710//1 660//1
f 660//1 710//1 711//1 661//1
f 661//1 711//1 712//1 662//1
f 662//1 712//1 713//1 663//1
f 663//1 713//1 714//1 664//1
f 664//1 714//1 715//1 665//1
f 665//1 715//1 716//1 666//1
f 666//1 716//1 717//1 667//1
f 667//1 717//1 718//1 668//1
f 668//1 718//1 719//1 669//1
f 669//1 719//1 720//1 670//1
f 670//1 720//1 721//1 671//1
f 671//1 721//1 722//1 672//1
f 672//1 722//1 723//1 673//1
f 673//1 723//1 724//1 674//1
f 674//1 724//1 725//1 675//1
f 675//1 725//1 726//1 676//1
f 676//1 726//1 727//1 677//1
f 677//1 727//1 728//1 678//1
f 678//1 728//1 729//1 679//1
f 679//1 729//1 730//1 680//1
f 680//1 730//1 731//1 681//1
f 681//1 731//1 732//1 682//1
f 682//1 732//1 733//1 683//1
f 683//1 733//1 734//1 684//1
f 684//1 734//1 735//1 685//1
f 685//1 735//1 736//1 686//1
f 686//1 736//1 737//1 687//1
f 687//1 737//1 738//1 688//1
f 688//1 738//1 739//1 689//1
f 689//1 739//1 740//1 690//1
f 690//1 740//1 741//1 691//1
f 691//1 741//1 742//1 692//1
f 692//1 742//1 743//1 693//1
f 693//1 743//1 744//1 694//1
f 694//1 744//1 745//1 695//1
f 695//1 745//1 746//1 696//1
f 696//1 746//1 747//1 697//1
f 697//1 747//1 748//1 698//1
f 698//1 748//1 749//1 699//1
f 699//1 749//1 750//1 700//1
f 701//1 751//1 752//1 702//1
f 702//1 752//1 753//1 703//1
f 703//1 753//1 754//1 704//1
f 704//1 754//1 755//1 705//1
f 705//1 755//1 756//1 706//1
f 706//1 756//1 757//1 707//1
f 707//1 757//1 758//1 708//1
f 708//1 758//1 759//1 709//1
f 709//1 759//1 760//1 710//1
f 710//1 760//1 761//1 711//1
f 711//1 761//1 762//1 712//1
f 712//1 762//1 763//1 713//1
f 713//1 763//1 764//1 714//1
f 714//1 764//1 765//1 715//1
f 715//1 765//1 766//1 716//1
f 716//1 766//1 767//1 717//1
f 717//1 767//1 768//1 718//1
f 718//1 768//1 769//1 719//1
f 719//1 769//1 770//1 720//1
f 720//1 770//1 771//1 721//1
f 721//1 771//1 772//1 722//1
f 722//1 772//1 773//1 723//1
f 723//1 773//1 774//1 724//1
f 724//1 774//1 775//1 725//1
f 725//1 775//1 776//1 726//1
f 726//1 776//1 777//1 727//1
f 727//1 777//1 778//1 728//1
f 728//1 778//1 779//1 729//1
f 729//1 779//1 780//1 730//1
f 730//1 780//1 781//1 731//1
f 731//1 781//1 782//1 732//1
f 732//1 782//1 783//1 733//1
f 733//1 783//1 784//1 734//1
f 734//1 784//1 785//1 735//1
f 735//1 785//1 786//1 736//1
f 736//1 786//1 787//1 737//1
f 737//1 787//1 788//1 738//1
f 738//1 788//1 789//1 739//1
f 739//1 789//1 790//1 740//1
f 740//1 790//1 791//1 741//1
f 741//1 791//1 792//1 742//1
f 742//1 792//1 793//1 743//1
f 743//1 793//1 794//1 744//1
f 744//1 794//1 795//1 745//1
f 745//1 795//1 796//1 746//1
f 746//1 796//1 797//1 747//1
f 747//1 797//1 798//1 748//1
f 748//1 798//1 799//1 749//1
f 749//1 799//1 800//1 750//1
f 751//1 801//1 802//1 752//1
f 752//1 802//1 803//1 753//1
f 753//1 803//1 804//1 754//1
f 754//1 804//1 805//1 755//1
f 755//1 805//1 806//1 756//1
f 756//1 806//1 807//1 757//1
f 757//1 807//1 808//1 758//1
f 758//1 808//1 809//1 759//1
f 759//1 809//1 810//1 760//1
f 760//1 810//1 811//1 761//1
f 761//1 811//1 812//1 762//1
f 762//1 812//1 813//1 763//1
f 763//1 813//1 814//1 764//1
f 764//1 814//1 815//1 765//1
f 765//1 815//1 816//1 766//1
f 766//1 816//1 817//1 767//1
f 767//1 817//1 818//1 768//1
f 768//1 818//1 819//1 769//1
f 769//1 819//1 820//1 770//1
f 770//1 820//1 821//1 771//1
f 771//1 821//1 822//1 772//1
f 772//1 822//1 823//1 773//1
f 773//1 823//1 824//1 774//1
f 774//1 824//1 825//1 775//1
f 775//1 825//1 826//1 776//1
f 776//1 826//1 827//1 777//1
f 777//1 827//1 828//1 778//1
f 778//1 828//1 829//1 779//1
f 779//1 829//1 830//1 780//1
f 780//1 830//1 831//1 781//1
f 781//1 831//1 832//1 782//1
f 782//1 832//1 833//1 783//1
f 783//1 833//1 834//1 784//1
f 784//1 834//1 835//1 785//1
f 785//1 835//1 836//1 786//1
f 786//1 836//1 837//1 787//1
f 787//1 837//1 838//1 788//1
f 788//1 838//1 839//1 789//1
f 789//1 839//1 840//1 790//1
f 790//1 840//1 841//1 791//1
f 791//1 841//1 842//1 792//1
f 792//1 842//1 843//1 793//1
f 793//1 843//1 844//1 794//1
f 794//1 844//1 845//1 795//1
f 795//1 845//1 846//1 796//1
f 796//1 846//1 847//1 797//1
f 797//1 847//1 848//1 798//1
f 798//1 848//1 849//1 799//1
f 799//1 849//1 850//1 800//1
f 801//1 851//1 852//1 802//1
f 802//1 852//1 853//1 803//1
f 803//1 853//1 854//1 804//1
f 804//1 854//1 855//1 805//1
f 805//1 855//1 856//1 806//1
f 806//1 856//1 857//1 807//1
f 807//1 857//1 858//1 808//1
f 808//1 858//1 859//1 809//1
f 809//1 859//1 860//1 810//1
f 810//1 860//1 861//1 811//1
f 811//1 861//1 862//1 812//1
f 812//1 862//1 863//1 813//1
f 813//1 863//1 864//1 814//1
f 814//1 864//1 865//1 815//1
f 815//1 865//1 866//1 816//1
f 816//1 866//1 867//1 817//1
f 817//1 867//1 868//1 818//1
f 818//1 868//1 869//1 819//1
f 819//1 869//1 870//1 820//1
f 820//1 870//1 871//1 821//1
f 821//1 871//1 872//1 822//1
f 822//1 872//1 873//1 823//1
f 823//1 873//1 874//1 824//1
f 824//1 874//1 875//1 825//1
f 825//1 875//1 876//1 826//1
f 826//1 876//1 877//1 827//1
f 827//1 877//1 878//1 828//1
f 828//1 878//1 879//1 829//1
f 829//1 879//1 880//1 830//1
f 830//1 880//1 881//1 831//1
f 831//1 881//1 882//1 832//1
f 832//1 882//1 883//1 833//1
f 833//1 883//1 884//1 834//1
f 834//1 884//1 885//1 835//1
f 835//1 885//1 886//1 836//1
f 836//1 886//1 887//1 837//1
f 837//1 887//1 888//1 838//1
f 838//1 888//1 889//1 839//1
f 839//1 889//1 890//1 840//1
f 840//1 890//1 891//1 841//1
f 841//1 891//1 892//1 842//1
f 842//1 892//1 893//1 843//1
f 843//1 893//1 894//1 844//1
f 844//1 894//1 895//1 845//1
f 845//1 895//1 896//1 846//1
f 846//1 896//1 897//1 847//1
f 847//1 897//1 898//1 848//1
f 848//1 898//1 899//1 849//1
f 849//1 899//1 900//1 850//1
f 851//1 901//1 902//1 852//1
f 852//1 902//1 903//1 853//1
f 853//1 903//1 904//1 854//1
f 854//1 904//1 905//1 855//1
f 855//1 905//1 906//1 856//1
f 856//1 906//1 907//1 857//1
f 857//1 907//1 908//1 858//1
f 858//1 908//1 909//1 859//1
f 859//1 909//1 910//1 860//1
f 860//1 910//1 911//1 861//1
f 861//1 911//1 912//1 862//1
f 862//1 912//1 913//1 863//1
f 863//1 913//1 914//1 864//1
f 864//1 914//1 915//1 865//1
f 865//1 915//1 916//1 866//1
f 866//1 916//1 917//1 867//1
f 867//1 917//1 918//1 868//1
f 868//1 918//1 919//1 869//1
f 869//1 919//1 920//1 870//1
f 870//1 920//1 921//1 871//1
f 871//1 921//1 922//1 872//1
f 872//1 922//1 923//1 873//1
f 873//1 923//1 924//1 874//1
f 874//1 924//1 925//1 875//1
f 875//1 925//1 926//1 876//1
f 876//1 926//1 927//1 877//1
f 877//1 927//1 928//1 878//1
f 878//1 928//1 929//1 879//1
f 879//1 929//1 930//1 880//1
f 880//1 930//1 931//1 881//1
f 881//1 931//1 932//1 882//1
f 882//1 932//1 933//1 883//1
f 883//1 933//1 934//1 884//1
f 884//1 934//1 935//1 885//1
f 885//1 935//1 936//1 886//1
f 886//1 936//1 937//1 887//1
f 887//1 937//1 938//1 888//1
f 888//1 938//1 939//1 889//1
f 889//1 939//1 940//1 890//1
f 890//1 940//1 941//1 891//1
f 891//1 941//1 942//1 892//1
f 892//1 942//1 943//1 893//1
f 893//1 943//1 944//1 894//1
f 894//1 944//1 945//1 895//1
f 895//1 945//1 946//1 896//1
f 896//1 946//1 947//1 897//1
f 897//1 947//1 948//1 898//1
f 898//1 948//1 949//1 899//1
f 899//1 949//1 950//1 900//1
f 901//1 951//1 952//1 902//1
f 902//1 952//1 953//1 903//1
f 903//1 953//1 954//1 904//1
f 904//1 954//1 955//1 905//1
f 905//1 955//1 956//1 906//1
f 906//1 956//1 957//1 907//1
f 907//1 957//1 958//1 908//1
f 908//1 958//1 959//1 909//1
f 909//1 959//1 960//1 910//1
f 910//1 960//1 961//1 911//1
f 911//1 961//1 962//1 912//1
f 912//1 962//1 963//1 913//1
f 913//1 963//1 964//1 914//1
f 914//1 964//1 965//1 915//1
f 915//1 965//1 966//1 916//1
f 916//1 966//1 967//1 917//1
f 917//1 967//1 968//1 918//1
f 918//1 968//1 969//1 919//1
f 919//1 969//1 970//1 920//1
f 920//1 970//1 971//1 921//1
f 921//1 971//1 972//1 922//1
f 922//1 972//1 973//1 923//1
f 923//1 973//1 974//1 924//1
f 924//1 974//1 975//1 925//1
f 925//1 975//1 976//1 926//1
f 926//1 976//1 977//1 927//1
f 927//1 977//1 978//1 928//1
f 928//1 978//1 979//1 929//1
f 929//1 979//1 980//1 930//1
f 930//1 980//1 981//1 931//1
f 931//1 981//1 982//1 932//1
f 932//1 982//1 983//1 933//1
f 933//1 983//1 984//1 934//1
f 934//1 984//1 985//1 935//1
f 935//1 985//1 986//1 936//1
f 936//1 986//1 987//1 937//1
f 937//1 987//1 988//1 938//1
f 938//1 988//1 989//1 939//1
f 939//1 989//1 990//1 940//1
f 940//1 990//1 991//1 941//1
f 941//1 991//1 992//1 942//1
f 942//1 992//1 993//1 943//1
f 943//1 993//1 994//1 944//1
f 944//1 994//1 995//1 945//1
f 945//1 995//1 996//1 946//1
f 946//1 996//1 997//1 947//1
f 947//1 997//1 998//1 948//1
f 948//1 998//1 999//1 949//1
f 949//1 999//1 1000//1 950//1
f 951//1 1001//1 1002//1 952//1
f 952//1 1002//1 1003//1 953//1
f 953//1 1003//1 1004//1 954//1
f 954//1 1004//1 1005//1 955//1
f 955//1 1005//1 1006//1 956//1
f 956//1 1006//1 1007//1 957//1
f 957//1 1007//1 1008//1 958//1
f 958//1 1008//1 1009//1 959//1
f 959//1 1009//1 1010//1 960//1
f 960//1 1010//1 1011//1 961//1
f 961//1 1011//1 1012//1 962//1
f 962//1 1012//1 1013//1 963//1
f 963//1 1013//1 1014//1 964//1
f 964//1 1014//1 1015//1 965//1
f 965//1 1015//1 1016//1 966//1
f 966//1 1016//1 1017//1 967//1
f 967//1 1017//1 1018//1 968//1
f 968//1 1018//1 1019//1 969//1
f 969//1 1019//1 1020//1 970//1
f 970//1 1020//1 1021//1 971//1
f 971//1 1021//1 1022//1 972//1
f 972//1 1022//1 1023//1 973//1
f 973//1 1023//1 1024//1 974//1
f 974//1 1024//1 1025//1 975//1
f 975//1 1025//1 1026//1 976//1
f 976//1 1026//1 1027//1 977//1
f 977//1 1027//1 1028//1 978//1
f 978//1 1028//1 1029//1 979//1
f 979//1 1029//1 1030//1 980//1
f 980//1 1030//1 1031//1 981//1
f 981//1 1031//1 1032//1 982//1
f 982//1 1032//1 1033//1 983//1
f 983//1 1033//1 1034//1 984//1
f 984//1 1034//1 1035//1 985//1
f 985//1 1035//1 1036//1 986//1
f 986//1 1036//1 1037//1 987//1
f 987//1 1037//1 1038//1 988//1
f 988//1 1038//1 1039//1 989//1
f 989//1 1039//1 1040//1 990//1
f 990//1 1040//1 1041//1 991//1
f 991//1 1041//1 1042//1 992//1
f 992//1 1042//1 1043//1 993//1
f 993//1 1043//1 1044//1 994//1
f 994//1 1044//1 1045//1 995//1
f 995//1 1045//1 1046//1 996//1
f 996//1 1046//1 1047//1 997//1
f 997//1 1047//1 1048//1 998//1
f 998//1 1048//1 1049//1 999//1
f 999//1 1049//1 1050//1 1000//1
f 1001//1 1051//1 1052//1 1002//1
f 1002//1 1052//1 1053//1 1003//1
f 1003//1 1053//1 1054//1 1004//1
f 1004//1 1054//1 1055//1 1005//1
f 1005//1 1055//1 1056//1 1006//1
f 1006//1 1056//1 1057//1 1007//1
f 1007//1 1057//1 1058//1 1008//1
f 1008//1 1058//1 1059//1 1009//1
f 1009//1 1059//1 1060//1 1010//1
f 1010//1 1060//1 1061//1 1011//1
f 1011//1 1061//1 1062//1 1012//1
f 1012//1 1062//1 1063//1 1013//1
f 1013//1 1063//1 1064//1 1014//1
f 1014//1 1064//1 1065//1 1015//1
f 1015//1 1065//1 1066//1 1016//1
f 1016//1 1066//1 1067//1 1017//1
f 1017//1 1067//1 1068//1 1018//1
f 1018//1 1068//1 1069//1 1019//1
f 1019//1 1069//1 1070//1 1020//1
f 1020//1 1070//1 1071//1 1021//1
f 1021//1 1071//1 1072//1 1022//1
f 1022//1 1072//1 1073//1 1023//1
f 1023//1 1073//1 1074//1 1024//1
f 1024//1 1074//1 1075//1 1025//1
f 1025//1 1075//1 1076//1 1026//1
f 1026//1 1076//1 1077//1 1027//1
f 1027//1 1077//1 1078//1 1028//1
f 1028//1 1078//1 1079//1 1029//1
f 1029//1 1079//1 1080//1 1030//1
f 1030//1 1080//1 1081//1 1031//1
f 1031//1 1081//1 1082//1 1032//1
f 1032//1 1082//1 1083//1 1033//1
f 1033//1 1083//1 1084//1 1034//1
f 1034//1 1084//1 1085//1 1035//1
f 1035//1 1085//1 1086//1 1036//1
f 1036//1 1086//1 1087//1 1037//1
f 1037//1 1087//1 1088//1 1038//1
f 1038//1 1088//1 1089//1 1039//1
f 1039//1 1089//1 1090//1 1040//1
f 1040//1 1090//1 1091//1 1041//1
f 1041//1 1091//1 1092//1 1042//1
f 1042//1 1092//1 1093//1 1043//1
f 1043//1 1093//1 1094//1 1044//1
f 1044//1 1094//1 1095//1 1045//1
f 1045//1 1095//1 1096//1 1046//1
f 1046//1 1096//1 1097//1 1047//1
f 1047//1 1097//1 1098//1 1048//1
f 1048//1 1098//1 1099//1 1049//1
f 1049//1 1099//1 1100//1 1050//1
f 1051//1 1101//1 1102//1 1052//1
f 1052//1 1102//1 1103//1 1053//1
f 1053//1 1103//1 1104//1 1054//1
f 1054//1 1104//1 1105//1 1055//1
f 1055//1 1105//1 1106//1 1056//1
f 1056//1 1106//1 1107//1 1057//1
f 1057//1 1107//1 1108//1 1058//1
f 1058//1 1108//1 1109//1 1059//1
f 1059//1 1109//1 1110//1 1060//1
f 1060//1 1110//1 1111//1 1061//1
f 1061//1 1111//1 1112//1 1062//1
f 1062//1 1112//1 1113//1 1063//1
f 1063//1 1113//1 1114//1 1064//1
f 1064//1 1114//1 1115//1 1065//1
f 1065//1 1115//1 1116//1 1066//1
f 1066//1 1116//1 1117//1 1067//1
f 1067//1 1117//1 1118//1 1068//1
f 1068//1 1118//1 1119//1 1069//1
f 1069//1 1119//1 1120//1 1070//1
f 1070//1 1120//1 1121//1 1071//1
f 1071//1 1121//1 1122//1 1072//1
f 1072//1 1122//1 1123//1 1073//1
f 1073//1 1123//1 1124//1 1074//1
f 1074//1 1124//1 1125//1 1075//1
f 1075//1 1125//1 1126//1 1076//1
f 1076//1 1126//1 1127//1 1077//1
f 1077//1 1127//1 1128//1 1078//1
f 1078//1 1128//1 1129//1 1079//1
f 1079//1 1129//1 1130//1 1080//1
f 1080//1 1130//1 1131//1 1081//1
f 1081//1 1131//1 1132//1 1082//1
f 1082//1 1132//1 1133//1 1083//1
f 1083//1 1133//1 1134//1 1084//1
f 1084//1 1134//1 1135//1 1085//1
f 1085//1 1135//1 1136//1 1086//1
f 1086//1 1136//1 1137//1 1087//1
f 1087//1 1137//1 1138//1 1088//1
f 1088//1 1138//1 1139//1 1089//1
f 1089//1 1139//1 1140//1 1090//1
f 1090//1 1140//1 1141//1 1091//1
f 1091//1 1141//1 1142//1 1092//1
f 1092//1 1142//1 1143//1 1093//1
f 1093//1 1143//1 1144//1 1094//1
f 1094//1 1144//1 1145//1 1095//1
f 1095//1 1145//1 1146//1 1096//1
f 1096//1 1146//1 1147//1 1097//1
f 1097//1 1147//1 1148//1 1098//1
f 1098//1 1148//1 1149//1 1099//1
f 1099//1 1149//1 1150//1 1100//1
f 1101//1 1151//1 1152//1 1102//1
f 1102//1 1152//1 1153//1 1103//1
f 1103//1 1153//1 1154//1 1104//1
f 1104//1 1154//1 1155//1 1105//1
f 1105//1 1155//1 1156//1 1106//1
f 1106//1 1156//1 1157//1 1107//1
f 1107//1 1157//1 1158//1 1108//1
f 1108//1 1158//1 1159//1 1109//1
f 1109//1 1159//1 1160//1 1110//1
f 1110//1 1160//1 1161//1 1111//1
f 1111//1 1161//1 1162//1 1112//1
f 1112//1 1162//1 1163//1 1113//1
f 1113//1 1163//1 1164//1 1114//1
f 1114//1 1164//1 1165//1 1115//1
f 1115//1 1165//1 1166//1 1116//1
f 1116//1 1166//1 1167//1 1117//1
f 1117//1 1167//1 1168//1 1118//1
f 1118//1 1168//1 1169//1 1119//1
f 1119//1 1169//1 1170//1 1120//1
f 1120//1 1170//1 1171//1 1121//1
f 1121//1 1171//1 1172//1 1122//1
f 1122//1 1172//1 1173//1 1123//1
f 1123//1 1173//1 1174//1 1124//1
f 1124//1 1174//1 1175//1 1125//1
f 1125//1 1175//1 1176//1 1126//1
f 1126//1 1176//1 1177//1 1127//1
f 1127//1 1177//1 1178//1 1128//1
f 1128//1 1178//1 1179//1 1129//1
f 1129//1 1179//1 1180//1 1130//1
f 1130//1 1180//1 1181//1 1131//1
f 1131//1 1181//1 1182//1 1132//1
f 1132//1 1182//1 1183//1 1133//1
f 1133//1 1183//1 1184//1 1134//1
f 1134//1 1184//1 1185//1 1135//1
f 1135//1 1185//1 1186//1 1136//1
f 1136//1 1186//1 1187//1 1137//1
f 1137//1 1187//1 1188//1 1138//1
f 1138//1 1188//1 1189//1 1139//1
f 1139//1 1189//1 1190//1 1140//1
f 1140//1 1190//1 1191//1 1141//1
f 1141//1 1191//1 1192//1 1142//1
f 1142//1 1192//1 1193//1 1143//1
f 1143//1 1193//1 1194//1 1144//1
f 1144//1 1194//1 1195//1 1145//1
f 1145//1 1195//1 1196//1 1146//1
f 1146//1 1196//1 1197//1 1147//1
f 1147//1 1197//1 1198//1 1148//1
f 1148//1 1198//1 1199//1 1149//1
f 1149//1 1199//1 1200//1 1150//1
f 1151//1 1201//1 1202//1 1152//1
f 1152//1 1202//1 1203//1 1153//1
f 1153//1 1203//1 1204//1 1154//1
f 1154//1 1204//1 1205//1 1155//1
f 1155//1 1205//1 1206//1 1156//1
f 1156//1 1206//1 1207//1 1157//1
f 1157//1 1207//1 1208//1 1158//1
f 1158//1 1208//1 1209//1 1159//1
f 1159//1 1209//1 1210//1 1160//1
f 1160//1 1210//1 1211//1 1161//1
f 1161//1 1211//1 1212//1 1162//1
f 1162//1 1212//1 1213//1 1163//1
f 1163//1 1213//1 1214//1 1164//1
f 1164//1 1214//1 1215//1 1165//1
f 1165//1 1215//1 1216//1 1166//1
f 1166//1 1216//1 1217//1 1167//1
f 1167//1 1217//1 1218//1 1168//1
f 1168//1 1218//1 1219//1 1169//1
f 1169//1 1219//1 1220//1 1170//1
f 1170//1 1220//1 1221//1 1171//1
f 1171//1 1221//1 1222//1 1172//1
f 1172//1 1222//1 1223//1 1173//1
f 1173//1 1223//1 1224//1 1174//1
f 1174//1 1224//1 1225//1 1175//1
f 1175//1 1225//1 1226//1 1176//1
f 1176//1 1226//1 1227//1 1177//1
f 1177//1 1227//1 1228//1 1178//1
f 1178//1 1228//1 1229//1 1179//1
f 1179//1 1229//1 1230//1 1180//1
f 1180//1 1230//1 1231//1 1181//1
f 1181//1 1231//1 1232//1 1182//1
f 1182//1 1232//1 1233//1 1183//1
f 1183//1 1233//1 1234//1 1184//1
f 1184//1 1234//1 1235//1 1185//1
f 1185//1 1235//1 1236//1 1186//1
f 1186//1 1236//1 1237//1 1187//1
f 1187//1 1237//1 1238//1 1188//1
f 1188//1 1238//1 1239//1 1189//1
f 1189//1 1239//1 1240//1 1190//1
f 1190//1 1240//1 1241//1 1191//1
f 1191//1 1241//1 1242//1 1192//1
f 1192//1 1242//1 1243//1 1193//1
f 1193//1 1243//1 1244//1 1194//1
f 1194//1 1244//1 1245//1 1195//1
f 1195//1 1245//1 1246//1 1196//1
f 1196//1 1246//1 1247//1 1197//1
f 1197//1 1247//1 1248//1 1198//1
f 1198//1 1248//1 1249//1 1199//1
f 1199//1 1249//1 1250//1 1200//1
f 1201//1 1251//1 1252//1 1202//1
f 1202//1 1252//1 1253//1 1203//1
f 1203//1 1253//1 1254//1 1204//1
f 1204//1 1254//1 1255//1 1205//1
f 1205//1 1255//1 1256//1 1206//1
f 1206//1 1256//1 1257//1 1207//1
f 1207//1 1257//1 1258//1 1208//1
f 1208//1 1258//1 1259//1 1209//1
f 1209//1 1259//1 1260//1 1210//1
f 1210//1 1260//1 1261//1 1211//1
f 1211//1 1261//1 1262//1 1212//1
f 1212//1 1262//1 1263//1 1213//1
f 1213//1 1263//1 1264//1 1214//1
f 1214//1 1264//1 1265//1 1215//1
f 1215//1 1265//1 1266//1 1216//1
f 1216//1 1266//1 1267//1 1217//1
f 1217//1 1267//1 1268//1 1218//1
f 1218//1 1268//1 1269//1 1219//1
f 1219//1 1269//1 1270//1 1220//1
f 1220//1 1270//1 1271//1 1221//1
f 1221//1 1271//1 1272//1 1222//1
f 1222//1 1272//1 1273//1 1223//1
f 1223//1 1273//1 1274//1 1224//1
f 1224//1 1274//1 1275//1 1225//1
f 1225//1 1275//1 1276//1 1226//1
f 1226//1 1276//1 1277//1 1227//1
f 1227//1 1277//1 1278//1 1228//1
f 1228//1 1278//1 1279//1 1229//1
f 1229//1 1279//1 1280//1 1230//1
f 1230//1 1280//1 1281//1 1231//1
f 1231//1 1281//1 1282//1 1232//1
f 1232//1 1282//1 1283//1 1233//1
f 1233//1 1283//1 1284//1 1234//1
f 1234//1 1284//1 1285//1 1235//1
f 1235//1 1285//1 1286//1 1236//1
f 1236//1 1286//1 1287//1 1237//1
f 1237//1 1287//1 1288//1 1238//1
f 1238//1 1288//1 1289//1 1239//1
f 1239//1 1289//1 1290//1 1240//1
f 1240//1 1290//1 1291//1 1241//1
f 1241//1 1291//1 1292//1 1242//1
f 1242//1 1292//1 1293//1 1243//1
f 1243//1 1293//1 1294//1 1244//1
f 1244//1 1294//1 1295//1 1245//1
f 1245//1 1295//1 1296//1 1246//1
f 1246//1 1296//1 1297//1 1247//1
f 1247//1 1297//1 1298//1 1248//1
f 1248//1 1298//1 1299//1 1249//1
f 1249//1 1299//1 1300//1 1250//1
f 1251//1 1301//1 1302//1 1252//1
f 1252//1 1302//1 1303//1 1253//1
f 1253//1 1303//1 1304//1 1254//1
f 1254//1 1304//1 1305//1 1255//1
f 1255//1 1305//1 1306//1 1256//1
f 1256//1 1306//1 1307//1 1257//1
f 1257//1 1307//1 1308//1 1258//1
f 1258//1 1308//1 1309//1 1259//1
f 1259//1 1309//1 1310//1 1260//1
f 1260//1 1310//1 1311//1 1261//1
f 1261//1 1311//1 1312//1 1262//1
f 1262//1 1312//1 1313//1 1263//1
f 1263//1 1313//1 1314//1 1264//1
f 1264//1 1314//1 1315//1 1265//1
f 1265//1 1315//1 1316//1 1266//1
f 1266//1 1316//1 1317//1 1267//1
f 1267//1 1317//1 1318//1 1268//1
f 1268//1 1318//1 1319//1 1269//1
f 1269//1 1319//1 1320//1 1270//1
f 1270//1 1320//1 1321//1 1271//1
f 1271//1 1321//1 1322//1 1272//1
f 1272//1 1322//1 1323//1 1273//1
f 1273//1 1323//1 1324//1 1274//1
f 1274//1 1324//1 1325//1 1275//1
f 1275//1 1325//1 1326//1 1276//1
f 1276//1 1326//1 1327//1 1277//1
f 1277//1 1327//1 1328//1 1278//1
f 1278//1 1328//1 1329//1 1279//1
f 1279//1 1329//1 1330//1 1280//1
f 1280//1 1330//1 1331//1 1281//1
f 1281//1 1331//1 1332//1 1282//1
f 1282//1 1332//1 1333//1 1283//1
f 1283//1 1333//1 1334//1 1284//1
f 1284//1 1334//1 1335//1 1285//1
f 1285//1 1335//1 1336//1 1286//1
f 1286//1 1336//1 1337//1 1287//1
f 1287//1 1337//1 1338//1 1288//1
f 1288//1 1338//1 1339//1 1289//1
f 1289//1 1339//1 1340//1 1290//1
f 1290//1 1340//1 1341//1 1291//1
f 1291//1 1341//1 1342//1 1292//1
f 1292//1 1342//1 1343//1 1293//1
f 1293//1 1343//1 1344//1 1294//1
f 1294//1 1344//1 1345//1 1295//1
f 1295//1 1345//1 1346//1 1296//1
f 1296//1 1346//1 1347//1 1297//1
f 1297//1 1347//1 1348//1 1298//1
f 1298//1 1348//1 1349//1 1299//1
f 1299//1 1349//1 1350//1 1300//1
f 1301//1 1351//1 1352//1 1302//1
f 1302//1 1352//1 1353//1 1303//1
f 1303//1 1353//1 1354//1 1304//1
f 1304//1 1354//1 1355//1 1305//1
f 1305//1 1355//1 1356//1 1306//1
f 1306//1 1356//1 1357//1 1307//1
f 1307//1 1357//1 1358//1 1308//1
f 1308//1 1358//1 1359//1 1309//1
f 1309//1 1359//1 1360//1 1310//1
f 1310//1 1360//1 1361//1 1311//1
f 1311//1 1361//1 1362//1 1312//1
f 1312//1 1362//1 1363//1 1313//1
f 1313//1 1363//1 1364//1 1314//1
f 1314//1 1364//1 1365//1 1315//1
f 1315//1 1365//1 1366//1 1316//1
f 1316//1 1366//1 1367//1 1317//1
f 1317//1 1367//1 1368//1 1318//1
f 1318//1 1368//1 1369//1 1319//1
f 1319//1 1369//1 1370//1 1320//1
f 1320//1 1370//1 1371//1 1321//1
f 1321//1 1371//1 1372//1 1322//1
f 1322//1 1372//1 1373//1 1323//1
f 1323//1 1373//1 1374//1 1324//1
f 1324//1 1374//1 1375//1 1325//1
f 1325//1 1375//1 1376//1 1326//1
f 1326//1 1376//1 1377//1 1327//1
f 1327//1 1377//1 1378//1 1328//1
f 1328//1 1378//1 1379//1 1329//1
f 1329//1 1379//1 1380//1 1330//1
f 1330//1 1380//1 1381//1 1331//1
f 1331//1 1381//1 1382//1 1332//1
f 1332//1 1382//1 1383//1 1333//1
f 1333//1 1383//1 1384//1 1334//1
f 1334//1 1384//1 1385//1 1335//1
f 1335//1 1385//1 1386//1 1336//1
f 1336//1 1386//1 1387//1 1337//1
f 1337//1 1387//1 1388//1 1338//1
f 1338//1 1388//1 1389//1 1339//1
f 1339//1 1389//1 1390//1 1340//1
f 1340//1 1390//1 1391//1 1341//1
f 1341//1 1391//1 1392//1 1342//1
f 1342//1 1392//1 1393//1 1343//1
f 1343//1 1393//1 1394//1 1344//1
f 1344//1 1394//1 1395//1 1345//1
f 1345//1 1395//1 1396//1 1346//1
f 1346//1 1396//1 1397//1 1347//1
f 1347//1 1397//1 1398//1 1348//1
f 1348//1 1398//1 1399//1 1349//1
f 1349//1 1399//1 1400//1 1350//1
f 1351//1 1401//1 1402//1 1352//1
f 1352//1 1402//1 1403//1 1353//1
f 1353//1 1403//1 1404//1 1354//1
f 1354//1 1404//1 1405//1 1355//1
f 1355//1 1405//1 1406//1 1356//1
f 1356//1 1406//1 1407//1 1357//1
f 1357//1 1407//1 1408//1 1358//1
f 1358//1 1408//1 1409//1 1359//1
f 1359//1 1409//1 1410//1 1360//1
f 1360//1 1410//1 1411//1 1361//1
f 1361//1 1411//1 1412//1 1362//1
f 1362//1 1412//1 1413//1 1363//1
f 1363//1 1413//1 1414//1 1364//1
f 1364//1 1414//1 1415//1 1365//1
f 1365//1 1415//1 1416//1 1366//1
f 1366//1 1416//1 1417//1 1367//1
f 1367//1 1417//1 1418//1 1368//1
f 1368//1 1418//1 1419//1 1369//1
f 1369//1 1419//1 1420//1 1370//1
f 1370//1 1420//1 1421//1 1371//1
f 1371//1 1421//1 1422//1 1372//1
f 1372//1 1422//1 1423//1 1373//1
f 1373//1 1423//1 1424//1 1374//1
f 1374//1 1424//1 1425//1 1375//1
f 1375//1 1425//1 1426//1 1376//1
f 1376//1 1426//1 1427//1 1377//1
f 1377//1 1427//1 1428//1 1378//1
f 1378//1 1428//1 1429//1 1379//1
f 1379//1 1429//1 1430//1 1380//1
f 1380//1 1430//1 1431//1 1381//1
f 1381//1 1431//1 1432//1 1382//1
f 1382//1 1432//1 1433//1 1383//1
f 1383//1 1433//1 1434//1 1384//1
f 1384//1 1434//1 1435//1 1385//1
f 1385//1 1435//1 1436//1 1386//1
f 1386//1 1436//1 1437//1 1387//1
f 1387//1 1437//1 1438//1 1388//1
f 1388//1 1438//1 1439//1 1389//1
f 1389//1 1439//1 1440//1 1390//1
f 1390//1 1440//1 1441//1 1391//1
f 1391//1 1441//1 1442//1 1392//1
f 1392//1 1442//1 1443//1 1393//1
f 1393//1 1443//1 1444//1 1394//1
f 1394//1 1444//1 1445//1 1395//1
f 1395//1 1445//1 1446//1 1396//1
f 1396//1 1446//1 1447//1 1397//1
f 1397//1 1447//1 1448//1 1398//1
f 1398//1 1448//1 1449//1 1399//1
f 1399//1 1449//1 1450//1 1400//1
f 1401//1 1451//1 1452//1 1402//1
f 1402//1 1452//1 1453//1 1403//1
f 1403//1 1453//1 1454//1 1404//1
f 1404//1 1454//1 1455//1 1405//1
f 1405//1 1455//1 1456//1 1406//1
f 1406//1 1456//1 1457//1 1407//1
f 1407//1 1457//1 1458//1 1408//1
f 1408//1 1458//1 1459//1 1409//1
f 1409//1 1459//1 1460//1 1410//1
f 1410//1 1460//1 1461//1 1411//1
f 1411//1 1461//1 1462//1 1412//1
f 1412//1 1462//1 1463//1 1413//1
f 1413//1 1463//1 1464//1 1414//1
f 1414//1 1464//1 1465//1 1415//1
f 1415//1 1465//1 1466//1 1416//1
f 1416//1 1466//1 1467//1 1417//1
f 1417//1 1467//1 1468//1 1418//1
f 1418//1 1468//1 1469//1 1419//1
f 1419//1 1469//1 1470//1 1420//1
f 1420//1 1470//1 1471//1 1421//1
f 1421//1 1471//1 1472//1 1422//1
f 1422//1 1472//1 1473//1 1423//1
f 1423//1 1473//1 1474//1 1424//1
f 1424//1 1474//1 1475//1 1425//1
f 1425//1 1475//1 1476//1 1426//1
f 1426//1 1476//1 1477//1 1427//1
f 1427//1 1477//1 1478//1 1428//1
f 1428//1 1478//1 1479//1 1429//1
f 1429//1 1479//1 1480//1 1430//1
f 1430//1 1480//1 1481//1 1431//1
f 1431//1 1481//1 1482//1 1432//1
f 1432//1 1482//1 1483//1 1433//1
f 1433//1 1483//1 1484//1 1434//1
f 1434//1 1484//1 1485//1 1435//1
f 1435//1 1485//1 1486//1 1436//1
f 1436//1 1486//1 1487//1 1437//1
f 1437//1 1487//1 1488//1 1438//1
f 1438//1 1488//1 1489//1 1439//1
f 1439//1 1489//1 1490//1 1440//1
f 1440//1 1490//1 1491//1 1441//1
f 1441//1 1491//1 1492//1 1442//1
f 1442//1 1492//1 1493//1 1443//1
f 1443//1 1493//1 1494//1 1444//1
f 1444//1 1494//1 1495//1 1445//1
f 1445//1 1495//1 1496//1 1446//1
f 1446//1 1496//1 1497//1 1447//1
f 1447//1 1497//1 1498//1 1448//1
f 1448//1 1498//1 1499//1 1449//1
f 1449//1 1499//1 1500//1 1450//1
f 1451//1 1501//1 1502//1 1452//1
f 1452//1 1502//1 1503//1 1453//1
f 1453//1 1503//1 1504//1 1454//1
f 1454//1 1504//1 1505//1 1455//1
f 1455//1 1505//1 1506//1 1456//1
f 1456//1 1506//1 1507//1 1457//1
f 1457//1 1507//1 1508//1 1458//1
f 1458//1 1508//1 1509//1 1459//1
f 1459//1 1509//1 1510//1 1460//1
f 1460//1 1510//1 1511//1 1461//1
f 1461//1 1511//1 1512//1 1462//1
f 1462//1 1512//1 1513//1 1463//1
f 1463//1 1513//1 1514//1 1464//1
f 1464//1 1514//1 1515//1 1465//1
f 1465//1 1515//1 1516//1 1466//1
f 1466//1 1516//1 1517//1 1467//1
f 1467//1 1517//1 1518//1 1468//1
f 1468//1 1518//1 1519//1 1469//1
f 1469//1 1519//1 1520//1 1470//1
f 1470//1 1520//1 1521//1 1471//1
f 1471//1 1521//1 1522//1 1472//1
f 1472//1 1522//1 1523//1 1473//1
f 1473//1 1523//1 1524//1 1474//1
f 1474//1 1524//1 1525//1 1475//1
f 1475//1 1525//1 1526//1 1476//1
f 1476//1 1526//1 1527//1 1477//1
f 1477//1 1527//1 1528//1 1478//1
f 1478//1 1528//1 1529//1 1479//1
f 1479//1 1529//1 1530//1 1480//1
f 1480//1 1530//1 1531//1 1481//1
f 1481//1 1531//1 1532//1 1482//1
f 1482//1 1532//1 1533//1 1483//1
f 1483//1 1533//1 1534//1 1484//1
f 1484//1 1534//1 1535//1 1485//1
f 1485//1 1535//1 1536//1 1486//1
f 1486//1 1536//1 1537//1 1487//1
f 1487//1 1537//1 1538//1 1488//1
f 1488//1 1538//1 1539//1 1489//1
f 1489//1 1539//1 1540//1 1490//1
f 1490//1 1540//1 1541//1 1491//1
f 1491//1 1541//1 1542//1 1492//1
f 1492//1 1542//1 1543//1 1493//1
f 1493//1 1543//1 1544//1 1494//1
f 1494//1 1544//1 1545//1 1495//1
f 1495//1 1545//1 1546//1 1496//1
f 1496//1 1546//1 1547//1 1497//1
f 1497//1 1547//1 1548//1 1498//1
f 1498//1 1548//1 1549//1 1499//1
f 1499//1 1549//1 1550//1 1500//1
f 1501//1 1551//1 1552//1 1502//1
f 1502//1 1552//1 1553//1 1503//1
f 1503//1 1553//1 1554//1 1504//1
f 1504//1 1554//1 1555//1 1505//1
f 1505//1 1555//1 1556//1 1506//1
f 1506//1 1556//1 1557//1 1507//1
f 1507//1 1557//1 1558//1 1508//1
f 1508//1 1558//1 1559//1 1509//1
f 1509//1 1559//1 1560//1 1510//1
f 1510//1 1560//1 1561//1 1511//1
f 1511//1 1561//1 1562//1 1512//1
f 1512//1 1562//1 1563//1 1513//1
f 1513//1 1563//1 1564//1 1514//1
f 1514//1 1564//1 1565//1 1515//1
f 1515//1 1565//1 1566//1 1516//1
f 1516//1 1566//1 1567//1 1517//1
f 1517//1 1567//1 1568//1 1518//1
f 1518//1 1568//1 1569//1 1519//1
f 1519//1 1569//1 1570//1 1520//1
f 1520//1 1570//1 1571//1 1521//1
f 1521//1 1571//1 1572//1 1522//1
f 1522//1 1572//1 1573//1 1523//1
f 1523//1 1573//1 1574//1 1524//1
f 1524//1 1574//1 1575//1 1525//1
f 1525//1 1575//1 1576//1 1526//1
f 1526//1 1576//1 1577//1 1527//1
f 1527//1 1577//1 1578//1 1528//1
f 1528//1 1578//1 1579//1 1529//1
f 1529//1 1579//1 1580//1 1530//1
f 1530//1 1580//1 1581//1 1531//1
f 1531//1 1581//1 1582//1 1532//1
f 1532//1 1582//1 1583//1 1533//1
f 1533//1 1583//1 1584//1 1534//1
f 1534//1 1584//1 1585//1 1535//1
f 1535//1 1585//1 1586//1 1536//1
f 1536//1 1586//1 1587//1 1537//1
f 1537//1 1587//1 1588//1 1538//1
f 1538//1 1588//1 1589//1 1539//1
f 1539//1 1589//1 1590//1 1540//1
f 1540//1 1590//1 1591//1 1541//1
f 1541//1 1591//1 1592//1 1542//1
f 1542//1 1592//1 1593//1 1543//1
f 1543//1 1593//1 1594//1 1544//1
f 1544//1 1594//1 1595//1 1545//1
f 1545//1 1595//1 1596//1 1546//1
f 1546//1 1596//1 1597//1 1547//1
f 1547//1 1597//1 1598//1 1548//1
f 1548//1 1598//1 1599//1 1549//1
f 1549//1 1599//1 1600//1 1550//1
f 1551//1 1601//1 1602//1 1552//1
f 1552//1 1602//1 1603//1 1553//1
f 1553//1 1603//1 1604//1 1554//1
f 1554//1 1604//1 1605//1 1555//1
f 1555//1 1605//1 1606//1 1556//1
f 1556//1 1606//1 1607//1 1557//1
f 1557//1 1607//1 1608//1 1558//1
f 1558//1 1608//1 1609//1 1559//1
f 1559//1 1609//1 1610//1 1560//1
f 1560//1 1610//1 1611//1 1561//1
f 1561//1 1611//1 1612//1 1562//1
f 1562//1 1612//1 1613//1 1563//1
f 1563//1 1613//1 1614//1 1564//1
f 1564//1 1614//1 1615//1 1565//1
f 1565//1 1615//1 1616//1 1566//1
f 1566//1 1616//1 1617//1 1567//1
f 1567//1 1617//1 1618//1 1568//1
f 1568//1 1618//1 1619//1 1569//1
f 1569//1 1619//1 1620//1 1570//1
f 1570//1 1620//1 1621//1 1571//1
f 1571//1 1621//1 1622//1 1572//1
f 1572//1 1622//1 1623//1 1573//1
f 1573//1 1623//1 1624//1 1574//1
f 1574//1 1624//1 1625//1 1575//1
f 1575//1 1625//1 1626//1 1576//1
f 1576//1 1626//1 1627//1 1577//1
f 1577//1 1627//1 1628//1 1578//1
f 1578//1 1628//1 1629//1 1579//1
f 1579//1 1629//1 1630//1 1580//1
f 1580//1 1630//1 1631//1 1581//1
f 1581//1 1631//1 1632//1 1582//1
f 1582//1 1632//1 1633//1 1583//1
f 1583//1 1633//1 1634//1 1584//1
f 1584//1 1634//1 1635//1 1585//1
f 1585//1 1635//1 1636//1 1586//1
f 1586//1 1636//1 1637//1 1587//1
f 1587//1 1637//1 1638//1 1588//1
f 1588//1 1638//1 1639//1 1589//1
f 1589//1 1639//1 1640//1 1590//1
f 1590//1 1640//1 1641//1 1591//1
f 1591//1 1641//1 1642//1 1592//1
f 1592//1 1642//1 1643//1 1593//1
f 1593//1 1643//1 1644//1 1594//1
f 1594//1 1644//1 1645//1 1595//1
f 1595//1 1645//1 1646//1 1596//1
f 1596//1 1646//1 1647//1 1597//1
f 1597//1 1647//1 1648//1 1598//1
f 1598//1 1648//1 1649//1 1599//1
f 1599//1 1649//1 1650//1 1600//1
f 1601//1 1651//1 1652//1 1602//1
f 1602//1 1652//1 1653//1 1603//1
f 1603//1 1653//1 1654//1 1604//1
f 1604//1 1654//1 1655//1 1605//1
f 1605//1 1655//1 1656//1 1606//1
f 1606//1 1656//1 1657//1 1607//1
f 1607//1 1657//1 1658//1 1608//1
f 1608//1 1658//1 1659//1 1609//1
f 1609//1 1659//1 1660//1 1610//1
f 1610//1 1660//1 1661//1 1611//1
f 1611//1 1661//1 1662//1 1612//1
f 1612//1 1662//1 1663//1 1613//1
f 1613//1 1663//1 1664//1 1614//1
f 1614//1 1664//1 1665//1 1615//1
f 1615//1 1665//1 1666//1 1616//1
f 1616//1 1666//1 1667//1 1617//1
f 1617//1 1667//1 1668//1 1618//1
f 1618//1 1668//1 1669//1 1619//1
f 1619//1 1669//1 1670//1 1620//1
f 1620//1 1670//1 1671//1 1621//1
f 1621//1 1671//1 1672//1 1622//1
f 1622//1 1672//1 1673//1 1623//1
f 1623//1 1673//1 1674//1 1624//1
f 1624//1 1674//1 1675//1 1625//1
f 1625//1 1675//1 1676//1 1626//1
f 1626//1 1676//1 1677//1 1627//1
f 1627//1 1677//1 1678//1 1628//1
f 1628//1 1678//1 1679//1 1629//1
f 1629//1 1679//1 1680//1 1630//1
f 1630//1 1680//1 1681//1 1631//1
f 1631//1 1681//1 1682//1 1632//1
f 1632//1 1682//1 1683//1 1633//1
f 1633//1 1683//1 1684//1 1634//1
f 1634//1 1684//1 1685//1 1635//1
f 1635//1 1685//1 1686//1 1636//1
f 1636//1 1686//1 1687//1 1637//1
f 1637//1 1687//1 1688//1 1638//1
f 1638//1 1688//1 1689//1 1639//1
f 1639//1 1689//1 1690//1 1640//1
f 1640//1 1690//1 1691//1 1641//1
f 1641//1 1691//1 1692//1 1642//1
f 1642//1 1692//1 1693//1 1643//1
f 1643//1 1693//1 1694//1 1644//1
f 1644//1 1694//1 1695//1 1645//1
f 1645//1 1695//1 1696//1 1646//1
f 1646//1 1696//1 1697//1 1647//1
f 1647//1 1697//1 1698//1 1648//1
f 1648//1 1698//1 1699//1 1649//1
f 1649//1 1699//1 1700//1 1650//1
f 1651//1 1701//1 1702//1 1652//1
f 1652//1 1702//1 1703//1 1653//1
f 1653//1 1703//1 1704//1 1654//1
f 1654//1 1704//1 1705//1 1655//1
f 1655//1 1705//1 1706//1 1656//1
f 1656//1 1706//1 1707//1 1657//1
f 1657//1 1707//1 1708//1 1658//1
f 1658//1 1708//1 1709//1 1659//1
f 1659//1 1709//1 1710//1 1660//1
f 1660//1 1710//1 1711//1 1661//1
f 1661//1 1711//1 1712//1 1662//1
f 1662//1 1712//1 1713//1 1663//1
f 1663//1 1713//1 1714//1 1664//1
f 1664//1 1714//1 1715//1 1665//1
f 1665//1 1715//1 1716//1 1666//1
f 1666//1 1716//1 1717//1 1667//1
f 1667//1 1717//1 1718//1 1668//1
f 1668//1 1718//1 1719//1 1669//1
f 1669//1 1719//1 1720//1 1670//1
f 1670//1 1720//1 1721//1 1671//1
f 1671//1 1721//1 1722//1 1672//1
f 1672//1 1722//1 1723//1 1673//1
f 1673//1 1723//1 1724//1 1674//1
f 1674//1 1724//1 1725//1 1675//1
f 1675//1 1725//1 1726//1 1676//1
f 1676//1 1726//1 1727//1 1677//1
f 1677//1 1727//1 1728//1 1678//1
f 1678//1 1728//1 1729//1 1679//1
f 1679//1 1729//1 1730//1 1680//1
f 1680//1 1730//1 1731//1 1681//1
f 1681//1 1731//1 1732//1 1682//1
f 1682//1 1732//1 1733//1 1683//1
f 1683//1 1733//1 1734//1 1684//1
f 1684//1 1734//1 1735//1 1685//1
f 1685//1 1735//1 1736//1 1686//1
f 1686//1 1736//1 1737//1 1687//1
f 1687//1 1737//1 1738//1 1688//1
f 1688//1 1738//1 1739//1 1689//1
f 1689//1 1739//1 1740//1 1690//1
f 1690//1 1740//1 1741//1 1691//1
f 1691//1 1741//1 1742//1 1692//1
f 1692//1 1742//1 1743//1 1693//1
f 1693//1 1743//1 1744//1 1694//1
f 1694//1 1744//1 1745//1 1695//1
f 1695//1 1745//1 1746//1 1696//1
f 1696//1 1746//1 1747//1 1697//1
f 1697//1 1747//1 1748//1 1698//1
f 1698//1 1748//1 1749//1 1699//1
f 1699//1 1749//1 1750//1 1700//1
f 1701//1 1751//1 1752//1 1702//1
f 1702//1 1752//1 1753//1 1703//1
f 1703//1 1753//1 1754//1 1704//1
f 1704//1 1754//1 1755//1 1705//1
f 1705//1 1755//1 1756//1 1706//1
f 1706//1 1756//1 1757//1 1707//1
f 1707//1 1757//1 1758//1 1708//1
f 1708//1 1758//1 1759//1 1709//1
f 1709//1 1759//1 1760//1 1710//1
f 1710//1 1760//1 1761//1 1711//1
f 1711//1 1761//1 1762//1 1712//1
f 1712//1 1762//1 1763//1 1713//1
f 1713//1 1763//1 1764//1 1714//1
f 1714//1 1764//1 1765//1 1715//1
f 1715//1 1765//1 1766//1 1716//1
f 1716//1 1766//1 1767//1 1717//1
f 1717//1 1767//1 1768//1 1718//1
f 1718//1 1768//1 1769//1 1719//1
f 1719//1 1769//1 1770//1 1720//1
f 1720//1 1770//1 1771//1 1721//1
f 1721//1 1771//1 1772//1 1722//1
f 1722//1 1772//1 1773//1 1723//1
f 1723//1 1773//1 1774//1 1724//1
f 1724//1 1774//1 1775//1 1725//1
f 1725//1 1775//1 1776//1 1726//1
f 1726//1 1776//1 1777//1 1727//1
f 1727//1 1777//1 1778//1 1728//1
f 1728//1 1778//1 1779//1 1729//1
f 1729//1 1779//1 1780//1 1730//1
f 1730//1 1780//1 1781//1 1731//1
f 1731//1 1781//1 1782//1 1732//1
f 1732//1 1782//1 1783//1 1733//1
f 1733//1 1783//1 1784//1 1734//1
f 1734//1 1784//1 1785//1 1735//1
f 1735//1 1785//1 1786//1 1736//1
f 1736//1 1786//1 1787//1 1737//1
f 1737//1 1787//1 1788//1 1738//1
f 1738//1 1788//1 1789//1 1739//1
f 1739//1 1789//1 1790//1 1740//1
f 1740//1 1790//1 1791//1 1741//1
f 1741//1 1791//1 1792//1 1742//1
f 1742//1 1792//1 1793//1 1743//1
f 1743//1 1793//1 1794//1 1744//1
f 1744//1 1794//1 1795//1 1745//1
f 1745//1 1795//1 1796//1 1746//1
f 1746//1 1796//1 1797//1 1747//1
f 1747//1 1797//1 1798//1 1748//1
f 1748//1 1798//1 1799//1 1749//1
f 1749//1 1799//1 1800//1 1750//1
f 1751//1 1801//1 1802//1 1752//1
f 1752//1 1802//1 1803//1 1753//1
f 1753//1 1803//1 1804//1 1754//1
f 1754//1 1804//1 1805//1 1755//1
f 1755//1 1805//1 1806//1 1756//1
f 1756//1 1806//1 1807//1 1757//1
f 1757//1 1807//1 1808//1 1758//1
f 1758//1 1808//1 1809//1 1759//1
f 1759//1 1809//1 1810//1 1760//1
f 1760//1 1810//1 1811//1 1761//1
f 1761//1 1811//1 1812//1 1762//1
f 1762//1 1812//1 1813//1 1763//1
f 1763//1 1813//1 1814//1 1764//1
f 1764//1 1814//1 1815//1 1765//1
f 1765//1 1815//1 1816//1 1766//1
f 1766//1 1816//1 1817//1 1767//1
f 1767//1 1817//1 1818//1 1768//1
f 1768//1 1818//1 1819//1 1769//1
f 1769//1 1819//1 1820//1 1770//1
f 1770//1 1820//1 1821//1 1771//1
f 1771//1 1821//1 1822//1 1772//1
f 1772//1 1822//1 1823//1 1773//1
f 1773//1 1823//1 1824//1 1774//1
f 1774//1 1824//1 1825//1 1775//1
f 1775//1 1825//1 1826//1 1776//1
f 1776//1 1826//1 1827//1 1777//1
f 1777//1 1827//1 1828//1 1778//1
f 1778//1 1828//1 1829//1 1779//1
f 1779//1 1829//1 1830//1 1780//1
f 1780//1 1830//1 1831//1 1781//1
f 1781//1 1831//1 1832//1 1782//1
f 1782//1 1832//1 1833//1 1783//1
f 1783//1 1833//1 1834//1 1784//1
f 1784//1 1834//1 1835//1 1785//1
f 1785//1 1835//1 1836//1 1786//1
f 1786//1 1836//1 1837//1 1787//1
f 1787//1 1837//1 1838//1 1788//1
f 1788//1 1838//1 1839//1 1789//1
f 1789//1 1839//1 1840//1 1790//1
f 1790//1 1840//1 1841//1 1791//1
f 1791//1 1841//1 1842//1 1792//1
f 1792//1 1842//1 1843//1 1793//1
f 1793//1 1843//1 1844//1 1794//1
f 1794//1 1844//1 1845//1 1795//1
f 1795//1 1845//1 1846//1 1796//1
f 1796//1 1846//1 1847//1 1797//1
f 1797//1 1847//1 1848//1 1798//1
f 1798//1 1848//1 1849//1 1799//1
f 1799//1 1849//1 1850//1 1800//1
f 1801//1 1851//1 1852//1 1802//1
f 1802//1 1852//1 1853//1 1803//1
f 1803//1 1853//1 1854//1 1804//1
f 1804//1 1854//1 1855//1 1805//1
f 1805//1 1855//1 1856//1 1806//1
f 1806//1 1856//1 1857//1 1807//1
f 1807//1 1857//1 1858//1 1808//1
f 1808//1 1858//1 1859//1 1809//1
f 1809//1 1859//1 1860//1 1810//1
f 1810//1 1860//1 1861//1 1811//1
f 1811//1 1861//1 1862//1 1812//1
f 1812//1 1862//1 1863//1 1813//1
f 1813//1 1863//1 1864//1 1814//1
f 1814//1 1864//1 1865//1 1815//1
f 1815//1 1865//1 1866//1 1816//1
f 1816//1 1866//1 1867//1 1817//1
f 1817//1 1867//1 1868//1 1818//1
f 1818//1 1868//1 1869//1 1819//1
f 1819//1 1869//1 1870//1 1820//1
f 1820//1 1870//1 1871//1 1821//1
f 1821//1 1871//1 1872//1 1822//1
f 1822//1 1872//1 1873//1 1823//1
f 1823//1 1873//1 1874//1 1824//1
f 1824//1 1874//1 1875//1 1825//1
f 1825//1 1875//1 1876//1 1826//1
f 1826//1 1876//1 1877//1 1827//1
f 1827//1 1877//1 1878//1 1828//1
f 1828//1 1878//1 1879//1 1829//1
f 1829//1 1879//1 1880//1 1830//1
f 1830//1 1880//1 1881//1 1831//1
f 1831//1 1881//1 1882//1 1832//1
f 1832//1 1882//1 1883//1 1833//1
f 1833//1 1883//1 1884//1 1834//1
f 1834//1 1884//1 1885//1 1835//1
f 1835//1 1885//1 1886//1 1836//1
f 1836//1 1886//1 1887//1 1837//1
f 1837//1 1887//1 1888//1 1838//1
f 1838//1 1888//1 1889//1 1839//1
f 1839//1 1889//1 1890//1 1840//1
f 1840//1 1890//1 1891//1 1841//1
f 1841//1 1891//1 1892//1 1842//1
f 1842//1 1892//1 1893//1 1843//1
f 1843//1 1893//1 1894//1 1844//1
f 1844//1 1894//1 1895//1 1845//1
f 1845//1 1895//1 1896//1 1846//1
f 1846//1 1896//1 1897//1 1847//1
f 1847//1 1897//1 1898//1 1848//1
f 1848//1 1898//1 1899//1 1849//1
f 1849//1 1899//1 1900//1 1850//1
f 1851//1 1901//1 1902//1 1852//1
f 1852//1 1902//1 1903//1 1853//1
f 1853//1 1903//1 1904//1 1854//1
f 1854//1 1904//1 1905//1 1855//1
f 1855//1 1905//1 1906//1 1856//1
f 1856//1 1906//1 1907//1 1857//1
f 1857//1 1907//1 1908//1 1858//1
f 1858//1 1908//1 1909//1 1859//1
f 1859//1 1909//1 1910//1 1860//1
f 1860//1 1910//1 1911//1 1861//1
f 1861//1 1911//1 1912//1 1862//1
f 1862//1 1912//1 1913//1 1863//1
f 1863//1 1913//1 1914//1 1864//1
f 1864//1 1914//1 1915//1 1865//1
f 1865//1 1915//1 1916//1 1866//1
f 1866//1 1916//1 1917//1 1867//1
f 1867//1 1917//1 1918//1 1868//1
f 1868//1 1918//1 1919//1 1869//1
f 1869//1 1919//1 1920//1 1870//1
f 1870//1 1920//1 1921//1 1871//1
f 1871//1 1921//1 1922//1 1872//1
f 1872//1 1922//1 1923//1 1873//1
f 1873//1 1923//1 1924//1 1874//1
f 1874//1 1924//1 1925//1 1875//1
f 1875//1 1925//1 1926//1 1876//1
f 1876//1 1926//1 1927//1 1877//1
f 1877//1 1927//1 1928//1 1878//1
f 1878//1 1928//1 1929//1 1879//1
f 1879//1 1929//1 1930//1 1880//1
f 1880//1 1930//1 1931//1 1881//1
f 1881//1 1931//1 1932//1 1882//1
f 1882//1 1932//1 1933//1 1883//1
f 1883//1 1933//1 1934//1 1884//1
f 1884//1 1934//1 1935//1 1885//1
f 1885//1 1935//1 1936//1 1886//1
f 1886//1 1936//1 1937//1 1887//1
f 1887//1 1937//1 1938//1 1888//1
f 1888//1 1938//1 1939//1 1889//1
f 1889//1 1939//1 1940//1 1890//1
f 1890//1 1940//1 1941//1 1891//1
f 1891//1 1941//1 1942//1 1892//1
f 1892//1 1942//1 1943//1 1893//1
f 1893//1 1943//1 1944//1 1894//1
f 1894//1 1944//1 1945//1 1895//1
f 1895//1 1945//1 1946//1 1896//1
f 1896//1 1946//1 1947//1 1897//1
f 1897//1 1947//1 1948//1 1898//1
f 1898//1 1948//1 1949//1 1899//1
f 1899//1 1949//1 1950//1 1900//1
f 1901//1 1951//1 1952//1 1902//1
f 1902//1 1952//1 1953//1 1903//1
f 1903//1 1953//1 1954//1 1904//1
f 1904//1 1954//1 1955//1 1905//1
f 1905//1 1955//1 1956//1 1906//1
f 1906//1 1956//1 1957//1 1907//1
f 1907//1 1957//1 1958//1 1908//1
f 1908//1 1958//1 1959//1 1909//1
f 1909//1 1959//1 1960//1 1910//1
f 1910//1 1960//1 1961//1 1911//1
f 1911//1 1961//1 1962//1 1912//1
f 1912//1 1962//1 1963//1 1913//1
f 1913//1 1963//1 1964//1 1914//1
f 1914//1 1964//1 1965//1 1915//1
f 1915//1 1965//1 1966//1 1916//1
f 1916//1 1966//1 1967//1 1917//1
f 1917//1 1967//1 1968//1 1918//1
f 1918//1 1968//1 1969//1 1919//1
f 1919//1 1969//1 1970//1 1920//1
f 1920//1 1970//1 1971//1 1921//1
f 1921//1 1971//1 1972//1 1922//1
f 1922//1 1972//1 1973//1 1923//1
f 1923//1 1973//1 1974//1 1924//1
f 1924//1 1974//1 1975//1 1925//1
f 1925//1 1975//1 1976//1 1926//1
f 1926//1 1976//1 1977//1 1927//1
f 1927//1 1977//1 1978//1 1928//1
f 1928//1 1978//1 1979//1 1929//1
f 1929//1 1979//1 1980//1 1930//1
f 1930//1 1980//1 1981//1 1931//1
f 1931//1 1981//1 1982//1 1932//1
f 1932//1 1982//1 1983//1 1933//1
f 1933//1 1983//1 1984//1 1934//1
f 1934//1 1984//1 1985//1 1935//1
f 1935//1 1985//1 1986//1 1936//1
f 1936//1 1986//1 1987//1 1937//1
f 1937//1 1987//1 1988//1 1938//1
f 1938//1 1988//1 1989//1 1939//1
f 1939//1 1989//1 1990//1 1940//1
f 1940//1 1990//1 1991//1 1941//1
f 1941//1 1991//1 1992//1 1942//1
f 1942//1 1992//1 1993//1 1943//1
f 1943//1 1993//1 1994//1 1944//1
f 1944//1 1994//1 1995//1 1945//1
f 1945//1 1995//1 1996//1 1946//1
f 1946//1 1996//1 1997//1 1947//1
f 1947//1 1997//1 1998//1 1948//1
f 1948//1 1998//1 1999//1 1949//1
f 1949//1 1999//1 2000//1 1950//1
f 1951//1 2001//1 2002//1 1952//1
f 1952//1 2002//1 2003//1 1953//1
f 1953//1 2003//1 2004//1 1954//1
f 1954//1 2004//1 2005//1 1955//1
f 1955//1 2005//1 2006//1 1956//1
f 1956//1 2006//1 2007//1 1957//1
f 1957//1 2007//1 2008//1 1958//1
f 1958//1 2008//1 2009//1 1959//1
f 1959//1 2009//1 2010//1 1960//1
f 1960//1 2010//1 2011//1 1961//1
f 1961//1 2011//1 2012//1 1962//1
f 1962//1 2012//1 2013//1 1963//1
f 1963//1 2013//1 2014//1 1964//1
f 1964//1 2014//1 2015//1 1965//1
f 1965//1 2015//1 2016//1 1966//1
f 1966//1 2016//1 2017//1 1967//1
f 1967//1 2017//1 2018//1 1968//1
f 1968//1 2018//1 2019//1 1969//1
f 1969//1 2019//1 2020//1 1970//1
f 1970//1 2020//1 2021//1 1971//1
f 1971//1 2021//1 2022//1 1972//1
f 1972//1 2022//1 2023//1 1973//1
f 1973//1 2023//1 2024//1 1974//1
f 1974//1 2024//1 2025//1 1975//1
f 1975//1 2025//1 2026//1 1976//1
f 1976//1 2026//1 2027//1 1977//1
f 1977//1 2027//1 2028//1 1978//1
f 1978//1 2028//1 2029//1 1979//1
f 1979//1 2029//1 2030//1 1980//1
f 1980//1 2030//1 2031//1 1981//1
f 1981//1 2031//1 2032//1 1982//1
f 1982//1 2032//1 2033//1 1983//1
f 1983//1 2033//1 2034//1 1984//1
f 1984//1 2034//1 2035//1 1985//1
f 1985//1 2035//1 2036//1 1986//1
f 1986//1 2036//1 2037//1 1987//1
f 1987//1 2037//1 2038//1 1988//1
f 1988//1 2038//1 2039//1 1989//1
f 1989//1 2039//1 2040//1 1990//1
f 1990//1 2040//1 2041//1 1991//1
f 1991//1 2041//1 2042//1 1992//1
f 1992//1 2042//1 2043//1 1993//1
f 1993//1 2043//1 2044//1 1994//1
f 1994//1 2044//1 2045//1 1995//1
f 1995//1 2045//1 2046//1 1996//1
f 1996//1 2046//1 2047//1 1997//1
f 1997//1 2047//1 2048//1 1998//1
f 1998//1 2048//1 2049//1 1999//1
f 1999//1 2049//1 2050//1 2000//1
f 2001//1 2051//1 2052//1 2002//1
f 2002//1 2052//1 2053//1 2003//1
f 2003//1 2053//1 2054//1 2004//1
f 2004//1 2054//1 2055//1 2005//1
f 2005//1 2055//1 2056//1 2006//1
f 2006//1 2056//1 2057//1 2007//1
f 2007//1 2057//1 2058//1 2008//1
f 2008//1 2058//1 2059//1 2009//1
f 2009//1 2059//1 2060//1 2010//1
f 2010//1 2060//1 2061//1 2011//1
f 2011//1 2061//1 2062//1 2012//1
f 2012//1 2062//1 2063//1 2013//1
f 2013//1 2063//1 2064//1 2014//1
f 2014//1 2064//1 2065//1 2015//1
f 2015//1 2065//1 2066//1 2016//1
f 2016//1 2066//1 2067//1 2017//1
f 2017//1 2067//1 2068//1 2018//1
f 2018//1 2068//1 2069//1 2019//1
f 2019//1 2069//1 2070//1 2020//1
f 2020//1 2070//1 2071//1 2021//1
f 2021//1 2071//1 2072//1 2022//1
f 2022//1 2072//1 2073//1 2023//1
f 2023//1 2073//1 2074//1 2024//1
f 2024//1 2074//1 2075//1 2025//1
f 2025//1 2075//1 2076//1 2026//1
f 2026//1 2076//1 2077//1 2027//1
f 2027//1 2077//1 2078//1 2028//1
f 2028//1 2078//1 2079//1 2029//1
f 2029//1 2079//1 2080//1 2030//1
f 2030//1 2080//1 2081//1 2031//1
f 2031//1 2081//1 2082//1 2032//1
f 2032//1 2082//1 2083//1 2033//1
f 2033//1 2083//1 2084//1 2034//1
f 2034//1 2084//1 2085//1 2035//1
f 2035//1 2085//1 2086//1 2036//1
f 2036//1 2086//1 2087//1 2037//1
f 2037//1 2087//1 2088//1 2038//1
f 2038//1 2088//1 2089//1 2039//1
f 2039//1 2089//1 2090//1 2040//1
f 2040//1 2090//1 2091//1 2041//1
f 2041//1 2091//1 2092//1 2042//1
f 2042//1 2092//1 2093//1 2043//1
f 2043//1 2093//1 2094//1 2044//1
f 2044//1 2094//1 2095//1 2045//1
f 2045//1 2095//1 2096//1 2046//1
f 2046//1 2096//1 2097//1 2047//1
f 2047//1 2097//1 2098//1 2048//1
f 2048//1 2098//1 2099//1 2049//1
f 2049//1 2099//1 2100//1 2050//1
f 2051//1 2101//1 2102//1 2052//1
f 2052//1 2102//1 2103//1 2053//1
f 2053//1 2103//1 2104//1 2054//1
f 2054//1 2104//1 2105//1 2055//1
f 2055//1 2105//1 2106//1 2056//1
f 2056//1 2106//1 2107//1 2057//1
f 2057//1 2107//1 2108//1 2058//1
f 2058//1 2108//1 2109//1 2059//1
f 2059//1 2109//1 2110//1 2060//1
f 2060//1 2110//1 2111//1 2061//1
f 2061//1 2111//1 2112//1 2062//1
f 2062//1 2112//1 2113//1 2063//1
f 2063//1 2113//1 2114//1 2064//1
f 2064//1 2114//1 2115//1 2065//1
f 2065//1 2115//1 2116//1 2066//1
f 2066//1 2116//1 2117//1 2067//1
f 2067//1 2117//1 2118//1 2068//1
f 2068//1 2118//1 2119//1 2069//1
f 2069//1 2119//1 2120//1 2070//1
f 2070//1 2120//1 2121//1 2071//1
f 2071//1 2121//1 2122//1 2072//1
f 2072//1 2122//1 2123//1 2073//1
f 2073//1 2123//1 2124//1 2074//1
f 2074//1 2124//1 2125//1 2075//1
f 2075//1 2125//1 2126//1 2076//1
f 2076//1 2126//1 2127//1 2077//1
f 2077//1 2127//1 2128//1 2078//1
f 2078//1 2128//1 2129//1 2079//1
f 2079//1 2129//1 2130//1 2080//1
f 2080//1 2130//1 2131//1 2081//1
f 2081//1 2131//1 2132//1 2082//1
f 2082//1 2132//1 2133//1 2083//1
f 2083//1 2133//1 2134//1 2084//1
f 2084//1 2134//1 2135//1 2085//1
f 2085//1 2135//1 2136//1 2086//1
f 2086//1 2136//1 2137//1 2087//1
f 2087//1 2137//1 2138//1 2088//1
f 2088//1 2138//1 2139//1 2089//1
f 2089//1 2139//1 2140//1 2090//1
f 2090//1 2140//1 2141//1 2091//1
f 2091//1 2141//1 2142//1 2092//1
f 2092//1 2142//1 2143//1 2093//1
f 2093//1 2143//1 2144//1 2094//1
f 2094//1 2144//1 2145//1 2095//1
f 2095//1 2145//1 2146//1 2096//1
f 2096//1 2146//1 2147//1 2097//1
f 2097//1 2147//1 2148//1 2098//1
f 2098//1 2148//1 2149//1 2099//1
f 2099//1 2149//1 2150//1 2100//1
f 2101//1 2151//1 2152//1 2102//1
f 2102//1 2152//1 2153//1 2103//1
f 2103//1 2153//1 2154//1 2104//1
f 2104//1 2154//1 2155//1 2105//1
f 2105//1 2155//1 2156//1 2106//1
f 2106//1 2156//1 2157//1 2107//1
f 2107//1 2157//1 2158//1 2108//1
f 2108//1 2158//1 2159//1 2109//1
f 2109//1 2159//1 2160//1 2110//1
f 2110//1 2160//1 2161//1 2111//1
f 2111//1 2161//1 2162//1 2112//1
f 2112//1 2162//1 2163//1 2113//1
f 2113//1 2163//1 2164//1 2114//1
f 2114//1 2164//1 2165//1 2115//1
f 2115//1 2165//1 2166//1 2116//1
f 2116//1 2166//1 2167//1 2117//1
f 2117//1 2167//1 2168//1 2118//1
f 2118//1 2168//1 2169//1 2119//1
f 2119//1 2169//1 2170//1 2120//1
f 2120//1 2170//1 2171//1 2121//1
f 2121//1 2171//1 2172//1 2122//1
f 2122//1 2172//1 2173//1 2123//1
f 2123//1 2173//1 2174//1 2124//1
f 2124//1 2174//1 2175//1 2125//1
f 2125//1 2175//1 2176//1 2126//1
f 2126//1 2176//1 2177//1 2127//1
f 2127//1 2177//1 2178//1 2128//1
f 2128//1 2178//1 2179//1 2129//1
f 2129//1 2179//1 2180//1 2130//1
f 2130//1 2180//1 2181//1 2131//1
f 2131//1 2181//1 2182//1 2132//1
f 2132//1 2182//1 2183//1 2133//1
f 2133//1 2183//1 2184//1 2134//1
f 2134//1 2184//1 2185//1 2135//1
f 2135//1 2185//1 2186//1 2136//1
f 2136//1 2186//1 2187//1 2137//1
f 2137//1 2187//1 2188//1 2138//1
f 2138//1 2188//1 2189//1 2139//1
f 2139//1 2189//1 2190//1 2140//1
f 2140//1 2190//1 2191//1 2141//1
f 2141//1 2191//1 2192//1 2142//1
f 2142//1 2192//1 2193//1 2143//1
f 2143//1 2193//1 2194//1 2144//1
f 2144//1 2194//1 2195//1 2145//1
f 2145//1 2195//1 2196//1 2146//1
f 2146//1 2196//1 2197//1 2147//1
f 2147//1 2197//1 2198//1 2148//1
f 2148//1 2198//1 2199//1 2149//1
f 2149//1 2199//1 2200//1 2150//1
f 2151//1 2201//1 2202//1 2152//1
f 2152//1 2202//1 2203//1 2153//1
f 2153//1 2203//1 2204//1 2154//1
f 2154//1 2204//1 2205//1 2155//1
f 2155//1 2205//1 2206//1 2156//1
f 2156//1 2206//1 2207//1 2157//1
f 2157//1 2207//1 2208//1 2158//1
f 2158//1 2208//1 2209//1 2159//1
f 2159//1 2209//1 2210//1 2160//1
f 2160//1 2210//1 2211//1 2161//1
f 2161//1 2211//1 2212//1 2162//1
f 2162//1 2212//1 2213//1 2163//1
f 2163//1 2213//1 2214//1 2164//1
f 2164//1 2214//1 2215//1 2165//1
f 2165//1 2215//1 2216//1 2166//1
f 2166//1 2216//1 2217//1 2167//1
f 2167//1 2217//1 2218//1 2168//1
f 2168//1 2218//1 2219//1 2169//1
f 2169//1 2219//1 2220//1 2170//1
f 2170//1 2220//1 2221//1 2171//1
f 2171//1 2221//1 2222//1 2172//1
f 2172//1 2222//1 2223//1 2173//1
f 2173//1 2223//1 2224//1 2174//1
f 2174//1 2224//1 2225//1 2175//1
f 2175//1 2225//1 2226//1 2176//1
f 2176//1 2226//1 2227//1 2177//1
f 2177//1 2227//1 2228//1 2178//1
f 2178//1 2228//1 2229//1 2179//1
f 2179//1 2229//1 2230//1 2180//1
f 2180//1 2230//1 2231//1 2181//1
f 2181//1 2231//1 2232//1 2182//1
f 2182//1 2232//1 2233//1 2183//1
f 2183//1 2233//1 2234//1 2184//1
f 2184//1 2234//1 2235//1 2185//1
f 2185//1 2235//1 2236//1 2186//1
f 2186//1 2236//1 2237//1 2187//1
f 2187//1 2237//1 2238//1 2188//1
f 2188//1 2238//1 2239//1 2189//1
f 2189//1 2239//1 2240//1 2190//1
f 2190//1 2240//1 2241//1 2191//1
f 2191//1 2241//1 2242//1 2192//1
f 2192//1 2242//1 2243//1 2193//1
f 2193//1 2243//1 2244//1 2194//1
f 2194//1 2244//1 2245//1 2195//1
f 2195//1 2245//1 2246//1 2196//1
f 2196//1 2246//1 2247//1 2197//1
f 2197//1 2247//1 2248//1 2198//1
f 2198//1 2248//1 2249//1 2199//1
f 2199//1 2249//1 2250//1 2200//1
f 2201//1 2251//1 2252//1 2202//1
f 2202//1 2252//1 2253//1 2203//1
f 2203//1 2253//1 2254//1 2204//1
f 2204//1 2254//1 2255//1 2205//1
f 2205//1 2255//1 2256//1 2206//1
f 2206//1 2256//1 2257//1 2207//1
f 2207//1 2257//1 2258//1 2208//1
f 2208//1 2258//1 2259//1 2209//1
f 2209//1 2259//1 2260//1 2210//1
f 2210//1 2260//1 2261//1 2211//1
f 2211//1 2261//1 2262//1 2212//1
f 2212//1 2262//1 2263//1 2213//1
f 2213//1 2263//1 2264//1 2214//1
f 2214//1 2264//1 2265//1 2215//1
f 2215//1 2265//1 2266//1 2216//1
f 2216//1 2266//1 2267//1 2217//1
f 2217//1 2267//1 2268//1 2218//1
f 2218//1 2268//1 2269//1 2219//1
f 2219//1 2269//1 2270//1 2220//1
f 2220//1 2270//1 2271//1 2221//1
f 2221//1 2271//1 2272//1 2222//1
f 2222//1 2272//1 2273//1 2223//1
f 2223//1 2273//1 2274//1 2224//1
f 2224//1 2274//1 2275//1 2225//1
f 2225//1 2275//1 2276//1 2226//1
f 2226//1 2276//1 2277//1 2227//1
f 2227//1 2277//1 2278//1 2228//1
f 2228//1 2278//1 2279//1 2229//1
f 2229//1 2279//1 2280//1 2230//1
f 2230//1 2280//1 2281//1 2231//1
f 2231//1 2281//1 2282//1 2232//1
f 2232//1 2282//1 2283//1 2233//1
f 2233//1 2283//1 2284//1 2234//1
f 2234//1 2284//1 2285//1 2235//1
f 2235//1 2285//1 2286//1 2236//1
f 2236//1 2286//1 2287//1 2237//1
f 2237//1 2287//1 2288//1 2238//1
f 2238//1 2288//1 2289//1 2239//1
f 2239//1 2289//1 2290//1 2240//1
f 2240//1 2290//1 2291//1 2241//1
f 2241//1 2291//1 2292//1 2242//1
f 2242//1 2292//1 2293//1 2243//1
f 2243//1 2293//1 2294//1 2244//1
f 2244//1 2294//1 2295//1 2245//1
f 2245//1 2295//1 2296//1 2246//1
f 2246//1 2296//1 2297//1 2247//1
f 2247//1 2297//1 2298//1 2248//1
f 2248//1 2298//1 2299//1 2249//1
f 2249//1 2299//1 2300//1 2250//1
f 2251//1 2301//1 2302//1 2252//1
f 2252//1 2302//1 2303//1 2253//1
f 2253//1 2303//1 2304//1 2254//1
f 2254//1 2304//1 2305//1 2255//1
f 2255//1 2305//1 2306//1 2256//1
f 2256//1 2306//1 2307//1 2257//1
f 2257//1 2307//1 2308//1 2258//1
f 2258//1 2308//1 2309//1 2259//1
f 2259//1 2309//1 2310//1 2260//1
f 2260//1 2310//1 2311//1 2261//1
f 2261//1 2311//1 2312//1 2262//1
f 2262//1 2312//1 2313//1 2263//1
f 2263//1 2313//1 2314//1 2264//1
f 2264//1 2314//1 2315//1 2265//1
f 2265//1 2315//1 2316//1 2266//1
f 2266//1 2316//1 2317//1 2267//1
f 2267//1 2317//1 2318//1 2268//1
f 2268//1 2318//1 2319//1 2269//1
f 2269//1 2319//1 2320//1 2270//1
f 2270//1 2320//1 2321//1 2271//1
f 2271//1 2321//1 2322//1 2272//1
f 2272//1 2322//1 2323//1 2273//1
f 2273//1 2323//1 2324//1 2274//1
f 2274//1 2324//1 2325//1 2275//1
f 2275//1 2325//1 2326//1 2276//1
f 2276//1 2326//1 2327//1 2277//1
f 2277//1 2327//1 2328//1 2278//1
f 2278//1 2328//1 2329//1 2279//1
f 2279//1 2329//1 2330//1 2280//1
f 2280//1 2330//1 2331//1 2281//1
f 2281//1 2331//1 2332//1 2282//1
f 2282//1 2332//1 2333//1 2283//1
f 2283//1 2333//1 2334//1 2284//1
f 2284//1 2334//1 2335//1 2285//1
f 2285//1 2335//1 2336//1 2286//1
f 2286//1 2336//1 2337//1 2287//1
f 2287//1 2337//1 2338//1 2288//1
f 2288//1 2338//1 2339//1 2289//1
f 2289//1 2339//1 2340//1 2290//1
f 2290//1 2340//1 2341//1 2291//1
f 2291//1 2341//1 2342//1 2292//1
f 2292//1 2342//1 2343//1 2293//1
f 2293//1 2343//1 2344//1 2294//1
f 2294//1 2344//1 2345//1 2295//1
f 2295//1 2345//1 2346//1 2296//1
f 2296//1 2346//1 2347//1 2297//1
f 2297//1 2347//1 2348//1 2298//1
f 2298//1 2348//1 2349//1 2299//1
f 2299//1 2349//1 2350//1 2300//1
f 2301//1 2351//1 2352//1 2302//1
f 2302//1 2352//1 2353//1 2303//1
f 2303//1 2353//1 2354//1 2304//1
f 2304//1 2354//1 2355//1 2305//1
f 2305//1 2355//1 2356//1 2306//1
f 2306//1 2356//1 2357//1 2307//1
f 2307//1 2357//1 2358//1 2308//1
f 2308//1 2358//1 2359//1 2309//1
f 2309//1 2359//1 2360//1 2310//1
f 2310//1 2360//1 2361//1 2311//1
f 2311//1 2361//1 2362//1 2312//1
f 2312//1 2362//1 2363//1 2313//1
f 2313//1 2363//1 2364//1 2314//1
f 2314//1 2364//1 2365//1 2315//1
f 2315//1 2365//1 2366//1 2316//1
f 2316//1 2366//1 2367//1 2317//1
f 2317//1 2367//1 2368//1 2318//1
f 2318//1 2368//1 2369//1 2319//1
f 2319//1 2369//1 2370//1 2320//1
f 2320//1 2370//1 2371//1 2321//1
f 2321//1 2371//1 2372//1 2322//1
f 2322//1 2372//1 2373//1 2323//1
f 2323//1 2373//1 2374//1 2324//1
f 2324//1 2374//1 2375//1 2325//1
f 2325//1 2375//1 2376//1 2326//1
f 2326//1 2376//1 2377//1 2327//1
f 2327//1 2377//1 2378//1 2328//1
f 2328//1 2378//1 2379//1 2329//1
f 2329//1 2379//1 2380//1 2330//1
f 2330//1 2380//1 2381//1 2331//1
f 2331//1 2381//1 2382//1 2332//1
f 2332//1 2382//1 2383//1 2333//1
f 2333//1 2383//1 2384//1 2334//1
f 2334//1 2384//1 2385//1 2335//1
f 2335//1 2385//1 2386//1 2336//1
f 2336//1 2386//1 2387//1 2337//1
f 2337//1 2387//1 2388//1 2338//1
f 2338//1 2388//1 2389//1 2339//1
f 2339//1 2389//1 2390//1 2340//1
f 2340//1 2390//1 2391//1 2341//1
f 2341//1 2391//1 2392//1 2342//1
f 2342//1 2392//1 2393//1 2343//1
f 2343//1 2393//1 2394//1 2344//1
f 2344//1 2394//1 2395//1 2345//1
f 2345//1 2395//1 2396//1 2346//1
f 2346//1 2396//1 2397//1 2347//1
f 2347//1 2397//1 2398//1 2348//1
f 2348//1 2398//1 2399//1 2349//1
f 2349//1 2399//1 2400//1 2350//1
f 2351//1 2401//1 2402//1 2352//1
f 2352//1 2402//1 2403//1 2353//1
f 2353//1 2403//1 2404//1 2354//1
f 2354//1 2404//1 2405//1 2355//1
f 2355//1 2405//1 2406//1 2356//1
f 2356//1 2406//1 2407//1 2357//1
f 2357//1 2407//1 2408//1 2358//1
f 2358//1 2408//1 2409//1 2359//1
f 2359//1 2409//1 2410//1 2360//1
f 2360//1 2410//1 2411//1 2361//1
f 2361//1 2411//1 2412//1 2362//1
f 2362//1 2412//1 2413//1 2363//1
f 2363//1 2413//1 2414//1 2364//1
f 2364//1 2414//1 2415//1 2365//1
f 2365//1 2415//1 2416//1 2366//1
f 2366//1 2416//1 2417//1 2367//1
f 2367//1 2417//1 2418//1 2368//1
f 2368//1 2418//1 2419//1 2369//1
f 2369//1 2419//1 2420//1 2370//1
f 2370//1 2420//1 2421//1 2371//1
f 2371//1 2421//1 2422//1 2372//1
f 2372//1 2422//1 2423//1 2373//1
f 2373//1 2423//1 2424//1 2374//1
f 2374//1 2424//1 2425//1 2375//1
f 2375//1 2425//1 2426//1 2376//1
f 2376//1 2426//1 2427//1 2377//1
f 2377//1 2427//1 2428//1 2378//1
f 2378//1 2428//1 2429//1 2379//1
f 2379//1 2429//1 2430//1 2380//1
f 2380//1 2430//1 2431//1 2381//1
f 2381//1 2431//1 2432//1 2382//1
f 2382//1 2432//1 2433//1 2383//1
f 2383//1 2433//1 2434//1 2384//1
f 2384//1 2434//1 2435//1 2385//1
f 2385//1 2435//1 2436//1 2386//1
f 2386//1 2436//1 2437//1 2387//1
f 2387//1 2437//1 2438//1 2388//1
f 2388//1 2438//1 2439//1 2389//1
f 2389//1 2439//1 2440//1 2390//1
f 2390//1 2440//1 2441//1 2391//1
f 2391//1 2441//1 2442//1 2392//1
f 2392//1 2442//1 2443//1 2393//1
f 2393//1 2443//1 2444//1 2394//1
f 2394//1 2444//1 2445//1 2395//1
f 2395//1 2445//1 2446//1 2396//1
f 2396//1 2446//1 2447//1 2397//1
f 2397//1 2447//1 2448//1 2398//1
f 2398//1 2448//1 2449//1 2399//1
f 2399//1 2449//1 2450//1 2400//1
f 2401//1 2451//1 2452//1 2402//1
f 2402//1 2452//1 2453//1 2403//1
f 2403//1 2453//1 2454//1 2404//1
f 2404//1 2454//1 2455//1 2405//1
f 2405//1 2455//1 2456//1 2406//1
f 2406//1 2456//1 2457//1 2407//1
f 2407//1 2457//1 2458//1 2408//1
f 2408//1 2458//1 2459//1 2409//1
f 2409//1 2459//1 2460//1 2410//1
f 2410//1 2460//1 2461//1 2411//1
f 2411//1 2461//1 2462//1 2412//1
f 2412//1 2462//1 2463//1 2413//1
f 2413//1 2463//1 2464//1 2414//1
f 2414//1 2464//1 2465//1 2415//1
f 2415//1 2465//1 2466//1 2416//1
f 2416//1 2466//1 2467//1 2417//1
f 2417//1 2467//1 2468//1 2418//1
f 2418//1 2468//1 2469//1 2419//1
f 2419//1 2469//1 2470//1 2420//1
f 2420//1 2470//1 2471//1 2421//1
f 2421//1 2471//1 2472//1 2422//1
f 2422//1 2472//1 2473//1 2423//1
f 2423//1 2473//1 2474//1 2424//1
f 2424//1 2474//1 2475//1 2425//1
f 2425//1 2475//1 2476//1 2426//1
f 2426//1 2476//1 2477//1 2427//1
f 2427//1 2477//1 2478//1 2428//1
f 2428//1 2478//1 2479//1 2429//1
f 2429//1 2479//1 2480//1 2430//1
f 2430//1 2480//1 2481//1 2431//1
f 2431//1 2481//1 2482//1 2432//1
f 2432//1 2482//1 2483//1 2433//1
f 2433//1 2483//1 2484//1 2434//1
f 2434//1 2484//1 2485//1 2435//1
f 2435//1 2485//1 2486//1 2436//1
f 2436//1 2486//1 2487//1 2437//1
f 2437//1 2487//1 2488//1 2438//1
f 2438//1 2488//1 2489//1 2439//1
f 2439//1 2489//1 2490//1 2440//1
f 2440//1 2490//1 2491//1 2441//1
f 2441//1 2491//1 2492//1 2442//1
f 2442//1 2492//1 2493//1 2443//1
f 2443//1 2493//1 2494//1 2444//1
f 2444//1 2494//1 2495//1 2445//1
f 2445//1 2495//1 2496//1 2446//1
f 2446//1 2496//1 2497//1 2447//1
f 2447//1 2497//1 2498//1 2448//1
f 2448//1 2498//1 2499//1 2449//1
f 2449//1 2499//1 2500//1 2450//1
o ConfinedTerrainBoxes_Ceiling.002
v -19.698524 -19.974056 4.094656
v -19.698524 -19.168510 4.094656
v -19.698524 -18.362965 4.094656
v -19.698524 -17.557415 4.094656
v -19.698524 -16.751865 4.094656
v -19.698524 -15.946320 4.094656
v -19.698524 -15.140773 4.094656
v -19.698524 -14.335224 4.094656
v -19.698524 -13.529677 4.094656
v -19.698524 -12.724129 4.094656
v -19.698524 -11.918582 4.094656
v -19.698524 -11.113034 4.094656
v -19.698524 -10.307487 4.094656
v -19.698524 -9.501939 4.094656
v -19.698524 -8.696391 4.094656
v -19.698524 -7.890843 4.094656
v -19.698524 -7.085296 4.094656
v -19.698524 -6.279748 4.094656
v -19.698524 -5.474201 4.094656
v -19.698524 -4.668653 4.094656
v -19.698524 -3.863105 4.094656
v -19.698524 -3.057558 4.094656
v -19.698524 -2.252010 4.094656
v -19.698524 -1.446463 4.094656
v -19.698524 -0.640915 4.094656
v -19.698524 0.164633 4.094656
v -19.698524 0.970180 4.094656
v -19.698524 1.775728 4.094656
v -19.698524 2.581276 4.094656
v -19.698524 3.386823 4.094656
v -19.698524 4.192371 4.094656
v -19.698524 4.997919 4.094656
v -19.698524 5.803466 4.094656
v -19.698524 6.609014 4.094656
v -19.698524 7.414561 4.094656
v -19.698524 8.220109 4.094656
v -19.698524 9.025657 4.094656
v -19.698524 9.831204 4.094656
v -19.698524 10.636752 4.094656
v -19.698524 11.442300 4.094656
v -19.698524 12.247847 4.094656
v -19.698524 13.053395 4.094656
v -19.698524 13.858942 4.094656
v -19.698524 14.664491 4.094656
v -19.698524 15.470037 4.094656
v -19.698524 16.275585 4.094656
v -19.698524 17.081131 4.094656
v -19.698524 17.886681 4.094656
v -19.698524 18.692230 4.094656
v -19.698524 19.497776 4.094656
v -18.891163 -19.974056 4.094656
v -18.891163 -19.168510 4.094656
v -18.891163 -18.362965 4.094656
v -18.891163 -17.557415 4.094656
v -18.891163 -16.751865 4.094656
v -18.891163 -15.946320 4.094656
v -18.891163 -15.140773 4.094656
v -18.891163 -14.335224 4.094656
v -18.891163 -13.529677 4.094656
v -18.891163 -12.724129 4.094656
v -18.891163 -11.918582 4.094656
v -18.891163 -11.113034 4.094656
v -18.891163 -10.307487 4.094656
v -18.891163 -9.501939 4.094656
v -18.891163 -8.696391 4.094656
v -18.891163 -7.890843 4.094656
v -18.891163 -7.085296 4.094656
v -18.891163 -6.279748 4.094656
v -18.891163 -5.474201 4.094656
v -18.891163 -4.668653 4.094656
v -18.891163 -3.863105 4.094656
v -18.891163 -3.057558 4.094656
v -18.891163 -2.252010 4.094656
v -18.891163 -1.446463 4.094656
v -18.891163 -0.640915 4.094656
v -18.891163 0.164633 4.094656
v -18.891163 0.970180 4.094656
v -18.891163 1.775728 4.094656
v -18.891163 2.581276 4.094656
v -18.891163 3.386823 4.094656
v -18.891163 4.192371 4.094656
v -18.891163 4.997919 4.094656
v -18.891163 5.803466 4.094656
v -18.891163 6.609014 4.094656
v -18.891163 7.414561 4.094656
v -18.891163 8.220109 4.094656
v -18.891163 9.025657 4.094656
v -18.891163 9.831204 4.094656
v -18.891163 10.636752 4.094656
v -18.891163 11.442300 4.094656
v -18.891163 12.247847 4.094656
v -18.891163 13.053395 4.094656
v -18.891163 13.858942 4.094656
v -18.891163 14.664491 4.094656
v -18.891163 15.470037 4.094656
v -18.891163 16.275585 4.094656
v -18.891163 17.081131 4.094656
v -18.891163 17.886681 4.094656
v -18.891163 18.692230 4.094656
v -18.891163 19.497776 4.094656
v -18.083801 -19.974056 4.094656
v -18.083801 -19.168510 4.094656
v -18.083801 -18.362965 4.094656
v -18.083801 -17.557415 4.094656
v -18.083801 -16.751865 4.094656
v -18.083801 -15.946320 4.094656
v -18.083801 -15.140773 4.094656
v -18.083801 -14.335224 4.094656
v -18.083801 -13.529677 4.094656
v -18.083801 -12.724129 4.094656
v -18.083801 -11.918582 4.094656
v -18.083801 -11.113034 4.094656
v -18.083801 -10.307487 4.094656
v -18.083801 -9.501939 4.094656
v -18.083801 -8.696391 4.094656
v -18.083801 -7.890843 4.094656
v -18.083801 -7.085296 4.094656
v -18.083801 -6.279748 4.094656
v -18.083801 -5.474201 4.094656
v -18.083801 -4.668653 4.094656
v -18.083801 -3.863105 4.094656
v -18.083801 -3.057558 4.094656
v -18.083801 -2.252010 4.094656
v -18.083801 -1.446463 4.094656
v -18.083801 -0.640915 4.094656
v -18.083801 0.164633 4.094656
v -18.083801 0.970180 4.094656
v -18.083801 1.775728 4.094656
v -18.083801 2.581276 4.094656
v -18.083801 3.386823 4.094656
v -18.083801 4.192371 4.094656
v -18.083801 4.997919 4.094656
v -18.083801 5.803466 4.094656
v -18.083801 6.609014 4.094656
v -18.083801 7.414561 4.094656
v -18.083801 8.220109 4.094656
v -18.083801 9.025657 4.094656
v -18.083801 9.831204 4.094656
v -18.083801 10.636752 4.094656
v -18.083801 11.442300 4.094656
v -18.083801 12.247847 4.094656
v -18.083801 13.053395 4.094656
v -18.083801 13.858942 4.094656
v -18.083801 14.664491 4.094656
v -18.083801 15.470037 4.094656
v -18.083801 16.275585 4.094656
v -18.083801 17.081131 4.094656
v -18.083801 17.886681 4.094656
v -18.083801 18.692230 4.094656
v -18.083801 19.497776 4.094656
v -17.276440 -19.974056 4.094656
v -17.276440 -19.168510 4.094656
v -17.276440 -18.362965 4.094656
v -17.276440 -17.557415 4.094656
v -17.276440 -16.751865 4.094656
v -17.276440 -15.946320 4.094656
v -17.276440 -15.140773 4.094656
v -17.276440 -14.335224 4.094656
v -17.276440 -13.529677 4.094656
v -17.276440 -12.724129 4.094656
v -17.276440 -11.918582 4.094656
v -17.276440 -11.113034 4.094656
v -17.276440 -10.307487 4.094656
v -17.276440 -9.501939 4.094656
v -17.276440 -8.696391 4.094656
v -17.276440 -7.890843 4.094656
v -17.276440 -7.085296 4.094656
v -17.276440 -6.279748 4.094656
v -17.276440 -5.474201 4.094656
v -17.276440 -4.668653 4.094656
v -17.276440 -3.863105 4.094656
v -17.276440 -3.057558 4.094656
v -17.276440 -2.252010 4.094656
v -17.276440 -1.446463 4.094656
v -17.276440 -0.640915 4.094656
v -17.276440 0.164633 4.094656
v -17.276440 0.970180 4.094656
v -17.276440 1.775728 4.094656
v -17.276440 2.581276 4.094656
v -17.276440 3.386823 4.094656
v -17.276440 4.192371 4.094656
v -17.276440 4.997919 4.094656
v -17.276440 5.803466 4.094656
v -17.276440 6.609014 4.094656
v -17.276440 7.414561 4.094656
v -17.276440 8.220109 4.094656
v -17.276440 9.025657 4.094656
v -17.276440 9.831204 4.094656
v -17.276440 10.636752 4.094656
v -17.276440 11.442300 4.094656
v -17.276440 12.247847 4.094656
v -17.276440 13.053395 4.094656
v -17.276440 13.858942 4.094656
v -17.276440 14.664491 4.094656
v -17.276440 15.470037 4.094656
v -17.276440 16.275585 4.094656
v -17.276440 17.081131 4.094656
v -17.276440 17.886681 4.094656
v -17.276440 18.692230 4.094656
v -17.276440 19.497776 4.094656
v -16.469078 -19.974056 4.094656
v -16.469078 -19.168510 4.094656
v -16.469078 -18.362965 4.094656
v -16.469078 -17.557415 4.094656
v -16.469078 -16.751865 4.094656
v -16.469078 -15.946320 4.094656
v -16.469078 -15.140773 4.094656
v -16.469078 -14.335224 4.094656
v -16.469078 -13.529677 4.094656
v -16.469078 -12.724129 4.094656
v -16.469078 -11.918582 4.094656
v -16.469078 -11.113034 4.094656
v -16.469078 -10.307487 4.094656
v -16.469078 -9.501939 4.094656
v -16.469078 -8.696391 4.094656
v -16.469078 -7.890843 4.094656
v -16.469078 -7.085296 4.094656
v -16.469078 -6.279748 4.094656
v -16.469078 -5.474201 4.094656
v -16.469078 -4.668653 4.094656
v -16.469078 -3.863105 4.094656
v -16.469078 -3.057558 4.094656
v -16.469078 -2.252010 4.094656
v -16.469078 -1.446463 4.094656
v -16.469078 -0.640915 4.094656
v -16.469078 0.164633 4.094656
v -16.469078 0.970180 4.094656
v -16.469078 1.775728 4.094656
v -16.469078 2.581276 4.094656
v -16.469078 3.386823 4.094656
v -16.469078 4.192371 4.094656
v -16.469078 4.997919 4.094656
v -16.469078 5.803466 4.094656
v -16.469078 6.609014 4.094656
v -16.469078 7.414561 4.094656
v -16.469078 8.220109 4.094656
v -16.469078 9.025657 4.094656
v -16.469078 9.831204 4.094656
v -16.469078 10.636752 4.094656
v -16.469078 11.442300 4.094656
v -16.469078 12.247847 4.094656
v -16.469078 13.053395 4.094656
v -16.469078 13.858942 4.094656
v -16.469078 14.664491 4.094656
v -16.469078 15.470037 4.094656
v -16.469078 16.275585 4.094656
v -16.469078 17.081131 4.094656
v -16.469078 17.886681 4.094656
v -16.469078 18.692230 4.094656
v -16.469078 19.497776 4.094656
v -15.661716 -19.974056 4.094656
v -15.661716 -19.168510 4.094656
v -15.661716 -18.362965 4.094656
v -15.661716 -17.557415 4.094656
v -15.661716 -16.751865 4.094656
v -15.661716 -15.946320 4.094656
v -15.661716 -15.140773 4.094656
v -15.661716 -14.335224 4.094656
v -15.661716 -13.529677 4.094656
v -15.661716 -12.724129 4.094656
v -15.661716 -11.918582 4.094656
v -15.661716 -11.113034 4.094656
v -15.661716 -10.307487 4.094656
v -15.661716 -9.501939 4.094656
v -15.661716 -8.696391 4.094656
v -15.661716 -7.890843 4.094656
v -15.661716 -7.085296 4.094656
v -15.661716 -6.279748 4.094656
v -15.661716 -5.474201 4.094656
v -15.661716 -4.668653 4.094656
v -15.661716 -3.863105 4.094656
v -15.661716 -3.057558 4.094656
v -15.661716 -2.252010 4.094656
v -15.661716 -1.446463 4.094656
v -15.661716 -0.640915 4.094656
v -15.661716 0.164633 4.094656
v -15.661716 0.970180 4.094656
v -15.661716 1.775728 4.094656
v -15.661716 2.581276 4.094656
v -15.661716 3.386823 4.094656
v -15.661716 4.192371 4.094656
v -15.661716 4.997919 4.094656
v -15.661716 5.803466 4.094656
v -15.661716 6.609014 4.094656
v -15.661716 7.414561 4.094656
v -15.661716 8.220109 4.094656
v -15.661716 9.025657 4.094656
v -15.661716 9.831204 4.094656
v -15.661716 10.636752 4.094656
v -15.661716 11.442300 4.094656
v -15.661716 12.247847 4.094656
v -15.661716 13.053395 4.094656
v -15.661716 13.858942 4.094656
v -15.661716 14.664491 4.094656
v -15.661716 15.470037 4.094656
v -15.661716 16.275585 4.094656
v -15.661716 17.081131 4.094656
v -15.661716 17.886681 4.094656
v -15.661716 18.692230 4.094656
v -15.661716 19.497776 4.094656
v -14.854354 -19.974056 4.094656
v -14.854354 -19.168510 4.094656
v -14.854354 -18.362965 4.094656
v -14.854354 -17.557415 4.094656
v -14.854354 -16.751865 4.094656
v -14.854354 -15.946320 4.094656
v -14.854354 -15.140773 4.094656
v -14.854354 -14.335224 4.094656
v -14.854354 -13.529677 4.094656
v -14.854354 -12.724129 4.094656
v -14.854354 -11.918582 4.094656
v -14.854354 -11.113034 4.094656
v -14.854354 -10.307487 4.094656
v -14.854354 -9.501939 4.094656
v -14.854354 -8.696391 4.094656
v -14.854354 -7.890843 4.094656
v -14.854354 -7.085296 4.094656
v -14.854354 -6.279748 4.094656
v -14.854354 -5.474201 4.094656
v -14.854354 -4.668653 4.094656
v -14.854354 -3.863105 4.094656
v -14.854354 -3.057558 4.094656
v -14.854354 -2.252010 4.094656
v -14.854354 -1.446463 4.094656
v -14.854354 -0.640915 4.094656
v -14.854354 0.164633 4.094656
v -14.854354 0.970180 4.094656
v -14.854354 1.775728 4.094656
v -14.854354 2.581276 4.094656
v -14.854354 3.386823 4.094656
v -14.854354 4.192371 4.094656
v -14.854354 4.997919 4.094656
v -14.854354 5.803466 4.094656
v -14.854354 6.609014 4.094656
v -14.854354 7.414561 4.094656
v -14.854354 8.220109 4.094656
v -14.854354 9.025657 4.094656
v -14.854354 9.831204 4.094656
v -14.854354 10.636752 4.094656
v -14.854354 11.442300 4.094656
v -14.854354 12.247847 4.094656
v -14.854354 13.053395 4.094656
v -14.854354 13.858942 4.094656
v -14.854354 14.664491 4.094656
v -14.854354 15.470037 4.094656
v -14.854354 16.275585 4.094656
v -14.854354 17.081131 4.094656
v -14.854354 17.886681 4.094656
v -14.854354 18.692230 4.094656
v -14.854354 19.497776 4.094656
v -14.046991 -19.974056 4.094656
v -14.046991 -19.168510 4.094656
v -14.046991 -18.362965 4.094656
v -14.046991 -17.557415 4.094656
v -14.046991 -16.751865 4.094656
v -14.046991 -15.946320 4.094656
v -14.046991 -15.140773 4.094656
v -14.046991 -14.335224 4.094656
v -14.046991 -13.529677 4.094656
v -14.046991 -12.724129 4.094656
v -14.046991 -11.918582 4.094656
v -14.046991 -11.113034 4.094656
v -14.046991 -10.307487 4.094656
v -14.046991 -9.501939 4.094656
v -14.046991 -8.696391 4.094656
v -14.046991 -7.890843 4.094656
v -14.046991 -7.085296 4.094656
v -14.046991 -6.279748 4.094656
v -14.046991 -5.474201 4.094656
v -14.046991 -4.668653 4.094656
v -14.046991 -3.863105 4.094656
v -14.046991 -3.057558 4.094656
v -14.046991 -2.252010 4.094656
v -14.046991 -1.446463 4.094656
v -14.046991 -0.640915 4.094656
v -14.046991 0.164633 4.094656
v -14.046991 0.970180 4.094656
v -14.046991 1.775728 4.094656
v -14.046991 2.581276 4.094656
v -14.046991 3.386823 4.094656
v -14.046991 4.192371 4.094656
v -14.046991 4.997919 4.094656
v -14.046991 5.803466 4.094656
v -14.046991 6.609014 4.094656
v -14.046991 7.414561 4.094656
v -14.046991 8.220109 4.094656
v -14.046991 9.025657 4.094656
v -14.046991 9.831204 4.094656
v -14.046991 10.636752 4.094656
v -14.046991 11.442300 4.094656
v -14.046991 12.247847 4.094656
v -14.046991 13.053395 4.094656
v -14.046991 13.858942 4.094656
v -14.046991 14.664491 4.094656
v -14.046991 15.470037 4.094656
v -14.046991 16.275585 4.094656
v -14.046991 17.081131 4.094656
v -14.046991 17.886681 4.094656
v -14.046991 18.692230 4.094656
v -14.046991 19.497776 4.094656
v -13.239631 -19.974056 4.094656
v -13.239631 -19.168510 4.094656
v -13.239631 -18.362965 4.094656
v -13.239631 -17.557415 4.094656
v -13.239631 -16.751865 4.094656
v -13.239631 -15.946320 4.094656
v -13.239631 -15.140773 4.094656
v -13.239631 -14.335224 4.094656
v -13.239631 -13.529677 4.094656
v -13.239631 -12.724129 4.094656
v -13.239631 -11.918582 4.094656
v -13.239631 -11.113034 4.094656
v -13.239631 -10.307487 4.094656
v -13.239631 -9.501939 4.094656
v -13.239631 -8.696391 4.094656
v -13.239631 -7.890843 4.094656
v -13.239631 -7.085296 4.094656
v -13.239631 -6.279748 4.094656
v -13.239631 -5.474201 4.094656
v -13.239631 -4.668653 4.094656
v -13.239631 -3.863105 4.094656
v -13.239631 -3.057558 4.094656
v -13.239631 -2.252010 4.094656
v -13.239631 -1.446463 4.094656
v -13.239631 -0.640915 4.094656
v -13.239631 0.164633 4.094656
v -13.239631 0.970180 4.094656
v -13.239631 1.775728 4.094656
v -13.239631 2.581276 4.094656
v -13.239631 3.386823 4.094656
v -13.239631 4.192371 4.094656
v -13.239631 4.997919 4.094656
v -13.239631 5.803466 4.094656
v -13.239631 6.609014 4.094656
v -13.239631 7.414561 4.094656
v -13.239631 8.220109 4.094656
v -13.239631 9.025657 4.094656
v -13.239631 9.831204 4.094656
v -13.239631 10.636752 4.094656
v -13.239631 11.442300 4.094656
v -13.239631 12.247847 4.094656
v -13.239631 13.053395 4.094656
v -13.239631 13.858942 4.094656
v -13.239631 14.664491 4.094656
v -13.239631 15.470037 4.094656
v -13.239631 16.275585 4.094656
v -13.239631 17.081131 4.094656
v -13.239631 17.886681 4.094656
v -13.239631 18.692230 4.094656
v -13.239631 19.497776 4.094656
v -12.432268 -19.974056 4.094656
v -12.432268 -19.168510 4.094656
v -12.432268 -18.362965 4.094656
v -12.432268 -17.557415 4.094656
v -12.432268 -16.751865 4.094656
v -12.432268 -15.946320 4.094656
v -12.432268 -15.140773 4.094656
v -12.432268 -14.335224 4.094656
v -12.432268 -13.529677 4.094656
v -12.432268 -12.724129 4.094656
v -12.432268 -11.918582 4.094656
v -12.432268 -11.113034 4.094656
v -12.432268 -10.307487 4.094656
v -12.432268 -9.501939 4.094656
v -12.432268 -8.696391 4.094656
v -12.432268 -7.890843 4.094656
v -12.432268 -7.085296 4.094656
v -12.432268 -6.279748 4.094656
v -12.432268 -5.474201 4.094656
v -12.432268 -4.668653 4.094656
v -12.432268 -3.863105 4.094656
v -12.432268 -3.057558 4.094656
v -12.432268 -2.252010 4.094656
v -12.432268 -1.446463 4.094656
v -12.432268 -0.640915 4.094656
v -12.432268 0.164633 4.094656
v -12.432268 0.970180 4.094656
v -12.432268 1.775728 4.094656
v -12.432268 2.581276 4.094656
v -12.432268 3.386823 4.094656
v -12.432268 4.192371 4.094656
v -12.432268 4.997919 4.094656
v -12.432268 5.803466 4.094656
v -12.432268 6.609014 4.094656
v -12.432268 7.414561 4.094656
v -12.432268 8.220109 4.094656
v -12.432268 9.025657 4.094656
v -12.432268 9.831204 4.094656
v -12.432268 10.636752 4.094656
v -12.432268 11.442300 4.094656
v -12.432268 12.247847 4.094656
v -12.432268 13.053395 4.094656
v -12.432268 13.858942 4.094656
v -12.432268 14.664491 4.094656
v -12.432268 15.470037 4.094656
v -12.432268 16.275585 4.094656
v -12.432268 17.081131 4.094656
v -12.432268 17.886681 4.094656
v -12.432268 18.692230 4.094656
v -12.432268 19.497776 4.094656
v -11.624907 -19.974056 4.094656
v -11.624907 -19.168510 4.094656
v -11.624907 -18.362965 4.094656
v -11.624907 -17.557415 4.094656
v -11.624907 -16.751865 4.094656
v -11.624907 -15.946320 4.094656
v -11.624907 -15.140773 4.094656
v -11.624907 -14.335224 4.094656
v -11.624907 -13.529677 4.094656
v -11.624907 -12.724129 4.094656
v -11.624907 -11.918582 4.094656
v -11.624907 -11.113034 4.094656
v -11.624907 -10.307487 4.094656
v -11.624907 -9.501939 4.094656
v -11.624907 -8.696391 4.094656
v -11.624907 -7.890843 4.094656
v -11.624907 -7.085296 4.094656
v -11.624907 -6.279748 4.094656
v -11.624907 -5.474201 4.094656
v -11.624907 -4.668653 4.094656
v -11.624907 -3.863105 4.094656
v -11.624907 -3.057558 4.094656
v -11.624907 -2.252010 4.094656
v -11.624907 -1.446463 4.094656
v -11.624907 -0.640915 4.094656
v -11.624907 0.164633 4.094656
v -11.624907 0.970180 4.094656
v -11.624907 1.775728 4.094656
v -11.624907 2.581276 4.094656
v -11.624907 3.386823 4.094656
v -11.624907 4.192371 4.094656
v -11.624907 4.997919 4.094656
v -11.624907 5.803466 4.094656
v -11.624907 6.609014 4.094656
v -11.624907 7.414561 4.094656
v -11.624907 8.220109 4.094656
v -11.624907 9.025657 4.094656
v -11.624907 9.831204 4.094656
v -11.624907 10.636752 4.094656
v -11.624907 11.442300 4.094656
v -11.624907 12.247847 4.094656
v -11.624907 13.053395 4.094656
v -11.624907 13.858942 4.094656
v -11.624907 14.664491 4.094656
v -11.624907 15.470037 4.094656
v -11.624907 16.275585 4.094656
v -11.624907 17.081131 4.094656
v -11.624907 17.886681 4.094656
v -11.624907 18.692230 4.094656
v -11.624907 19.497776 4.094656
v -10.817545 -19.974056 4.094656
v -10.817545 -19.168510 4.094656
v -10.817545 -18.362965 4.094656
v -10.817545 -17.557415 4.094656
v -10.817545 -16.751865 4.094656
v -10.817545 -15.946320 4.094656
v -10.817545 -15.140773 4.094656
v -10.817545 -14.335224 4.094656
v -10.817545 -13.529677 4.094656
v -10.817545 -12.724129 4.094656
v -10.817545 -11.918582 4.094656
v -10.817545 -11.113034 4.094656
v -10.817545 -10.307487 4.094656
v -10.817545 -9.501939 4.094656
v -10.817545 -8.696391 4.094656
v -10.817545 -7.890843 4.094656
v -10.817545 -7.085296 4.094656
v -10.817545 -6.279748 4.094656
v -10.817545 -5.474201 4.094656
v -10.817545 -4.668653 4.094656
v -10.817545 -3.863105 4.094656
v -10.817545 -3.057558 4.094656
v -10.817545 -2.252010 4.094656
v -10.817545 -1.446463 4.094656
v -10.817545 -0.640915 4.094656
v -10.817545 0.164633 4.094656
v -10.817545 0.970180 4.094656
v -10.817545 1.775728 4.094656
v -10.817545 2.581276 4.094656
v -10.817545 3.386823 4.094656
v -10.817545 4.192371 4.094656
v -10.817545 4.997919 4.094656
v -10.817545 5.803466 4.094656
v -10.817545 6.609014 4.094656
v -10.817545 7.414561 4.094656
v -10.817545 8.220109 4.094656
v -10.817545 9.025657 4.094656
v -10.817545 9.831204 4.094656
v -10.817545 10.636752 4.094656
v -10.817545 11.442300 4.094656
v -10.817545 12.247847 4.094656
v -10.817545 13.053395 4.094656
v -10.817545 13.858942 4.094656
v -10.817545 14.664491 4.094656
v -10.817545 15.470037 4.094656
v -10.817545 16.275585 4.094656
v -10.817545 17.081131 4.094656
v -10.817545 17.886681 4.094656
v -10.817545 18.692230 4.094656
v -10.817545 19.497776 4.094656
v -10.010182 -19.974056 4.094656
v -10.010182 -19.168510 4.094656
v -10.010182 -18.362965 4.094656
v -10.010182 -17.557415 4.094656
v -10.010182 -16.751865 4.094656
v -10.010182 -15.946320 4.094656
v -10.010182 -15.140773 4.094656
v -10.010182 -14.335224 4.094656
v -10.010182 -13.529677 4.094656
v -10.010182 -12.724129 4.094656
v -10.010182 -11.918582 4.094656
v -10.010182 -11.113034 4.094656
v -10.010182 -10.307487 4.094656
v -10.010182 -9.501939 4.094656
v -10.010182 -8.696391 4.094656
v -10.010182 -7.890843 4.094656
v -10.010182 -7.085296 4.094656
v -10.010182 -6.279748 4.094656
v -10.010182 -5.474201 4.094656
v -10.010182 -4.668653 4.094656
v -10.010182 -3.863105 4.094656
v -10.010182 -3.057558 4.094656
v -10.010182 -2.252010 4.094656
v -10.010182 -1.446463 4.094656
v -10.010182 -0.640915 4.094656
v -10.010182 0.164633 4.094656
v -10.010182 0.970180 4.094656
v -10.010182 1.775728 4.094656
v -10.010182 2.581276 4.094656
v -10.010182 3.386823 4.094656
v -10.010182 4.192371 4.094656
v -10.010182 4.997919 4.094656
v -10.010182 5.803466 4.094656
v -10.010182 6.609014 4.094656
v -10.010182 7.414561 4.094656
v -10.010182 8.220109 4.094656
v -10.010182 9.025657 4.094656
v -10.010182 9.831204 4.094656
v -10.010182 10.636752 4.094656
v -10.010182 11.442300 4.094656
v -10.010182 12.247847 4.094656
v -10.010182 13.053395 4.094656
v -10.010182 13.858942 4.094656
v -10.010182 14.664491 4.094656
v -10.010182 15.470037 4.094656
v -10.010182 16.275585 4.094656
v -10.010182 17.081131 4.094656
v -10.010182 17.886681 4.094656
v -10.010182 18.692230 4.094656
v -10.010182 19.497776 4.094656
v -9.202822 -19.974056 4.094656
v -9.202822 -19.168510 4.094656
v -9.202822 -18.362965 4.094656
v -9.202822 -17.557415 4.094656
v -9.202822 -16.751865 4.094656
v -9.202822 -15.946320 4.094656
v -9.202822 -15.140773 4.094656
v -9.202822 -14.335224 4.094656
v -9.202822 -13.529677 4.094656
v -9.202822 -12.724129 4.094656
v -9.202822 -11.918582 4.094656
v -9.202822 -11.113034 4.094656
v -9.202822 -10.307487 4.094656
v -9.202822 -9.501939 4.094656
v -9.202822 -8.696391 4.094656
v -9.202822 -7.890843 4.094656
v -9.202822 -7.085296 4.094656
v -9.202822 -6.279748 4.094656
v -9.202822 -5.474201 4.094656
v -9.202822 -4.668653 4.094656
v -9.202822 -3.863105 4.094656
v -9.202822 -3.057558 4.094656
v -9.202822 -2.252010 4.094656
v -9.202822 -1.446463 4.094656
v -9.202822 -0.640915 4.094656
v -9.202822 0.164633 4.094656
v -9.202822 0.970180 4.094656
v -9.202822 1.775728 4.094656
v -9.202822 2.581276 4.094656
v -9.202822 3.386823 4.094656
v -9.202822 4.192371 4.094656
v -9.202822 4.997919 4.094656
v -9.202822 5.803466 4.094656
v -9.202822 6.609014 4.094656
v -9.202822 7.414561 4.094656
v -9.202822 8.220109 4.094656
v -9.202822 9.025657 4.094656
v -9.202822 9.831204 4.094656
v -9.202822 10.636752 4.094656
v -9.202822 11.442300 4.094656
v -9.202822 12.247847 4.094656
v -9.202822 13.053395 4.094656
v -9.202822 13.858942 4.094656
v -9.202822 14.664491 4.094656
v -9.202822 15.470037 4.094656
v -9.202822 16.275585 4.094656
v -9.202822 17.081131 4.094656
v -9.202822 17.886681 4.094656
v -9.202822 18.692230 4.094656
v -9.202822 19.497776 4.094656
v -8.395459 -19.974056 4.094656
v -8.395459 -19.168510 4.094656
v -8.395459 -18.362965 4.094656
v -8.395459 -17.557415 4.094656
v -8.395459 -16.751865 4.094656
v -8.395459 -15.946320 4.094656
v -8.395459 -15.140773 4.094656
v -8.395459 -14.335224 4.094656
v -8.395459 -13.529677 4.094656
v -8.395459 -12.724129 4.094656
v -8.395459 -11.918582 4.094656
v -8.395459 -11.113034 4.094656
v -8.395459 -10.307487 4.094656
v -8.395459 -9.501939 4.094656
v -8.395459 -8.696391 4.094656
v -8.395459 -7.890843 4.094656
v -8.395459 -7.085296 4.094656
v -8.395459 -6.279748 4.094656
v -8.395459 -5.474201 4.094656
v -8.395459 -4.668653 4.094656
v -8.395459 -3.863105 4.094656
v -8.395459 -3.057558 4.094656
v -8.395459 -2.252010 4.094656
v -8.395459 -1.446463 4.094656
v -8.395459 -0.640915 4.094656
v -8.395459 0.164633 4.094656
v -8.395459 0.970180 4.094656
v -8.395459 1.775728 4.094656
v -8.395459 2.581276 4.094656
v -8.395459 3.386823 4.094656
v -8.395459 4.192371 4.094656
v -8.395459 4.997919 4.094656
v -8.395459 5.803466 4.094656
v -8.395459 6.609014 4.094656
v -8.395459 7.414561 4.094656
v -8.395459 8.220109 4.094656
v -8.395459 9.025657 4.094656
v -8.395459 9.831204 4.094656
v -8.395459 10.636752 4.094656
v -8.395459 11.442300 4.094656
v -8.395459 12.247847 4.094656
v -8.395459 13.053395 4.094656
v -8.395459 13.858942 4.094656
v -8.395459 14.664491 4.094656
v -8.395459 15.470037 4.094656
v -8.395459 16.275585 4.094656
v -8.395459 17.081131 4.094656
v -8.395459 17.886681 4.094656
v -8.395459 18.692230 4.094656
v -8.395459 19.497776 4.094656
v -7.588098 -19.974056 4.094656
v -7.588098 -19.168510 4.094656
v -7.588098 -18.362965 4.094656
v -7.588098 -17.557415 4.094656
v -7.588098 -16.751865 4.094656
v -7.588098 -15.946320 4.094656
v -7.588098 -15.140773 4.094656
v -7.588098 -14.335224 4.094656
v -7.588098 -13.529677 4.094656
v -7.588098 -12.724129 4.094656
v -7.588098 -11.918582 4.094656
v -7.588098 -11.113034 4.094656
v -7.588098 -10.307487 4.094656
v -7.588098 -9.501939 4.094656
v -7.588098 -8.696391 4.094656
v -7.588098 -7.890843 4.094656
v -7.588098 -7.085296 4.094656
v -7.588098 -6.279748 4.094656
v -7.588098 -5.474201 4.094656
v -7.588098 -4.668653 4.094656
v -7.588098 -3.863105 4.094656
v -7.588098 -3.057558 4.094656
v -7.588098 -2.252010 4.094656
v -7.588098 -1.446463 4.094656
v -7.588098 -0.640915 4.094656
v -7.588098 0.164633 4.094656
v -7.588098 0.970180 4.094656
v -7.588098 1.775728 4.094656
v -7.588098 2.581276 4.094656
v -7.588098 3.386823 4.094656
v -7.588098 4.192371 4.094656
v -7.588098 4.997919 4.094656
v -7.588098 5.803466 4.094656
v -7.588098 6.609014 4.094656
v -7.588098 7.414561 4.094656
v -7.588098 8.220109 4.094656
v -7.588098 9.025657 4.094656
v -7.588098 9.831204 4.094656
v -7.588098 10.636752 4.094656
v -7.588098 11.442300 4.094656
v -7.588098 12.247847 4.094656
v -7.588098 13.053395 4.094656
v -7.588098 13.858942 4.094656
v -7.588098 14.664491 4.094656
v -7.588098 15.470037 4.094656
v -7.588098 16.275585 4.094656
v -7.588098 17.081131 4.094656
v -7.588098 17.886681 4.094656
v -7.588098 18.692230 4.094656
v -7.588098 19.497776 4.094656
v -6.780736 -19.974056 4.094656
v -6.780736 -19.168510 4.094656
v -6.780736 -18.362965 4.094656
v -6.780736 -17.557415 4.094656
v -6.780736 -16.751865 4.094656
v -6.780736 -15.946320 4.094656
v -6.780736 -15.140773 4.094656
v -6.780736 -14.335224 4.094656
v -6.780736 -13.529677 4.094656
v -6.780736 -12.724129 4.094656
v -6.780736 -11.918582 4.094656
v -6.780736 -11.113034 4.094656
v -6.780736 -10.307487 4.094656
v -6.780736 -9.501939 4.094656
v -6.780736 -8.696391 4.094656
v -6.780736 -7.890843 4.094656
v -6.780736 -7.085296 4.094656
v -6.780736 -6.279748 4.094656
v -6.780736 -5.474201 4.094656
v -6.780736 -4.668653 4.094656
v -6.780736 -3.863105 4.094656
v -6.780736 -3.057558 4.094656
v -6.780736 -2.252010 4.094656
v -6.780736 -1.446463 4.094656
v -6.780736 -0.640915 4.094656
v -6.780736 0.164633 4.094656
v -6.780736 0.970180 4.094656
v -6.780736 1.775728 4.094656
v -6.780736 2.581276 4.094656
v -6.780736 3.386823 4.094656
v -6.780736 4.192371 4.094656
v -6.780736 4.997919 4.094656
v -6.780736 5.803466 4.094656
v -6.780736 6.609014 4.094656
v -6.780736 7.414561 4.094656
v -6.780736 8.220109 4.094656
v -6.780736 9.025657 4.094656
v -6.780736 9.831204 4.094656
v -6.780736 10.636752 4.094656
v -6.780736 11.442300 4.094656
v -6.780736 12.247847 4.094656
v -6.780736 13.053395 4.094656
v -6.780736 13.858942 4.094656
v -6.780736 14.664491 4.094656
v -6.780736 15.470037 4.094656
v -6.780736 16.275585 4.094656
v -6.780736 17.081131 4.094656
v -6.780736 17.886681 4.094656
v -6.780736 18.692230 4.094656
v -6.780736 19.497776 4.094656
v -5.973374 -19.974056 4.094656
v -5.973374 -19.168510 4.094656
v -5.973374 -18.362965 4.094656
v -5.973374 -17.557415 4.094656
v -5.973374 -16.751865 4.094656
v -5.973374 -15.946320 4.094656
v -5.973374 -15.140773 4.094656
v -5.973374 -14.335224 4.094656
v -5.973374 -13.529677 4.094656
v -5.973374 -12.724129 4.094656
v -5.973374 -11.918582 4.094656
v -5.973374 -11.113034 4.094656
v -5.973374 -10.307487 4.094656
v -5.973374 -9.501939 4.094656
v -5.973374 -8.696391 4.094656
v -5.973374 -7.890843 4.094656
v -5.973374 -7.085296 4.094656
v -5.973374 -6.279748 4.094656
v -5.973374 -5.474201 4.094656
v -5.973374 -4.668653 4.094656
v -5.973374 -3.863105 4.094656
v -5.973374 -3.057558 4.094656
v -5.973374 -2.252010 4.094656
v -5.973374 -1.446463 4.094656
v -5.973374 -0.640915 4.094656
v -5.973374 0.164633 4.094656
v -5.973374 0.970180 4.094656
v -5.973374 1.775728 4.094656
v -5.973374 2.581276 4.094656
v -5.973374 3.386823 4.094656
v -5.973374 4.192371 4.094656
v -5.973374 4.997919 4.094656
v -5.973374 5.803466 4.094656
v -5.973374 6.609014 4.094656
v -5.973374 7.414561 4.094656
v -5.973374 8.220109 4.094656
v -5.973374 9.025657 4.094656
v -5.973374 9.831204 4.094656
v -5.973374 10.636752 4.094656
v -5.973374 11.442300 4.094656
v -5.973374 12.247847 4.094656
v -5.973374 13.053395 4.094656
v -5.973374 13.858942 4.094656
v -5.973374 14.664491 4.094656
v -5.973374 15.470037 4.094656
v -5.973374 16.275585 4.094656
v -5.973374 17.081131 4.094656
v -5.973374 17.886681 4.094656
v -5.973374 18.692230 4.094656
v -5.973374 19.497776 4.094656
v -5.166012 -19.974056 4.094656
v -5.166012 -19.168510 4.094656
v -5.166012 -18.362965 4.094656
v -5.166012 -17.557415 4.094656
v -5.166012 -16.751865 4.094656
v -5.166012 -15.946320 4.094656
v -5.166012 -15.140773 4.094656
v -5.166012 -14.335224 4.094656
v -5.166012 -13.529677 4.094656
v -5.166012 -12.724129 4.094656
v -5.166012 -11.918582 4.094656
v -5.166012 -11.113034 4.094656
v -5.166012 -10.307487 4.094656
v -5.166012 -9.501939 4.094656
v -5.166012 -8.696391 4.094656
v -5.166012 -7.890843 4.094656
v -5.166012 -7.085296 4.094656
v -5.166012 -6.279748 4.094656
v -5.166012 -5.474201 4.094656
v -5.166012 -4.668653 4.094656
v -5.166012 -3.863105 4.094656
v -5.166012 -3.057558 4.094656
v -5.166012 -2.252010 4.094656
v -5.166012 -1.446463 4.094656
v -5.166012 -0.640915 4.094656
v -5.166012 0.164633 4.094656
v -5.166012 0.970180 4.094656
v -5.166012 1.775728 4.094656
v -5.166012 2.581276 4.094656
v -5.166012 3.386823 4.094656
v -5.166012 4.192371 4.094656
v -5.166012 4.997919 4.094656
v -5.166012 5.803466 4.094656
v -5.166012 6.609014 4.094656
v -5.166012 7.414561 4.094656
v -5.166012 8.220109 4.094656
v -5.166012 9.025657 4.094656
v -5.166012 9.831204 4.094656
v -5.166012 10.636752 4.094656
v -5.166012 11.442300 4.094656
v -5.166012 12.247847 4.094656
v -5.166012 13.053395 4.094656
v -5.166012 13.858942 4.094656
v -5.166012 14.664491 4.094656
v -5.166012 15.470037 4.094656
v -5.166012 16.275585 4.094656
v -5.166012 17.081131 4.094656
v -5.166012 17.886681 4.094656
v -5.166012 18.692230 4.094656
v -5.166012 19.497776 4.094656
v -4.358650 -19.974056 4.094656
v -4.358650 -19.168510 4.094656
v -4.358650 -18.362965 4.094656
v -4.358650 -17.557415 4.094656
v -4.358650 -16.751865 4.094656
v -4.358650 -15.946320 4.094656
v -4.358650 -15.140773 4.094656
v -4.358650 -14.335224 4.094656
v -4.358650 -13.529677 4.094656
v -4.358650 -12.724129 4.094656
v -4.358650 -11.918582 4.094656
v -4.358650 -11.113034 4.094656
v -4.358650 -10.307487 4.094656
v -4.358650 -9.501939 4.094656
v -4.358650 -8.696391 4.094656
v -4.358650 -7.890843 4.094656
v -4.358650 -7.085296 4.094656
v -4.358650 -6.279748 4.094656
v -4.358650 -5.474201 4.094656
v -4.358650 -4.668653 4.094656
v -4.358650 -3.863105 4.094656
v -4.358650 -3.057558 4.094656
v -4.358650 -2.252010 4.094656
v -4.358650 -1.446463 4.094656
v -4.358650 -0.640915 4.094656
v -4.358650 0.164633 4.094656
v -4.358650 0.970180 4.094656
v -4.358650 1.775728 4.094656
v -4.358650 2.581276 4.094656
v -4.358650 3.386823 4.094656
v -4.358650 4.192371 4.094656
v -4.358650 4.997919 4.094656
v -4.358650 5.803466 4.094656
v -4.358650 6.609014 4.094656
v -4.358650 7.414561 4.094656
v -4.358650 8.220109 4.094656
v -4.358650 9.025657 4.094656
v -4.358650 9.831204 4.094656
v -4.358650 10.636752 4.094656
v -4.358650 11.442300 4.094656
v -4.358650 12.247847 4.094656
v -4.358650 13.053395 4.094656
v -4.358650 13.858942 4.094656
v -4.358650 14.664491 4.094656
v -4.358650 15.470037 4.094656
v -4.358650 16.275585 4.094656
v -4.358650 17.081131 4.094656
v -4.358650 17.886681 4.094656
v -4.358650 18.692230 4.094656
v -4.358650 19.497776 4.094656
v -3.551288 -19.974056 4.094656
v -3.551288 -19.168510 4.094656
v -3.551288 -18.362965 4.094656
v -3.551288 -17.557415 4.094656
v -3.551288 -16.751865 4.094656
v -3.551288 -15.946320 4.094656
v -3.551288 -15.140773 4.094656
v -3.551288 -14.335224 4.094656
v -3.551288 -13.529677 4.094656
v -3.551288 -12.724129 4.094656
v -3.551288 -11.918582 4.094656
v -3.551288 -11.113034 4.094656
v -3.551288 -10.307487 4.094656
v -3.551288 -9.501939 4.094656
v -3.551288 -8.696391 4.094656
v -3.551288 -7.890843 4.094656
v -3.551288 -7.085296 4.094656
v -3.551288 -6.279748 4.094656
v -3.551288 -5.474201 4.094656
v -3.551288 -4.668653 4.094656
v -3.551288 -3.863105 4.094656
v -3.551288 -3.057558 4.094656
v -3.551288 -2.252010 4.094656
v -3.551288 -1.446463 4.094656
v -3.551288 -0.640915 4.094656
v -3.551288 0.164633 4.094656
v -3.551288 0.970180 4.094656
v -3.551288 1.775728 4.094656
v -3.551288 2.581276 4.094656
v -3.551288 3.386823 4.094656
v -3.551288 4.192371 4.094656
v -3.551288 4.997919 4.094656
v -3.551288 5.803466 4.094656
v -3.551288 6.609014 4.094656
v -3.551288 7.414561 4.094656
v -3.551288 8.220109 4.094656
v -3.551288 9.025657 4.094656
v -3.551288 9.831204 4.094656
v -3.551288 10.636752 4.094656
v -3.551288 11.442300 4.094656
v -3.551288 12.247847 4.094656
v -3.551288 13.053395 4.094656
v -3.551288 13.858942 4.094656
v -3.551288 14.664491 4.094656
v -3.551288 15.470037 4.094656
v -3.551288 16.275585 4.094656
v -3.551288 17.081131 4.094656
v -3.551288 17.886681 4.094656
v -3.551288 18.692230 4.094656
v -3.551288 19.497776 4.094656
v -2.743927 -19.974056 4.094656
v -2.743927 -19.168510 4.094656
v -2.743927 -18.362965 4.094656
v -2.743927 -17.557415 4.094656
v -2.743927 -16.751865 4.094656
v -2.743927 -15.946320 4.094656
v -2.743927 -15.140773 4.094656
v -2.743927 -14.335224 4.094656
v -2.743927 -13.529677 4.094656
v -2.743927 -12.724129 4.094656
v -2.743927 -11.918582 4.094656
v -2.743927 -11.113034 4.094656
v -2.743927 -10.307487 4.094656
v -2.743927 -9.501939 4.094656
v -2.743927 -8.696391 4.094656
v -2.743927 -7.890843 4.094656
v -2.743927 -7.085296 4.094656
v -2.743927 -6.279748 4.094656
v -2.743927 -5.474201 4.094656
v -2.743927 -4.668653 4.094656
v -2.743927 -3.863105 4.094656
v -2.743927 -3.057558 4.094656
v -2.743927 -2.252010 4.094656
v -2.743927 -1.446463 4.094656
v -2.743927 -0.640915 4.094656
v -2.743927 0.164633 4.094656
v -2.743927 0.970180 4.094656
v -2.743927 1.775728 4.094656
v -2.743927 2.581276 4.094656
v -2.743927 3.386823 4.094656
v -2.743927 4.192371 4.094656
v -2.743927 4.997919 4.094656
v -2.743927 5.803466 4.094656
v -2.743927 6.609014 4.094656
v -2.743927 7.414561 4.094656
v -2.743927 8.220109 4.094656
v -2.743927 9.025657 4.094656
v -2.743927 9.831204 4.094656
v -2.743927 10.636752 4.094656
v -2.743927 11.442300 4.094656
v -2.743927 12.247847 4.094656
v -2.743927 13.053395 4.094656
v -2.743927 13.858942 4.094656
v -2.743927 14.664491 4.094656
v -2.743927 15.470037 4.094656
v -2.743927 16.275585 4.094656
v -2.743927 17.081131 4.094656
v -2.743927 17.886681 4.094656
v -2.743927 18.692230 4.094656
v -2.743927 19.497776 4.094656
v -1.936565 -19.974056 4.094656
v -1.936565 -19.168510 4.094656
v -1.936565 -18.362965 4.094656
v -1.936565 -17.557415 4.094656
v -1.936565 -16.751865 4.094656
v -1.936565 -15.946320 4.094656
v -1.936565 -15.140773 4.094656
v -1.936565 -14.335224 4.094656
v -1.936565 -13.529677 4.094656
v -1.936565 -12.724129 4.094656
v -1.936565 -11.918582 4.094656
v -1.936565 -11.113034 4.094656
v -1.936565 -10.307487 4.094656
v -1.936565 -9.501939 4.094656
v -1.936565 -8.696391 4.094656
v -1.936565 -7.890843 4.094656
v -1.936565 -7.085296 4.094656
v -1.936565 -6.279748 4.094656
v -1.936565 -5.474201 4.094656
v -1.936565 -4.668653 4.094656
v -1.936565 -3.863105 4.094656
v -1.936565 -3.057558 4.094656
v -1.936565 -2.252010 4.094656
v -1.936565 -1.446463 4.094656
v -1.936565 -0.640915 4.094656
v -1.936565 0.164633 4.094656
v -1.936565 0.970180 4.094656
v -1.936565 1.775728 4.094656
v -1.936565 2.581276 4.094656
v -1.936565 3.386823 4.094656
v -1.936565 4.192371 4.094656
v -1.936565 4.997919 4.094656
v -1.936565 5.803466 4.094656
v -1.936565 6.609014 4.094656
v -1.936565 7.414561 4.094656
v -1.936565 8.220109 4.094656
v -1.936565 9.025657 4.094656
v -1.936565 9.831204 4.094656
v -1.936565 10.636752 4.094656
v -1.936565 11.442300 4.094656
v -1.936565 12.247847 4.094656
v -1.936565 13.053395 4.094656
v -1.936565 13.858942 4.094656
v -1.936565 14.664491 4.094656
v -1.936565 15.470037 4.094656
v -1.936565 16.275585 4.094656
v -1.936565 17.081131 4.094656
v -1.936565 17.886681 4.094656
v -1.936565 18.692230 4.094656
v -1.936565 19.497776 4.094656
v -1.129203 -19.974056 4.094656
v -1.129203 -19.168510 4.094656
v -1.129203 -18.362965 4.094656
v -1.129203 -17.557415 4.094656
v -1.129203 -16.751865 4.094656
v -1.129203 -15.946320 4.094656
v -1.129203 -15.140773 4.094656
v -1.129203 -14.335224 4.094656
v -1.129203 -13.529677 4.094656
v -1.129203 -12.724129 4.094656
v -1.129203 -11.918582 4.094656
v -1.129203 -11.113034 4.094656
v -1.129203 -10.307487 4.094656
v -1.129203 -9.501939 4.094656
v -1.129203 -8.696391 4.094656
v -1.129203 -7.890843 4.094656
v -1.129203 -7.085296 4.094656
v -1.129203 -6.279748 4.094656
v -1.129203 -5.474201 4.094656
v -1.129203 -4.668653 4.094656
v -1.129203 -3.863105 4.094656
v -1.129203 -3.057558 4.094656
v -1.129203 -2.252010 4.094656
v -1.129203 -1.446463 4.094656
v -1.129203 -0.640915 4.094656
v -1.129203 0.164633 4.094656
v -1.129203 0.970180 4.094656
v -1.129203 1.775728 4.094656
v -1.129203 2.581276 4.094656
v -1.129203 3.386823 4.094656
v -1.129203 4.192371 4.094656
v -1.129203 4.997919 4.094656
v -1.129203 5.803466 4.094656
v -1.129203 6.609014 4.094656
v -1.129203 7.414561 4.094656
v -1.129203 8.220109 4.094656
v -1.129203 9.025657 4.094656
v -1.129203 9.831204 4.094656
v -1.129203 10.636752 4.094656
v -1.129203 11.442300 4.094656
v -1.129203 12.247847 4.094656
v -1.129203 13.053395 4.094656
v -1.129203 13.858942 4.094656
v -1.129203 14.664491 4.094656
v -1.129203 15.470037 4.094656
v -1.129203 16.275585 4.094656
v -1.129203 17.081131 4.094656
v -1.129203 17.886681 4.094656
v -1.129203 18.692230 4.094656
v -1.129203 19.497776 4.094656
v -0.321841 -19.974056 4.094656
v -0.321841 -19.168510 4.094656
v -0.321841 -18.362965 4.094656
v -0.321841 -17.557415 4.094656
v -0.321841 -16.751865 4.094656
v -0.321841 -15.946320 4.094656
v -0.321841 -15.140773 4.094656
v -0.321841 -14.335224 4.094656
v -0.321841 -13.529677 4.094656
v -0.321841 -12.724129 4.094656
v -0.321841 -11.918582 4.094656
v -0.321841 -11.113034 4.094656
v -0.321841 -10.307487 4.094656
v -0.321841 -9.501939 4.094656
v -0.321841 -8.696391 4.094656
v -0.321841 -7.890843 4.094656
v -0.321841 -7.085296 4.094656
v -0.321841 -6.279748 4.094656
v -0.321841 -5.474201 4.094656
v -0.321841 -4.668653 4.094656
v -0.321841 -3.863105 4.094656
v -0.321841 -3.057558 4.094656
v -0.321841 -2.252010 4.094656
v -0.321841 -1.446463 4.094656
v -0.321841 -0.640915 4.094656
v -0.321841 0.164633 4.094656
v -0.321841 0.970180 4.094656
v -0.321841 1.775728 4.094656
v -0.321841 2.581276 4.094656
v -0.321841 3.386823 4.094656
v -0.321841 4.192371 4.094656
v -0.321841 4.997919 4.094656
v -0.321841 5.803466 4.094656
v -0.321841 6.609014 4.094656
v -0.321841 7.414561 4.094656
v -0.321841 8.220109 4.094656
v -0.321841 9.025657 4.094656
v -0.321841 9.831204 4.094656
v -0.321841 10.636752 4.094656
v -0.321841 11.442300 4.094656
v -0.321841 12.247847 4.094656
v -0.321841 13.053395 4.094656
v -0.321841 13.858942 4.094656
v -0.321841 14.664491 4.094656
v -0.321841 15.470037 4.094656
v -0.321841 16.275585 4.094656
v -0.321841 17.081131 4.094656
v -0.321841 17.886681 4.094656
v -0.321841 18.692230 4.094656
v -0.321841 19.497776 4.094656
v 0.485520 -19.974056 4.094656
v 0.485520 -19.168510 4.094656
v 0.485520 -18.362965 4.094656
v 0.485520 -17.557415 4.094656
v 0.485520 -16.751865 4.094656
v 0.485520 -15.946320 4.094656
v 0.485520 -15.140773 4.094656
v 0.485520 -14.335224 4.094656
v 0.485520 -13.529677 4.094656
v 0.485520 -12.724129 4.094656
v 0.485520 -11.918582 4.094656
v 0.485520 -11.113034 4.094656
v 0.485520 -10.307487 4.094656
v 0.485520 -9.501939 4.094656
v 0.485520 -8.696391 4.094656
v 0.485520 -7.890843 4.094656
v 0.485520 -7.085296 4.094656
v 0.485520 -6.279748 4.094656
v 0.485520 -5.474201 4.094656
v 0.485520 -4.668653 4.094656
v 0.485520 -3.863105 4.094656
v 0.485520 -3.057558 4.094656
v 0.485520 -2.252010 4.094656
v 0.485520 -1.446463 4.094656
v 0.485520 -0.640915 4.094656
v 0.485520 0.164633 4.094656
v 0.485520 0.970180 4.094656
v 0.485520 1.775728 4.094656
v 0.485520 2.581276 4.094656
v 0.485520 3.386823 4.094656
v 0.485520 4.192371 4.094656
v 0.485520 4.997919 4.094656
v 0.485520 5.803466 4.094656
v 0.485520 6.609014 4.094656
v 0.485520 7.414561 4.094656
v 0.485520 8.220109 4.094656
v 0.485520 9.025657 4.094656
v 0.485520 9.831204 4.094656
v 0.485520 10.636752 4.094656
v 0.485520 11.442300 4.094656
v 0.485520 12.247847 4.094656
v 0.485520 13.053395 4.094656
v 0.485520 13.858942 4.094656
v 0.485520 14.664491 4.094656
v 0.485520 15.470037 4.094656
v 0.485520 16.275585 4.094656
v 0.485520 17.081131 4.094656
v 0.485520 17.886681 4.094656
v 0.485520 18.692230 4.094656
v 0.485520 19.497776 4.094656
v 1.292882 -19.974056 4.094656
v 1.292882 -19.168510 4.094656
v 1.292882 -18.362965 4.094656
v 1.292882 -17.557415 4.094656
v 1.292882 -16.751865 4.094656
v 1.292882 -15.946320 4.094656
v 1.292882 -15.140773 4.094656
v 1.292882 -14.335224 4.094656
v 1.292882 -13.529677 4.094656
v 1.292882 -12.724129 4.094656
v 1.292882 -11.918582 4.094656
v 1.292882 -11.113034 4.094656
v 1.292882 -10.307487 4.094656
v 1.292882 -9.501939 4.094656
v 1.292882 -8.696391 4.094656
v 1.292882 -7.890843 4.094656
v 1.292882 -7.085296 4.094656
v 1.292882 -6.279748 4.094656
v 1.292882 -5.474201 4.094656
v 1.292882 -4.668653 4.094656
v 1.292882 -3.863105 4.094656
v 1.292882 -3.057558 4.094656
v 1.292882 -2.252010 4.094656
v 1.292882 -1.446463 4.094656
v 1.292882 -0.640915 4.094656
v 1.292882 0.164633 4.094656
v 1.292882 0.970180 4.094656
v 1.292882 1.775728 4.094656
v 1.292882 2.581276 4.094656
v 1.292882 3.386823 4.094656
v 1.292882 4.192371 4.094656
v 1.292882 4.997919 4.094656
v 1.292882 5.803466 4.094656
v 1.292882 6.609014 4.094656
v 1.292882 7.414561 4.094656
v 1.292882 8.220109 4.094656
v 1.292882 9.025657 4.094656
v 1.292882 9.831204 4.094656
v 1.292882 10.636752 4.094656
v 1.292882 11.442300 4.094656
v 1.292882 12.247847 4.094656
v 1.292882 13.053395 4.094656
v 1.292882 13.858942 4.094656
v 1.292882 14.664491 4.094656
v 1.292882 15.470037 4.094656
v 1.292882 16.275585 4.094656
v 1.292882 17.081131 4.094656
v 1.292882 17.886681 4.094656
v 1.292882 18.692230 4.094656
v 1.292882 19.497776 4.094656
v 2.100244 -19.974056 4.094656
v 2.100244 -19.168510 4.094656
v 2.100244 -18.362965 4.094656
v 2.100244 -17.557415 4.094656
v 2.100244 -16.751865 4.094656
v 2.100244 -15.946320 4.094656
v 2.100244 -15.140773 4.094656
v 2.100244 -14.335224 4.094656
v 2.100244 -13.529677 4.094656
v 2.100244 -12.724129 4.094656
v 2.100244 -11.918582 4.094656
v 2.100244 -11.113034 4.094656
v 2.100244 -10.307487 4.094656
v 2.100244 -9.501939 4.094656
v 2.100244 -8.696391 4.094656
v 2.100244 -7.890843 4.094656
v 2.100244 -7.085296 4.094656
v 2.100244 -6.279748 4.094656
v 2.100244 -5.474201 4.094656
v 2.100244 -4.668653 4.094656
v 2.100244 -3.863105 4.094656
v 2.100244 -3.057558 4.094656
v 2.100244 -2.252010 4.094656
v 2.100244 -1.446463 4.094656
v 2.100244 -0.640915 4.094656
v 2.100244 0.164633 4.094656
v 2.100244 0.970180 4.094656
v 2.100244 1.775728 4.094656
v 2.100244 2.581276 4.094656
v 2.100244 3.386823 4.094656
v 2.100244 4.192371 4.094656
v 2.100244 4.997919 4.094656
v 2.100244 5.803466 4.094656
v 2.100244 6.609014 4.094656
v 2.100244 7.414561 4.094656
v 2.100244 8.220109 4.094656
v 2.100244 9.025657 4.094656
v 2.100244 9.831204 4.094656
v 2.100244 10.636752 4.094656
v 2.100244 11.442300 4.094656
v 2.100244 12.247847 4.094656
v 2.100244 13.053395 4.094656
v 2.100244 13.858942 4.094656
v 2.100244 14.664491 4.094656
v 2.100244 15.470037 4.094656
v 2.100244 16.275585 4.094656
v 2.100244 17.081131 4.094656
v 2.100244 17.886681 4.094656
v 2.100244 18.692230 4.094656
v 2.100244 19.497776 4.094656
v 2.907606 -19.974056 4.094656
v 2.907606 -19.168510 4.094656
v 2.907606 -18.362965 4.094656
v 2.907606 -17.557415 4.094656
v 2.907606 -16.751865 4.094656
v 2.907606 -15.946320 4.094656
v 2.907606 -15.140773 4.094656
v 2.907606 -14.335224 4.094656
v 2.907606 -13.529677 4.094656
v 2.907606 -12.724129 4.094656
v 2.907606 -11.918582 4.094656
v 2.907606 -11.113034 4.094656
v 2.907606 -10.307487 4.094656
v 2.907606 -9.501939 4.094656
v 2.907606 -8.696391 4.094656
v 2.907606 -7.890843 4.094656
v 2.907606 -7.085296 4.094656
v 2.907606 -6.279748 4.094656
v 2.907606 -5.474201 4.094656
v 2.907606 -4.668653 4.094656
v 2.907606 -3.863105 4.094656
v 2.907606 -3.057558 4.094656
v 2.907606 -2.252010 4.094656
v 2.907606 -1.446463 4.094656
v 2.907606 -0.640915 4.094656
v 2.907606 0.164633 4.094656
v 2.907606 0.970180 4.094656
v 2.907606 1.775728 4.094656
v 2.907606 2.581276 4.094656
v 2.907606 3.386823 4.094656
v 2.907606 4.192371 4.094656
v 2.907606 4.997919 4.094656
v 2.907606 5.803466 4.094656
v 2.907606 6.609014 4.094656
v 2.907606 7.414561 4.094656
v 2.907606 8.220109 4.094656
v 2.907606 9.025657 4.094656
v 2.907606 9.831204 4.094656
v 2.907606 10.636752 4.094656
v 2.907606 11.442300 4.094656
v 2.907606 12.247847 4.094656
v 2.907606 13.053395 4.094656
v 2.907606 13.858942 4.094656
v 2.907606 14.664491 4.094656
v 2.907606 15.470037 4.094656
v 2.907606 16.275585 4.094656
v 2.907606 17.081131 4.094656
v 2.907606 17.886681 4.094656
v 2.907606 18.692230 4.094656
v 2.907606 19.497776 4.094656
v 3.714967 -19.974056 4.094656
v 3.714967 -19.168510 4.094656
v 3.714967 -18.362965 4.094656
v 3.714967 -17.557415 4.094656
v 3.714967 -16.751865 4.094656
v 3.714967 -15.946320 4.094656
v 3.714967 -15.140773 4.094656
v 3.714967 -14.335224 4.094656
v 3.714967 -13.529677 4.094656
v 3.714967 -12.724129 4.094656
v 3.714967 -11.918582 4.094656
v 3.714967 -11.113034 4.094656
v 3.714967 -10.307487 4.094656
v 3.714967 -9.501939 4.094656
v 3.714967 -8.696391 4.094656
v 3.714967 -7.890843 4.094656
v 3.714967 -7.085296 4.094656
v 3.714967 -6.279748 4.094656
v 3.714967 -5.474201 4.094656
v 3.714967 -4.668653 4.094656
v 3.714967 -3.863105 4.094656
v 3.714967 -3.057558 4.094656
v 3.714967 -2.252010 4.094656
v 3.714967 -1.446463 4.094656
v 3.714967 -0.640915 4.094656
v 3.714967 0.164633 4.094656
v 3.714967 0.970180 4.094656
v 3.714967 1.775728 4.094656
v 3.714967 2.581276 4.094656
v 3.714967 3.386823 4.094656
v 3.714967 4.192371 4.094656
v 3.714967 4.997919 4.094656
v 3.714967 5.803466 4.094656
v 3.714967 6.609014 4.094656
v 3.714967 7.414561 4.094656
v 3.714967 8.220109 4.094656
v 3.714967 9.025657 4.094656
v 3.714967 9.831204 4.094656
v 3.714967 10.636752 4.094656
v 3.714967 11.442300 4.094656
v 3.714967 12.247847 4.094656
v 3.714967 13.053395 4.094656
v 3.714967 13.858942 4.094656
v 3.714967 14.664491 4.094656
v 3.714967 15.470037 4.094656
v 3.714967 16.275585 4.094656
v 3.714967 17.081131 4.094656
v 3.714967 17.886681 4.094656
v 3.714967 18.692230 4.094656
v 3.714967 19.497776 4.094656
v 4.522329 -19.974056 4.094656
v 4.522329 -19.168510 4.094656
v 4.522329 -18.362965 4.094656
v 4.522329 -17.557415 4.094656
v 4.522329 -16.751865 4.094656
v 4.522329 -15.946320 4.094656
v 4.522329 -15.140773 4.094656
v 4.522329 -14.335224 4.094656
v 4.522329 -13.529677 4.094656
v 4.522329 -12.724129 4.094656
v 4.522329 -11.918582 4.094656
v 4.522329 -11.113034 4.094656
v 4.522329 -10.307487 4.094656
v 4.522329 -9.501939 4.094656
v 4.522329 -8.696391 4.094656
v 4.522329 -7.890843 4.094656
v 4.522329 -7.085296 4.094656
v 4.522329 -6.279748 4.094656
v 4.522329 -5.474201 4.094656
v 4.522329 -4.668653 4.094656
v 4.522329 -3.863105 4.094656
v 4.522329 -3.057558 4.094656
v 4.522329 -2.252010 4.094656
v 4.522329 -1.446463 4.094656
v 4.522329 -0.640915 4.094656
v 4.522329 0.164633 4.094656
v 4.522329 0.970180 4.094656
v 4.522329 1.775728 4.094656
v 4.522329 2.581276 4.094656
v 4.522329 3.386823 4.094656
v 4.522329 4.192371 4.094656
v 4.522329 4.997919 4.094656
v 4.522329 5.803466 4.094656
v 4.522329 6.609014 4.094656
v 4.522329 7.414561 4.094656
v 4.522329 8.220109 4.094656
v 4.522329 9.025657 4.094656
v 4.522329 9.831204 4.094656
v 4.522329 10.636752 4.094656
v 4.522329 11.442300 4.094656
v 4.522329 12.247847 4.094656
v 4.522329 13.053395 4.094656
v 4.522329 13.858942 4.094656
v 4.522329 14.664491 4.094656
v 4.522329 15.470037 4.094656
v 4.522329 16.275585 4.094656
v 4.522329 17.081131 4.094656
v 4.522329 17.886681 4.094656
v 4.522329 18.692230 4.094656
v 4.522329 19.497776 4.094656
v 5.329691 -19.974056 4.094656
v 5.329691 -19.168510 4.094656
v 5.329691 -18.362965 4.094656
v 5.329691 -17.557415 4.094656
v 5.329691 -16.751865 4.094656
v 5.329691 -15.946320 4.094656
v 5.329691 -15.140773 4.094656
v 5.329691 -14.335224 4.094656
v 5.329691 -13.529677 4.094656
v 5.329691 -12.724129 4.094656
v 5.329691 -11.918582 4.094656
v 5.329691 -11.113034 4.094656
v 5.329691 -10.307487 4.094656
v 5.329691 -9.501939 4.094656
v 5.329691 -8.696391 4.094656
v 5.329691 -7.890843 4.094656
v 5.329691 -7.085296 4.094656
v 5.329691 -6.279748 4.094656
v 5.329691 -5.474201 4.094656
v 5.329691 -4.668653 4.094656
v 5.329691 -3.863105 4.094656
v 5.329691 -3.057558 4.094656
v 5.329691 -2.252010 4.094656
v 5.329691 -1.446463 4.094656
v 5.329691 -0.640915 4.094656
v 5.329691 0.164633 4.094656
v 5.329691 0.970180 4.094656
v 5.329691 1.775728 4.094656
v 5.329691 2.581276 4.094656
v 5.329691 3.386823 4.094656
v 5.329691 4.192371 4.094656
v 5.329691 4.997919 4.094656
v 5.329691 5.803466 4.094656
v 5.329691 6.609014 4.094656
v 5.329691 7.414561 4.094656
v 5.329691 8.220109 4.094656
v 5.329691 9.025657 4.094656
v 5.329691 9.831204 4.094656
v 5.329691 10.636752 4.094656
v 5.329691 11.442300 4.094656
v 5.329691 12.247847 4.094656
v 5.329691 13.053395 4.094656
v 5.329691 13.858942 4.094656
v 5.329691 14.664491 4.094656
v 5.329691 15.470037 4.094656
v 5.329691 16.275585 4.094656
v 5.329691 17.081131 4.094656
v 5.329691 17.886681 4.094656
v 5.329691 18.692230 4.094656
v 5.329691 19.497776 4.094656
v 6.137053 -19.974056 4.094656
v 6.137053 -19.168510 4.094656
v 6.137053 -18.362965 4.094656
v 6.137053 -17.557415 4.094656
v 6.137053 -16.751865 4.094656
v 6.137053 -15.946320 4.094656
v 6.137053 -15.140773 4.094656
v 6.137053 -14.335224 4.094656
v 6.137053 -13.529677 4.094656
v 6.137053 -12.724129 4.094656
v 6.137053 -11.918582 4.094656
v 6.137053 -11.113034 4.094656
v 6.137053 -10.307487 4.094656
v 6.137053 -9.501939 4.094656
v 6.137053 -8.696391 4.094656
v 6.137053 -7.890843 4.094656
v 6.137053 -7.085296 4.094656
v 6.137053 -6.279748 4.094656
v 6.137053 -5.474201 4.094656
v 6.137053 -4.668653 4.094656
v 6.137053 -3.863105 4.094656
v 6.137053 -3.057558 4.094656
v 6.137053 -2.252010 4.094656
v 6.137053 -1.446463 4.094656
v 6.137053 -0.640915 4.094656
v 6.137053 0.164633 4.094656
v 6.137053 0.970180 4.094656
v 6.137053 1.775728 4.094656
v 6.137053 2.581276 4.094656
v 6.137053 3.386823 4.094656
v 6.137053 4.192371 4.094656
v 6.137053 4.997919 4.094656
v 6.137053 5.803466 4.094656
v 6.137053 6.609014 4.094656
v 6.137053 7.414561 4.094656
v 6.137053 8.220109 4.094656
v 6.137053 9.025657 4.094656
v 6.137053 9.831204 4.094656
v 6.137053 10.636752 4.094656
v 6.137053 11.442300 4.094656
v 6.137053 12.247847 4.094656
v 6.137053 13.053395 4.094656
v 6.137053 13.858942 4.094656
v 6.137053 14.664491 4.094656
v 6.137053 15.470037 4.094656
v 6.137053 16.275585 4.094656
v 6.137053 17.081131 4.094656
v 6.137053 17.886681 4.094656
v 6.137053 18.692230 4.094656
v 6.137053 19.497776 4.094656
v 6.944415 -19.974056 4.094656
v 6.944415 -19.168510 4.094656
v 6.944415 -18.362965 4.094656
v 6.944415 -17.557415 4.094656
v 6.944415 -16.751865 4.094656
v 6.944415 -15.946320 4.094656
v 6.944415 -15.140773 4.094656
v 6.944415 -14.335224 4.094656
v 6.944415 -13.529677 4.094656
v 6.944415 -12.724129 4.094656
v 6.944415 -11.918582 4.094656
v 6.944415 -11.113034 4.094656
v 6.944415 -10.307487 4.094656
v 6.944415 -9.501939 4.094656
v 6.944415 -8.696391 4.094656
v 6.944415 -7.890843 4.094656
v 6.944415 -7.085296 4.094656
v 6.944415 -6.279748 4.094656
v 6.944415 -5.474201 4.094656
v 6.944415 -4.668653 4.094656
v 6.944415 -3.863105 4.094656
v 6.944415 -3.057558 4.094656
v 6.944415 -2.252010 4.094656
v 6.944415 -1.446463 4.094656
v 6.944415 -0.640915 4.094656
v 6.944415 0.164633 4.094656
v 6.944415 0.970180 4.094656
v 6.944415 1.775728 4.094656
v 6.944415 2.581276 4.094656
v 6.944415 3.386823 4.094656
v 6.944415 4.192371 4.094656
v 6.944415 4.997919 4.094656
v 6.944415 5.803466 4.094656
v 6.944415 6.609014 4.094656
v 6.944415 7.414561 4.094656
v 6.944415 8.220109 4.094656
v 6.944415 9.025657 4.094656
v 6.944415 9.831204 4.094656
v 6.944415 10.636752 4.094656
v 6.944415 11.442300 4.094656
v 6.944415 12.247847 4.094656
v 6.944415 13.053395 4.094656
v 6.944415 13.858942 4.094656
v 6.944415 14.664491 4.094656
v 6.944415 15.470037 4.094656
v 6.944415 16.275585 4.094656
v 6.944415 17.081131 4.094656
v 6.944415 17.886681 4.094656
v 6.944415 18.692230 4.094656
v 6.944415 19.497776 4.094656
v 7.751777 -19.974056 4.094656
v 7.751777 -19.168510 4.094656
v 7.751777 -18.362965 4.094656
v 7.751777 -17.557415 4.094656
v 7.751777 -16.751865 4.094656
v 7.751777 -15.946320 4.094656
v 7.751777 -15.140773 4.094656
v 7.751777 -14.335224 4.094656
v 7.751777 -13.529677 4.094656
v 7.751777 -12.724129 4.094656
v 7.751777 -11.918582 4.094656
v 7.751777 -11.113034 4.094656
v 7.751777 -10.307487 4.094656
v 7.751777 -9.501939 4.094656
v 7.751777 -8.696391 4.094656
v 7.751777 -7.890843 4.094656
v 7.751777 -7.085296 4.094656
v 7.751777 -6.279748 4.094656
v 7.751777 -5.474201 4.094656
v 7.751777 -4.668653 4.094656
v 7.751777 -3.863105 4.094656
v 7.751777 -3.057558 4.094656
v 7.751777 -2.252010 4.094656
v 7.751777 -1.446463 4.094656
v 7.751777 -0.640915 4.094656
v 7.751777 0.164633 4.094656
v 7.751777 0.970180 4.094656
v 7.751777 1.775728 4.094656
v 7.751777 2.581276 4.094656
v 7.751777 3.386823 4.094656
v 7.751777 4.192371 4.094656
v 7.751777 4.997919 4.094656
v 7.751777 5.803466 4.094656
v 7.751777 6.609014 4.094656
v 7.751777 7.414561 4.094656
v 7.751777 8.220109 4.094656
v 7.751777 9.025657 4.094656
v 7.751777 9.831204 4.094656
v 7.751777 10.636752 4.094656
v 7.751777 11.442300 4.094656
v 7.751777 12.247847 4.094656
v 7.751777 13.053395 4.094656
v 7.751777 13.858942 4.094656
v 7.751777 14.664491 4.094656
v 7.751777 15.470037 4.094656
v 7.751777 16.275585 4.094656
v 7.751777 17.081131 4.094656
v 7.751777 17.886681 4.094656
v 7.751777 18.692230 4.094656
v 7.751777 19.497776 4.094656
v 8.559138 -19.974056 4.094656
v 8.559138 -19.168510 4.094656
v 8.559138 -18.362965 4.094656
v 8.559138 -17.557415 4.094656
v 8.559138 -16.751865 4.094656
v 8.559138 -15.946320 4.094656
v 8.559138 -15.140773 4.094656
v 8.559138 -14.335224 4.094656
v 8.559138 -13.529677 4.094656
v 8.559138 -12.724129 4.094656
v 8.559138 -11.918582 4.094656
v 8.559138 -11.113034 4.094656
v 8.559138 -10.307487 4.094656
v 8.559138 -9.501939 4.094656
v 8.559138 -8.696391 4.094656
v 8.559138 -7.890843 4.094656
v 8.559138 -7.085296 4.094656
v 8.559138 -6.279748 4.094656
v 8.559138 -5.474201 4.094656
v 8.559138 -4.668653 4.094656
v 8.559138 -3.863105 4.094656
v 8.559138 -3.057558 4.094656
v 8.559138 -2.252010 4.094656
v 8.559138 -1.446463 4.094656
v 8.559138 -0.640915 4.094656
v 8.559138 0.164633 4.094656
v 8.559138 0.970180 4.094656
v 8.559138 1.775728 4.094656
v 8.559138 2.581276 4.094656
v 8.559138 3.386823 4.094656
v 8.559138 4.192371 4.094656
v 8.559138 4.997919 4.094656
v 8.559138 5.803466 4.094656
v 8.559138 6.609014 4.094656
v 8.559138 7.414561 4.094656
v 8.559138 8.220109 4.094656
v 8.559138 9.025657 4.094656
v 8.559138 9.831204 4.094656
v 8.559138 10.636752 4.094656
v 8.559138 11.442300 4.094656
v 8.559138 12.247847 4.094656
v 8.559138 13.053395 4.094656
v 8.559138 13.858942 4.094656
v 8.559138 14.664491 4.094656
v 8.559138 15.470037 4.094656
v 8.559138 16.275585 4.094656
v 8.559138 17.081131 4.094656
v 8.559138 17.886681 4.094656
v 8.559138 18.692230 4.094656
v 8.559138 19.497776 4.094656
v 9.366501 -19.974056 4.094656
v 9.366501 -19.168510 4.094656
v 9.366501 -18.362965 4.094656
v 9.366501 -17.557415 4.094656
v 9.366501 -16.751865 4.094656
v 9.366501 -15.946320 4.094656
v 9.366501 -15.140773 4.094656
v 9.366501 -14.335224 4.094656
v 9.366501 -13.529677 4.094656
v 9.366501 -12.724129 4.094656
v 9.366501 -11.918582 4.094656
v 9.366501 -11.113034 4.094656
v 9.366501 -10.307487 4.094656
v 9.366501 -9.501939 4.094656
v 9.366501 -8.696391 4.094656
v 9.366501 -7.890843 4.094656
v 9.366501 -7.085296 4.094656
v 9.366501 -6.279748 4.094656
v 9.366501 -5.474201 4.094656
v 9.366501 -4.668653 4.094656
v 9.366501 -3.863105 4.094656
v 9.366501 -3.057558 4.094656
v 9.366501 -2.252010 4.094656
v 9.366501 -1.446463 4.094656
v 9.366501 -0.640915 4.094656
v 9.366501 0.164633 4.094656
v 9.366501 0.970180 4.094656
v 9.366501 1.775728 4.094656
v 9.366501 2.581276 4.094656
v 9.366501 3.386823 4.094656
v 9.366501 4.192371 4.094656
v 9.366501 4.997919 4.094656
v 9.366501 5.803466 4.094656
v 9.366501 6.609014 4.094656
v 9.366501 7.414561 4.094656
v 9.366501 8.220109 4.094656
v 9.366501 9.025657 4.094656
v 9.366501 9.831204 4.094656
v 9.366501 10.636752 4.094656
v 9.366501 11.442300 4.094656
v 9.366501 12.247847 4.094656
v 9.366501 13.053395 4.094656
v 9.366501 13.858942 4.094656
v 9.366501 14.664491 4.094656
v 9.366501 15.470037 4.094656
v 9.366501 16.275585 4.094656
v 9.366501 17.081131 4.094656
v 9.366501 17.886681 4.094656
v 9.366501 18.692230 4.094656
v 9.366501 19.497776 4.094656
v 10.173862 -19.974056 4.094656
v 10.173862 -19.168510 4.094656
v 10.173862 -18.362965 4.094656
v 10.173862 -17.557415 4.094656
v 10.173862 -16.751865 4.094656
v 10.173862 -15.946320 4.094656
v 10.173862 -15.140773 4.094656
v 10.173862 -14.335224 4.094656
v 10.173862 -13.529677 4.094656
v 10.173862 -12.724129 4.094656
v 10.173862 -11.918582 4.094656
v 10.173862 -11.113034 4.094656
v 10.173862 -10.307487 4.094656
v 10.173862 -9.501939 4.094656
v 10.173862 -8.696391 4.094656
v 10.173862 -7.890843 4.094656
v 10.173862 -7.085296 4.094656
v 10.173862 -6.279748 4.094656
v 10.173862 -5.474201 4.094656
v 10.173862 -4.668653 4.094656
v 10.173862 -3.863105 4.094656
v 10.173862 -3.057558 4.094656
v 10.173862 -2.252010 4.094656
v 10.173862 -1.446463 4.094656
v 10.173862 -0.640915 4.094656
v 10.173862 0.164633 4.094656
v 10.173862 0.970180 4.094656
v 10.173862 1.775728 4.094656
v 10.173862 2.581276 4.094656
v 10.173862 3.386823 4.094656
v 10.173862 4.192371 4.094656
v 10.173862 4.997919 4.094656
v 10.173862 5.803466 4.094656
v 10.173862 6.609014 4.094656
v 10.173862 7.414561 4.094656
v 10.173862 8.220109 4.094656
v 10.173862 9.025657 4.094656
v 10.173862 9.831204 4.094656
v 10.173862 10.636752 4.094656
v 10.173862 11.442300 4.094656
v 10.173862 12.247847 4.094656
v 10.173862 13.053395 4.094656
v 10.173862 13.858942 4.094656
v 10.173862 14.664491 4.094656
v 10.173862 15.470037 4.094656
v 10.173862 16.275585 4.094656
v 10.173862 17.081131 4.094656
v 10.173862 17.886681 4.094656
v 10.173862 18.692230 4.094656
v 10.173862 19.497776 4.094656
v 10.981224 -19.974056 4.094656
v 10.981224 -19.168510 4.094656
v 10.981224 -18.362965 4.094656
v 10.981224 -17.557415 4.094656
v 10.981224 -16.751865 4.094656
v 10.981224 -15.946320 4.094656
v 10.981224 -15.140773 4.094656
v 10.981224 -14.335224 4.094656
v 10.981224 -13.529677 4.094656
v 10.981224 -12.724129 4.094656
v 10.981224 -11.918582 4.094656
v 10.981224 -11.113034 4.094656
v 10.981224 -10.307487 4.094656
v 10.981224 -9.501939 4.094656
v 10.981224 -8.696391 4.094656
v 10.981224 -7.890843 4.094656
v 10.981224 -7.085296 4.094656
v 10.981224 -6.279748 4.094656
v 10.981224 -5.474201 4.094656
v 10.981224 -4.668653 4.094656
v 10.981224 -3.863105 4.094656
v 10.981224 -3.057558 4.094656
v 10.981224 -2.252010 4.094656
v 10.981224 -1.446463 4.094656
v 10.981224 -0.640915 4.094656
v 10.981224 0.164633 4.094656
v 10.981224 0.970180 4.094656
v 10.981224 1.775728 4.094656
v 10.981224 2.581276 4.094656
v 10.981224 3.386823 4.094656
v 10.981224 4.192371 4.094656
v 10.981224 4.997919 4.094656
v 10.981224 5.803466 4.094656
v 10.981224 6.609014 4.094656
v 10.981224 7.414561 4.094656
v 10.981224 8.220109 4.094656
v 10.981224 9.025657 4.094656
v 10.981224 9.831204 4.094656
v 10.981224 10.636752 4.094656
v 10.981224 11.442300 4.094656
v 10.981224 12.247847 4.094656
v 10.981224 13.053395 4.094656
v 10.981224 13.858942 4.094656
v 10.981224 14.664491 4.094656
v 10.981224 15.470037 4.094656
v 10.981224 16.275585 4.094656
v 10.981224 17.081131 4.094656
v 10.981224 17.886681 4.094656
v 10.981224 18.692230 4.094656
v 10.981224 19.497776 4.094656
v 11.788586 -19.974056 4.094656
v 11.788586 -19.168510 4.094656
v 11.788586 -18.362965 4.094656
v 11.788586 -17.557415 4.094656
v 11.788586 -16.751865 4.094656
v 11.788586 -15.946320 4.094656
v 11.788586 -15.140773 4.094656
v 11.788586 -14.335224 4.094656
v 11.788586 -13.529677 4.094656
v 11.788586 -12.724129 4.094656
v 11.788586 -11.918582 4.094656
v 11.788586 -11.113034 4.094656
v 11.788586 -10.307487 4.094656
v 11.788586 -9.501939 4.094656
v 11.788586 -8.696391 4.094656
v 11.788586 -7.890843 4.094656
v 11.788586 -7.085296 4.094656
v 11.788586 -6.279748 4.094656
v 11.788586 -5.474201 4.094656
v 11.788586 -4.668653 4.094656
v 11.788586 -3.863105 4.094656
v 11.788586 -3.057558 4.094656
v 11.788586 -2.252010 4.094656
v 11.788586 -1.446463 4.094656
v 11.788586 -0.640915 4.094656
v 11.788586 0.164633 4.094656
v 11.788586 0.970180 4.094656
v 11.788586 1.775728 4.094656
v 11.788586 2.581276 4.094656
v 11.788586 3.386823 4.094656
v 11.788586 4.192371 4.094656
v 11.788586 4.997919 4.094656
v 11.788586 5.803466 4.094656
v 11.788586 6.609014 4.094656
v 11.788586 7.414561 4.094656
v 11.788586 8.220109 4.094656
v 11.788586 9.025657 4.094656
v 11.788586 9.831204 4.094656
v 11.788586 10.636752 4.094656
v 11.788586 11.442300 4.094656
v 11.788586 12.247847 4.094656
v 11.788586 13.053395 4.094656
v 11.788586 13.858942 4.094656
v 11.788586 14.664491 4.094656
v 11.788586 15.470037 4.094656
v 11.788586 16.275585 4.094656
v 11.788586 17.081131 4.094656
v 11.788586 17.886681 4.094656
v 11.788586 18.692230 4.094656
v 11.788586 19.497776 4.094656
v 12.595947 -19.974056 4.094656
v 12.595947 -19.168510 4.094656
v 12.595947 -18.362965 4.094656
v 12.595947 -17.557415 4.094656
v 12.595947 -16.751865 4.094656
v 12.595947 -15.946320 4.094656
v 12.595947 -15.140773 4.094656
v 12.595947 -14.335224 4.094656
v 12.595947 -13.529677 4.094656
v 12.595947 -12.724129 4.094656
v 12.595947 -11.918582 4.094656
v 12.595947 -11.113034 4.094656
v 12.595947 -10.307487 4.094656
v 12.595947 -9.501939 4.094656
v 12.595947 -8.696391 4.094656
v 12.595947 -7.890843 4.094656
v 12.595947 -7.085296 4.094656
v 12.595947 -6.279748 4.094656
v 12.595947 -5.474201 4.094656
v 12.595947 -4.668653 4.094656
v 12.595947 -3.863105 4.094656
v 12.595947 -3.057558 4.094656
v 12.595947 -2.252010 4.094656
v 12.595947 -1.446463 4.094656
v 12.595947 -0.640915 4.094656
v 12.595947 0.164633 4.094656
v 12.595947 0.970180 4.094656
v 12.595947 1.775728 4.094656
v 12.595947 2.581276 4.094656
v 12.595947 3.386823 4.094656
v 12.595947 4.192371 4.094656
v 12.595947 4.997919 4.094656
v 12.595947 5.803466 4.094656
v 12.595947 6.609014 4.094656
v 12.595947 7.414561 4.094656
v 12.595947 8.220109 4.094656
v 12.595947 9.025657 4.094656
v 12.595947 9.831204 4.094656
v 12.595947 10.636752 4.094656
v 12.595947 11.442300 4.094656
v 12.595947 12.247847 4.094656
v 12.595947 13.053395 4.094656
v 12.595947 13.858942 4.094656
v 12.595947 14.664491 4.094656
v 12.595947 15.470037 4.094656
v 12.595947 16.275585 4.094656
v 12.595947 17.081131 4.094656
v 12.595947 17.886681 4.094656
v 12.595947 18.692230 4.094656
v 12.595947 19.497776 4.094656
v 13.403310 -19.974056 4.094656
v 13.403310 -19.168510 4.094656
v 13.403310 -18.362965 4.094656
v 13.403310 -17.557415 4.094656
v 13.403310 -16.751865 4.094656
v 13.403310 -15.946320 4.094656
v 13.403310 -15.140773 4.094656
v 13.403310 -14.335224 4.094656
v 13.403310 -13.529677 4.094656
v 13.403310 -12.724129 4.094656
v 13.403310 -11.918582 4.094656
v 13.403310 -11.113034 4.094656
v 13.403310 -10.307487 4.094656
v 13.403310 -9.501939 4.094656
v 13.403310 -8.696391 4.094656
v 13.403310 -7.890843 4.094656
v 13.403310 -7.085296 4.094656
v 13.403310 -6.279748 4.094656
v 13.403310 -5.474201 4.094656
v 13.403310 -4.668653 4.094656
v 13.403310 -3.863105 4.094656
v 13.403310 -3.057558 4.094656
v 13.403310 -2.252010 4.094656
v 13.403310 -1.446463 4.094656
v 13.403310 -0.640915 4.094656
v 13.403310 0.164633 4.094656
v 13.403310 0.970180 4.094656
v 13.403310 1.775728 4.094656
v 13.403310 2.581276 4.094656
v 13.403310 3.386823 4.094656
v 13.403310 4.192371 4.094656
v 13.403310 4.997919 4.094656
v 13.403310 5.803466 4.094656
v 13.403310 6.609014 4.094656
v 13.403310 7.414561 4.094656
v 13.403310 8.220109 4.094656
v 13.403310 9.025657 4.094656
v 13.403310 9.831204 4.094656
v 13.403310 10.636752 4.094656
v 13.403310 11.442300 4.094656
v 13.403310 12.247847 4.094656
v 13.403310 13.053395 4.094656
v 13.403310 13.858942 4.094656
v 13.403310 14.664491 4.094656
v 13.403310 15.470037 4.094656
v 13.403310 16.275585 4.094656
v 13.403310 17.081131 4.094656
v 13.403310 17.886681 4.094656
v 13.403310 18.692230 4.094656
v 13.403310 19.497776 4.094656
v 14.210670 -19.974056 4.094656
v 14.210670 -19.168510 4.094656
v 14.210670 -18.362965 4.094656
v 14.210670 -17.557415 4.094656
v 14.210670 -16.751865 4.094656
v 14.210670 -15.946320 4.094656
v 14.210670 -15.140773 4.094656
v 14.210670 -14.335224 4.094656
v 14.210670 -13.529677 4.094656
v 14.210670 -12.724129 4.094656
v 14.210670 -11.918582 4.094656
v 14.210670 -11.113034 4.094656
v 14.210670 -10.307487 4.094656
v 14.210670 -9.501939 4.094656
v 14.210670 -8.696391 4.094656
v 14.210670 -7.890843 4.094656
v 14.210670 -7.085296 4.094656
v 14.210670 -6.279748 4.094656
v 14.210670 -5.474201 4.094656
v 14.210670 -4.668653 4.094656
v 14.210670 -3.863105 4.094656
v 14.210670 -3.057558 4.094656
v 14.210670 -2.252010 4.094656
v 14.210670 -1.446463 4.094656
v 14.210670 -0.640915 4.094656
v 14.210670 0.164633 4.094656
v 14.210670 0.970180 4.094656
v 14.210670 1.775728 4.094656
v 14.210670 2.581276 4.094656
v 14.210670 3.386823 4.094656
v 14.210670 4.192371 4.094656
v 14.210670 4.997919 4.094656
v 14.210670 5.803466 4.094656
v 14.210670 6.609014 4.094656
v 14.210670 7.414561 4.094656
v 14.210670 8.220109 4.094656
v 14.210670 9.025657 4.094656
v 14.210670 9.831204 4.094656
v 14.210670 10.636752 4.094656
v 14.210670 11.442300 4.094656
v 14.210670 12.247847 4.094656
v 14.210670 13.053395 4.094656
v 14.210670 13.858942 4.094656
v 14.210670 14.664491 4.094656
v 14.210670 15.470037 4.094656
v 14.210670 16.275585 4.094656
v 14.210670 17.081131 4.094656
v 14.210670 17.886681 4.094656
v 14.210670 18.692230 4.094656
v 14.210670 19.497776 4.094656
v 15.018033 -19.974056 4.094656
v 15.018033 -19.168510 4.094656
v 15.018033 -18.362965 4.094656
v 15.018033 -17.557415 4.094656
v 15.018033 -16.751865 4.094656
v 15.018033 -15.946320 4.094656
v 15.018033 -15.140773 4.094656
v 15.018033 -14.335224 4.094656
v 15.018033 -13.529677 4.094656
v 15.018033 -12.724129 4.094656
v 15.018033 -11.918582 4.094656
v 15.018033 -11.113034 4.094656
v 15.018033 -10.307487 4.094656
v 15.018033 -9.501939 4.094656
v 15.018033 -8.696391 4.094656
v 15.018033 -7.890843 4.094656
v 15.018033 -7.085296 4.094656
v 15.018033 -6.279748 4.094656
v 15.018033 -5.474201 4.094656
v 15.018033 -4.668653 4.094656
v 15.018033 -3.863105 4.094656
v 15.018033 -3.057558 4.094656
v 15.018033 -2.252010 4.094656
v 15.018033 -1.446463 4.094656
v 15.018033 -0.640915 4.094656
v 15.018033 0.164633 4.094656
v 15.018033 0.970180 4.094656
v 15.018033 1.775728 4.094656
v 15.018033 2.581276 4.094656
v 15.018033 3.386823 4.094656
v 15.018033 4.192371 4.094656
v 15.018033 4.997919 4.094656
v 15.018033 5.803466 4.094656
v 15.018033 6.609014 4.094656
v 15.018033 7.414561 4.094656
v 15.018033 8.220109 4.094656
v 15.018033 9.025657 4.094656
v 15.018033 9.831204 4.094656
v 15.018033 10.636752 4.094656
v 15.018033 11.442300 4.094656
v 15.018033 12.247847 4.094656
v 15.018033 13.053395 4.094656
v 15.018033 13.858942 4.094656
v 15.018033 14.664491 4.094656
v 15.018033 15.470037 4.094656
v 15.018033 16.275585 4.094656
v 15.018033 17.081131 4.094656
v 15.018033 17.886681 4.094656
v 15.018033 18.692230 4.094656
v 15.018033 19.497776 4.094656
v 15.825395 -19.974056 4.094656
v 15.825395 -19.168510 4.094656
v 15.825395 -18.362965 4.094656
v 15.825395 -17.557415 4.094656
v 15.825395 -16.751865 4.094656
v 15.825395 -15.946320 4.094656
v 15.825395 -15.140773 4.094656
v 15.825395 -14.335224 4.094656
v 15.825395 -13.529677 4.094656
v 15.825395 -12.724129 4.094656
v 15.825395 -11.918582 4.094656
v 15.825395 -11.113034 4.094656
v 15.825395 -10.307487 4.094656
v 15.825395 -9.501939 4.094656
v 15.825395 -8.696391 4.094656
v 15.825395 -7.890843 4.094656
v 15.825395 -7.085296 4.094656
v 15.825395 -6.279748 4.094656
v 15.825395 -5.474201 4.094656
v 15.825395 -4.668653 4.094656
v 15.825395 -3.863105 4.094656
v 15.825395 -3.057558 4.094656
v 15.825395 -2.252010 4.094656
v 15.825395 -1.446463 4.094656
v 15.825395 -0.640915 4.094656
v 15.825395 0.164633 4.094656
v 15.825395 0.970180 4.094656
v 15.825395 1.775728 4.094656
v 15.825395 2.581276 4.094656
v 15.825395 3.386823 4.094656
v 15.825395 4.192371 4.094656
v 15.825395 4.997919 4.094656
v 15.825395 5.803466 4.094656
v 15.825395 6.609014 4.094656
v 15.825395 7.414561 4.094656
v 15.825395 8.220109 4.094656
v 15.825395 9.025657 4.094656
v 15.825395 9.831204 4.094656
v 15.825395 10.636752 4.094656
v 15.825395 11.442300 4.094656
v 15.825395 12.247847 4.094656
v 15.825395 13.053395 4.094656
v 15.825395 13.858942 4.094656
v 15.825395 14.664491 4.094656
v 15.825395 15.470037 4.094656
v 15.825395 16.275585 4.094656
v 15.825395 17.081131 4.094656
v 15.825395 17.886681 4.094656
v 15.825395 18.692230 4.094656
v 15.825395 19.497776 4.094656
v 16.632755 -19.974056 4.094656
v 16.632755 -19.168510 4.094656
v 16.632755 -18.362965 4.094656
v 16.632755 -17.557415 4.094656
v 16.632755 -16.751865 4.094656
v 16.632755 -15.946320 4.094656
v 16.632755 -15.140773 4.094656
v 16.632755 -14.335224 4.094656
v 16.632755 -13.529677 4.094656
v 16.632755 -12.724129 4.094656
v 16.632755 -11.918582 4.094656
v 16.632755 -11.113034 4.094656
v 16.632755 -10.307487 4.094656
v 16.632755 -9.501939 4.094656
v 16.632755 -8.696391 4.094656
v 16.632755 -7.890843 4.094656
v 16.632755 -7.085296 4.094656
v 16.632755 -6.279748 4.094656
v 16.632755 -5.474201 4.094656
v 16.632755 -4.668653 4.094656
v 16.632755 -3.863105 4.094656
v 16.632755 -3.057558 4.094656
v 16.632755 -2.252010 4.094656
v 16.632755 -1.446463 4.094656
v 16.632755 -0.640915 4.094656
v 16.632755 0.164633 4.094656
v 16.632755 0.970180 4.094656
v 16.632755 1.775728 4.094656
v 16.632755 2.581276 4.094656
v 16.632755 3.386823 4.094656
v 16.632755 4.192371 4.094656
v 16.632755 4.997919 4.094656
v 16.632755 5.803466 4.094656
v 16.632755 6.609014 4.094656
v 16.632755 7.414561 4.094656
v 16.632755 8.220109 4.094656
v 16.632755 9.025657 4.094656
v 16.632755 9.831204 4.094656
v 16.632755 10.636752 4.094656
v 16.632755 11.442300 4.094656
v 16.632755 12.247847 4.094656
v 16.632755 13.053395 4.094656
v 16.632755 13.858942 4.094656
v 16.632755 14.664491 4.094656
v 16.632755 15.470037 4.094656
v 16.632755 16.275585 4.094656
v 16.632755 17.081131 4.094656
v 16.632755 17.886681 4.094656
v 16.632755 18.692230 4.094656
v 16.632755 19.497776 4.094656
v 17.440117 -19.974056 4.094656
v 17.440117 -19.168510 4.094656
v 17.440117 -18.362965 4.094656
v 17.440117 -17.557415 4.094656
v 17.440117 -16.751865 4.094656
v 17.440117 -15.946320 4.094656
v 17.440117 -15.140773 4.094656
v 17.440117 -14.335224 4.094656
v 17.440117 -13.529677 4.094656
v 17.440117 -12.724129 4.094656
v 17.440117 -11.918582 4.094656
v 17.440117 -11.113034 4.094656
v 17.440117 -10.307487 4.094656
v 17.440117 -9.501939 4.094656
v 17.440117 -8.696391 4.094656
v 17.440117 -7.890843 4.094656
v 17.440117 -7.085296 4.094656
v 17.440117 -6.279748 4.094656
v 17.440117 -5.474201 4.094656
v 17.440117 -4.668653 4.094656
v 17.440117 -3.863105 4.094656
v 17.440117 -3.057558 4.094656
v 17.440117 -2.252010 4.094656
v 17.440117 -1.446463 4.094656
v 17.440117 -0.640915 4.094656
v 17.440117 0.164633 4.094656
v 17.440117 0.970180 4.094656
v 17.440117 1.775728 4.094656
v 17.440117 2.581276 4.094656
v 17.440117 3.386823 4.094656
v 17.440117 4.192371 4.094656
v 17.440117 4.997919 4.094656
v 17.440117 5.803466 4.094656
v 17.440117 6.609014 4.094656
v 17.440117 7.414561 4.094656
v 17.440117 8.220109 4.094656
v 17.440117 9.025657 4.094656
v 17.440117 9.831204 4.094656
v 17.440117 10.636752 4.094656
v 17.440117 11.442300 4.094656
v 17.440117 12.247847 4.094656
v 17.440117 13.053395 4.094656
v 17.440117 13.858942 4.094656
v 17.440117 14.664491 4.094656
v 17.440117 15.470037 4.094656
v 17.440117 16.275585 4.094656
v 17.440117 17.081131 4.094656
v 17.440117 17.886681 4.094656
v 17.440117 18.692230 4.094656
v 17.440117 19.497776 4.094656
v 18.247482 -19.974056 4.094656
v 18.247482 -19.168510 4.094656
v 18.247482 -18.362965 4.094656
v 18.247482 -17.557415 4.094656
v 18.247482 -16.751865 4.094656
v 18.247482 -15.946320 4.094656
v 18.247482 -15.140773 4.094656
v 18.247482 -14.335224 4.094656
v 18.247482 -13.529677 4.094656
v 18.247482 -12.724129 4.094656
v 18.247482 -11.918582 4.094656
v 18.247482 -11.113034 4.094656
v 18.247482 -10.307487 4.094656
v 18.247482 -9.501939 4.094656
v 18.247482 -8.696391 4.094656
v 18.247482 -7.890843 4.094656
v 18.247482 -7.085296 4.094656
v 18.247482 -6.279748 4.094656
v 18.247482 -5.474201 4.094656
v 18.247482 -4.668653 4.094656
v 18.247482 -3.863105 4.094656
v 18.247482 -3.057558 4.094656
v 18.247482 -2.252010 4.094656
v 18.247482 -1.446463 4.094656
v 18.247482 -0.640915 4.094656
v 18.247482 0.164633 4.094656
v 18.247482 0.970180 4.094656
v 18.247482 1.775728 4.094656
v 18.247482 2.581276 4.094656
v 18.247482 3.386823 4.094656
v 18.247482 4.192371 4.094656
v 18.247482 4.997919 4.094656
v 18.247482 5.803466 4.094656
v 18.247482 6.609014 4.094656
v 18.247482 7.414561 4.094656
v 18.247482 8.220109 4.094656
v 18.247482 9.025657 4.094656
v 18.247482 9.831204 4.094656
v 18.247482 10.636752 4.094656
v 18.247482 11.442300 4.094656
v 18.247482 12.247847 4.094656
v 18.247482 13.053395 4.094656
v 18.247482 13.858942 4.094656
v 18.247482 14.664491 4.094656
v 18.247482 15.470037 4.094656
v 18.247482 16.275585 4.094656
v 18.247482 17.081131 4.094656
v 18.247482 17.886681 4.094656
v 18.247482 18.692230 4.094656
v 18.247482 19.497776 4.094656
v 19.054844 -19.974056 4.094656
v 19.054844 -19.168510 4.094656
v 19.054844 -18.362965 4.094656
v 19.054844 -17.557415 4.094656
v 19.054844 -16.751865 4.094656
v 19.054844 -15.946320 4.094656
v 19.054844 -15.140773 4.094656
v 19.054844 -14.335224 4.094656
v 19.054844 -13.529677 4.094656
v 19.054844 -12.724129 4.094656
v 19.054844 -11.918582 4.094656
v 19.054844 -11.113034 4.094656
v 19.054844 -10.307487 4.094656
v 19.054844 -9.501939 4.094656
v 19.054844 -8.696391 4.094656
v 19.054844 -7.890843 4.094656
v 19.054844 -7.085296 4.094656
v 19.054844 -6.279748 4.094656
v 19.054844 -5.474201 4.094656
v 19.054844 -4.668653 4.094656
v 19.054844 -3.863105 4.094656
v 19.054844 -3.057558 4.094656
v 19.054844 -2.252010 4.094656
v 19.054844 -1.446463 4.094656
v 19.054844 -0.640915 4.094656
v 19.054844 0.164633 4.094656
v 19.054844 0.970180 4.094656
v 19.054844 1.775728 4.094656
v 19.054844 2.581276 4.094656
v 19.054844 3.386823 4.094656
v 19.054844 4.192371 4.094656
v 19.054844 4.997919 4.094656
v 19.054844 5.803466 4.094656
v 19.054844 6.609014 4.094656
v 19.054844 7.414561 4.094656
v 19.054844 8.220109 4.094656
v 19.054844 9.025657 4.094656
v 19.054844 9.831204 4.094656
v 19.054844 10.636752 4.094656
v 19.054844 11.442300 4.094656
v 19.054844 12.247847 4.094656
v 19.054844 13.053395 4.094656
v 19.054844 13.858942 4.094656
v 19.054844 14.664491 4.094656
v 19.054844 15.470037 4.094656
v 19.054844 16.275585 4.094656
v 19.054844 17.081131 4.094656
v 19.054844 17.886681 4.094656
v 19.054844 18.692230 4.094656
v 19.054844 19.497776 4.094656
v 19.862206 -19.974056 4.094656
v 19.862206 -19.168510 4.094656
v 19.862206 -18.362965 4.094656
v 19.862206 -17.557415 4.094656
v 19.862206 -16.751865 4.094656
v 19.862206 -15.946320 4.094656
v 19.862206 -15.140773 4.094656
v 19.862206 -14.335224 4.094656
v 19.862206 -13.529677 4.094656
v 19.862206 -12.724129 4.094656
v 19.862206 -11.918582 4.094656
v 19.862206 -11.113034 4.094656
v 19.862206 -10.307487 4.094656
v 19.862206 -9.501939 4.094656
v 19.862206 -8.696391 4.094656
v 19.862206 -7.890843 4.094656
v 19.862206 -7.085296 4.094656
v 19.862206 -6.279748 4.094656
v 19.862206 -5.474201 4.094656
v 19.862206 -4.668653 4.094656
v 19.862206 -3.863105 4.094656
v 19.862206 -3.057558 4.094656
v 19.862206 -2.252010 4.094656
v 19.862206 -1.446463 4.094656
v 19.862206 -0.640915 4.094656
v 19.862206 0.164633 4.094656
v 19.862206 0.970180 4.094656
v 19.862206 1.775728 4.094656
v 19.862206 2.581276 4.094656
v 19.862206 3.386823 4.094656
v 19.862206 4.192371 4.094656
v 19.862206 4.997919 4.094656
v 19.862206 5.803466 4.094656
v 19.862206 6.609014 4.094656
v 19.862206 7.414561 4.094656
v 19.862206 8.220109 4.094656
v 19.862206 9.025657 4.094656
v 19.862206 9.831204 4.094656
v 19.862206 10.636752 4.094656
v 19.862206 11.442300 4.094656
v 19.862206 12.247847 4.094656
v 19.862206 13.053395 4.094656
v 19.862206 13.858942 4.094656
v 19.862206 14.664491 4.094656
v 19.862206 15.470037 4.094656
v 19.862206 16.275585 4.094656
v 19.862206 17.081131 4.094656
v 19.862206 17.886681 4.094656
v 19.862206 18.692230 4.094656
v 19.862206 19.497776 4.094656
vn -0.0000 -0.0000 1.0000
s 0
f 2501//2 2551//2 2552//2 2502//2
f 2502//2 2552//2 2553//2 2503//2
f 2503//2 2553//2 2554//2 2504//2
f 2504//2 2554//2 2555//2 2505//2
f 2505//2 2555//2 2556//2 2506//2
f 2506//2 2556//2 2557//2 2507//2
f 2507//2 2557//2 2558//2 2508//2
f 2508//2 2558//2 2559//2 2509//2
f 2509//2 2559//2 2560//2 2510//2
f 2510//2 2560//2 2561//2 2511//2
f 2511//2 2561//2 2562//2 2512//2
f 2512//2 2562//2 2563//2 2513//2
f 2513//2 2563//2 2564//2 2514//2
f 2514//2 2564//2 2565//2 2515//2
f 2515//2 2565//2 2566//2 2516//2
f 2516//2 2566//2 2567//2 2517//2
f 2517//2 2567//2 2568//2 2518//2
f 2518//2 2568//2 2569//2 2519//2
f 2519//2 2569//2 2570//2 2520//2
f 2520//2 2570//2 2571//2 2521//2
f 2521//2 2571//2 2572//2 2522//2
f 2522//2 2572//2 2573//2 2523//2
f 2523//2 2573//2 2574//2 2524//2
f 2524//2 2574//2 2575//2 2525//2
f 2525//2 2575//2 2576//2 2526//2
f 2526//2 2576//2 2577//2 2527//2
f 2527//2 2577//2 2578//2 2528//2
f 2528//2 2578//2 2579//2 2529//2
f 2529//2 2579//2 2580//2 2530//2
f 2530//2 2580//2 2581//2 2531//2
f 2531//2 2581//2 2582//2 2532//2
f 2532//2 2582//2 2583//2 2533//2
f 2533//2 2583//2 2584//2 2534//2
f 2534//2 2584//2 2585//2 2535//2
f 2535//2 2585//2 2586//2 2536//2
f 2536//2 2586//2 2587//2 2537//2
f 2537//2 2587//2 2588//2 2538//2
f 2538//2 2588//2 2589//2 2539//2
f 2539//2 2589//2 2590//2 2540//2
f 2540//2 2590//2 2591//2 2541//2
f 2541//2 2591//2 2592//2 2542//2
f 2542//2 2592//2 2593//2 2543//2
f 2543//2 2593//2 2594//2 2544//2
f 2544//2 2594//2 2595//2 2545//2
f 2545//2 2595//2 2596//2 2546//2
f 2546//2 2596//2 2597//2 2547//2
f 2547//2 2597//2 2598//2 2548//2
f 2548//2 2598//2 2599//2 2549//2
f 2549//2 2599//2 2600//2 2550//2
f 2551//2 2601//2 2602//2 2552//2
f 2552//2 2602//2 2603//2 2553//2
f 2553//2 2603//2 2604//2 2554//2
f 2554//2 2604//2 2605//2 2555//2
f 2555//2 2605//2 2606//2 2556//2
f 2556//2 2606//2 2607//2 2557//2
f 2557//2 2607//2 2608//2 2558//2
f 2558//2 2608//2 2609//2 2559//2
f 2559//2 2609//2 2610//2 2560//2
f 2560//2 2610//2 2611//2 2561//2
f 2561//2 2611//2 2612//2 2562//2
f 2562//2 2612//2 2613//2 2563//2
f 2563//2 2613//2 2614//2 2564//2
f 2564//2 2614//2 2615//2 2565//2
f 2565//2 2615//2 2616//2 2566//2
f 2566//2 2616//2 2617//2 2567//2
f 2567//2 2617//2 2618//2 2568//2
f 2568//2 2618//2 2619//2 2569//2
f 2569//2 2619//2 2620//2 2570//2
f 2570//2 2620//2 2621//2 2571//2
f 2571//2 2621//2 2622//2 2572//2
f 2572//2 2622//2 2623//2 2573//2
f 2573//2 2623//2 2624//2 2574//2
f 2574//2 2624//2 2625//2 2575//2
f 2575//2 2625//2 2626//2 2576//2
f 2576//2 2626//2 2627//2 2577//2
f 2577//2 2627//2 2628//2 2578//2
f 2578//2 2628//2 2629//2 2579//2
f 2579//2 2629//2 2630//2 2580//2
f 2580//2 2630//2 2631//2 2581//2
f 2581//2 2631//2 2632//2 2582//2
f 2582//2 2632//2 2633//2 2583//2
f 2583//2 2633//2 2634//2 2584//2
f 2584//2 2634//2 2635//2 2585//2
f 2585//2 2635//2 2636//2 2586//2
f 2586//2 2636//2 2637//2 2587//2
f 2587//2 2637//2 2638//2 2588//2
f 2588//2 2638//2 2639//2 2589//2
f 2589//2 2639//2 2640//2 2590//2
f 2590//2 2640//2 2641//2 2591//2
f 2591//2 2641//2 2642//2 2592//2
f 2592//2 2642//2 2643//2 2593//2
f 2593//2 2643//2 2644//2 2594//2
f 2594//2 2644//2 2645//2 2595//2
f 2595//2 2645//2 2646//2 2596//2
f 2596//2 2646//2 2647//2 2597//2
f 2597//2 2647//2 2648//2 2598//2
f 2598//2 2648//2 2649//2 2599//2
f 2599//2 2649//2 2650//2 2600//2
f 2601//2 2651//2 2652//2 2602//2
f 2602//2 2652//2 2653//2 2603//2
f 2603//2 2653//2 2654//2 2604//2
f 2604//2 2654//2 2655//2 2605//2
f 2605//2 2655//2 2656//2 2606//2
f 2606//2 2656//2 2657//2 2607//2
f 2607//2 2657//2 2658//2 2608//2
f 2608//2 2658//2 2659//2 2609//2
f 2609//2 2659//2 2660//2 2610//2
f 2610//2 2660//2 2661//2 2611//2
f 2611//2 2661//2 2662//2 2612//2
f 2612//2 2662//2 2663//2 2613//2
f 2613//2 2663//2 2664//2 2614//2
f 2614//2 2664//2 2665//2 2615//2
f 2615//2 2665//2 2666//2 2616//2
f 2616//2 2666//2 2667//2 2617//2
f 2617//2 2667//2 2668//2 2618//2
f 2618//2 2668//2 2669//2 2619//2
f 2619//2 2669//2 2670//2 2620//2
f 2620//2 2670//2 2671//2 2621//2
f 2621//2 2671//2 2672//2 2622//2
f 2622//2 2672//2 2673//2 2623//2
f 2623//2 2673//2 2674//2 2624//2
f 2624//2 2674//2 2675//2 2625//2
f 2625//2 2675//2 2676//2 2626//2
f 2626//2 2676//2 2677//2 2627//2
f 2627//2 2677//2 2678//2 2628//2
f 2628//2 2678//2 2679//2 2629//2
f 2629//2 2679//2 2680//2 2630//2
f 2630//2 2680//2 2681//2 2631//2
f 2631//2 2681//2 2682//2 2632//2
f 2632//2 2682//2 2683//2 2633//2
f 2633//2 2683//2 2684//2 2634//2
f 2634//2 2684//2 2685//2 2635//2
f 2635//2 2685//2 2686//2 2636//2
f 2636//2 2686//2 2687//2 2637//2
f 2637//2 2687//2 2688//2 2638//2
f 2638//2 2688//2 2689//2 2639//2
f 2639//2 2689//2 2690//2 2640//2
f 2640//2 2690//2 2691//2 2641//2
f 2641//2 2691//2 2692//2 2642//2
f 2642//2 2692//2 2693//2 2643//2
f 2643//2 2693//2 2694//2 2644//2
f 2644//2 2694//2 2695//2 2645//2
f 2645//2 2695//2 2696//2 2646//2
f 2646//2 2696//2 2697//2 2647//2
f 2647//2 2697//2 2698//2 2648//2
f 2648//2 2698//2 2699//2 2649//2
f 2649//2 2699//2 2700//2 2650//2
f 2651//2 2701//2 2702//2 2652//2
f 2652//2 2702//2 2703//2 2653//2
f 2653//2 2703//2 2704//2 2654//2
f 2654//2 2704//2 2705//2 2655//2
f 2655//2 2705//2 2706//2 2656//2
f 2656//2 2706//2 2707//2 2657//2
f 2657//2 2707//2 2708//2 2658//2
f 2658//2 2708//2 2709//2 2659//2
f 2659//2 2709//2 2710//2 2660//2
f 2660//2 2710//2 2711//2 2661//2
f 2661//2 2711//2 2712//2 2662//2
f 2662//2 2712//2 2713//2 2663//2
f 2663//2 2713//2 2714//2 2664//2
f 2664//2 2714//2 2715//2 2665//2
f 2665//2 2715//2 2716//2 2666//2
f 2666//2 2716//2 2717//2 2667//2
f 2667//2 2717//2 2718//2 2668//2
f 2668//2 2718//2 2719//2 2669//2
f 2669//2 2719//2 2720//2 2670//2
f 2670//2 2720//2 2721//2 2671//2
f 2671//2 2721//2 2722//2 2672//2
f 2672//2 2722//2 2723//2 2673//2
f 2673//2 2723//2 2724//2 2674//2
f 2674//2 2724//2 2725//2 2675//2
f 2675//2 2725//2 2726//2 2676//2
f 2676//2 2726//2 2727//2 2677//2
f 2677//2 2727//2 2728//2 2678//2
f 2678//2 2728//2 2729//2 2679//2
f 2679//2 2729//2 2730//2 2680//2
f 2680//2 2730//2 2731//2 2681//2
f 2681//2 2731//2 2732//2 2682//2
f 2682//2 2732//2 2733//2 2683//2
f 2683//2 2733//2 2734//2 2684//2
f 2684//2 2734//2 2735//2 2685//2
f 2685//2 2735//2 2736//2 2686//2
f 2686//2 2736//2 2737//2 2687//2
f 2687//2 2737//2 2738//2 2688//2
f 2688//2 2738//2 2739//2 2689//2
f 2689//2 2739//2 2740//2 2690//2
f 2690//2 2740//2 2741//2 2691//2
f 2691//2 2741//2 2742//2 2692//2
f 2692//2 2742//2 2743//2 2693//2
f 2693//2 2743//2 2744//2 2694//2
f 2694//2 2744//2 2745//2 2695//2
f 2695//2 2745//2 2746//2 2696//2
f 2696//2 2746//2 2747//2 2697//2
f 2697//2 2747//2 2748//2 2698//2
f 2698//2 2748//2 2749//2 2699//2
f 2699//2 2749//2 2750//2 2700//2
f 2701//2 2751//2 2752//2 2702//2
f 2702//2 2752//2 2753//2 2703//2
f 2703//2 2753//2 2754//2 2704//2
f 2704//2 2754//2 2755//2 2705//2
f 2705//2 2755//2 2756//2 2706//2
f 2706//2 2756//2 2757//2 2707//2
f 2707//2 2757//2 2758//2 2708//2
f 2708//2 2758//2 2759//2 2709//2
f 2709//2 2759//2 2760//2 2710//2
f 2710//2 2760//2 2761//2 2711//2
f 2711//2 2761//2 2762//2 2712//2
f 2712//2 2762//2 2763//2 2713//2
f 2713//2 2763//2 2764//2 2714//2
f 2714//2 2764//2 2765//2 2715//2
f 2715//2 2765//2 2766//2 2716//2
f 2716//2 2766//2 2767//2 2717//2
f 2717//2 2767//2 2768//2 2718//2
f 2718//2 2768//2 2769//2 2719//2
f 2719//2 2769//2 2770//2 2720//2
f 2720//2 2770//2 2771//2 2721//2
f 2721//2 2771//2 2772//2 2722//2
f 2722//2 2772//2 2773//2 2723//2
f 2723//2 2773//2 2774//2 2724//2
f 2724//2 2774//2 2775//2 2725//2
f 2725//2 2775//2 2776//2 2726//2
f 2726//2 2776//2 2777//2 2727//2
f 2727//2 2777//2 2778//2 2728//2
f 2728//2 2778//2 2779//2 2729//2
f 2729//2 2779//2 2780//2 2730//2
f 2730//2 2780//2 2781//2 2731//2
f 2731//2 2781//2 2782//2 2732//2
f 2732//2 2782//2 2783//2 2733//2
f 2733//2 2783//2 2784//2 2734//2
f 2734//2 2784//2 2785//2 2735//2
f 2735//2 2785//2 2786//2 2736//2
f 2736//2 2786//2 2787//2 2737//2
f 2737//2 2787//2 2788//2 2738//2
f 2738//2 2788//2 2789//2 2739//2
f 2739//2 2789//2 2790//2 2740//2
f 2740//2 2790//2 2791//2 2741//2
f 2741//2 2791//2 2792//2 2742//2
f 2742//2 2792//2 2793//2 2743//2
f 2743//2 2793//2 2794//2 2744//2
f 2744//2 2794//2 2795//2 2745//2
f 2745//2 2795//2 2796//2 2746//2
f 2746//2 2796//2 2797//2 2747//2
f 2747//2 2797//2 2798//2 2748//2
f 2748//2 2798//2 2799//2 2749//2
f 2749//2 2799//2 2800//2 2750//2
f 2751//2 2801//2 2802//2 2752//2
f 2752//2 2802//2 2803//2 2753//2
f 2753//2 2803//2 2804//2 2754//2
f 2754//2 2804//2 2805//2 2755//2
f 2755//2 2805//2 2806//2 2756//2
f 2756//2 2806//2 2807//2 2757//2
f 2757//2 2807//2 2808//2 2758//2
f 2758//2 2808//2 2809//2 2759//2
f 2759//2 2809//2 2810//2 2760//2
f 2760//2 2810//2 2811//2 2761//2
f 2761//2 2811//2 2812//2 2762//2
f 2762//2 2812//2 2813//2 2763//2
f 2763//2 2813//2 2814//2 2764//2
f 2764//2 2814//2 2815//2 2765//2
f 2765//2 2815//2 2816//2 2766//2
f 2766//2 2816//2 2817//2 2767//2
f 2767//2 2817//2 2818//2 2768//2
f 2768//2 2818//2 2819//2 2769//2
f 2769//2 2819//2 2820//2 2770//2
f 2770//2 2820//2 2821//2 2771//2
f 2771//2 2821//2 2822//2 2772//2
f 2772//2 2822//2 2823//2 2773//2
f 2773//2 2823//2 2824//2 2774//2
f 2774//2 2824//2 2825//2 2775//2
f 2775//2 2825//2 2826//2 2776//2
f 2776//2 2826//2 2827//2 2777//2
f 2777//2 2827//2 2828//2 2778//2
f 2778//2 2828//2 2829//2 2779//2
f 2779//2 2829//2 2830//2 2780//2
f 2780//2 2830//2 2831//2 2781//2
f 2781//2 2831//2 2832//2 2782//2
f 2782//2 2832//2 2833//2 2783//2
f 2783//2 2833//2 2834//2 2784//2
f 2784//2 2834//2 2835//2 2785//2
f 2785//2 2835//2 2836//2 2786//2
f 2786//2 2836//2 2837//2 2787//2
f 2787//2 2837//2 2838//2 2788//2
f 2788//2 2838//2 2839//2 2789//2
f 2789//2 2839//2 2840//2 2790//2
f 2790//2 2840//2 2841//2 2791//2
f 2791//2 2841//2 2842//2 2792//2
f 2792//2 2842//2 2843//2 2793//2
f 2793//2 2843//2 2844//2 2794//2
f 2794//2 2844//2 2845//2 2795//2
f 2795//2 2845//2 2846//2 2796//2
f 2796//2 2846//2 2847//2 2797//2
f 2797//2 2847//2 2848//2 2798//2
f 2798//2 2848//2 2849//2 2799//2
f 2799//2 2849//2 2850//2 2800//2
f 2801//2 2851//2 2852//2 2802//2
f 2802//2 2852//2 2853//2 2803//2
f 2803//2 2853//2 2854//2 2804//2
f 2804//2 2854//2 2855//2 2805//2
f 2805//2 2855//2 2856//2 2806//2
f 2806//2 2856//2 2857//2 2807//2
f 2807//2 2857//2 2858//2 2808//2
f 2808//2 2858//2 2859//2 2809//2
f 2809//2 2859//2 2860//2 2810//2
f 2810//2 2860//2 2861//2 2811//2
f 2811//2 2861//2 2862//2 2812//2
f 2812//2 2862//2 2863//2 2813//2
f 2813//2 2863//2 2864//2 2814//2
f 2814//2 2864//2 2865//2 2815//2
f 2815//2 2865//2 2866//2 2816//2
f 2816//2 2866//2 2867//2 2817//2
f 2817//2 2867//2 2868//2 2818//2
f 2818//2 2868//2 2869//2 2819//2
f 2819//2 2869//2 2870//2 2820//2
f 2820//2 2870//2 2871//2 2821//2
f 2821//2 2871//2 2872//2 2822//2
f 2822//2 2872//2 2873//2 2823//2
f 2823//2 2873//2 2874//2 2824//2
f 2824//2 2874//2 2875//2 2825//2
f 2825//2 2875//2 2876//2 2826//2
f 2826//2 2876//2 2877//2 2827//2
f 2827//2 2877//2 2878//2 2828//2
f 2828//2 2878//2 2879//2 2829//2
f 2829//2 2879//2 2880//2 2830//2
f 2830//2 2880//2 2881//2 2831//2
f 2831//2 2881//2 2882//2 2832//2
f 2832//2 2882//2 2883//2 2833//2
f 2833//2 2883//2 2884//2 2834//2
f 2834//2 2884//2 2885//2 2835//2
f 2835//2 2885//2 2886//2 2836//2
f 2836//2 2886//2 2887//2 2837//2
f 2837//2 2887//2 2888//2 2838//2
f 2838//2 2888//2 2889//2 2839//2
f 2839//2 2889//2 2890//2 2840//2
f 2840//2 2890//2 2891//2 2841//2
f 2841//2 2891//2 2892//2 2842//2
f 2842//2 2892//2 2893//2 2843//2
f 2843//2 2893//2 2894//2 2844//2
f 2844//2 2894//2 2895//2 2845//2
f 2845//2 2895//2 2896//2 2846//2
f 2846//2 2896//2 2897//2 2847//2
f 2847//2 2897//2 2898//2 2848//2
f 2848//2 2898//2 2899//2 2849//2
f 2849//2 2899//2 2900//2 2850//2
f 2851//2 2901//2 2902//2 2852//2
f 2852//2 2902//2 2903//2 2853//2
f 2853//2 2903//2 2904//2 2854//2
f 2854//2 2904//2 2905//2 2855//2
f 2855//2 2905//2 2906//2 2856//2
f 2856//2 2906//2 2907//2 2857//2
f 2857//2 2907//2 2908//2 2858//2
f 2858//2 2908//2 2909//2 2859//2
f 2859//2 2909//2 2910//2 2860//2
f 2860//2 2910//2 2911//2 2861//2
f 2861//2 2911//2 2912//2 2862//2
f 2862//2 2912//2 2913//2 2863//2
f 2863//2 2913//2 2914//2 2864//2
f 2864//2 2914//2 2915//2 2865//2
f 2865//2 2915//2 2916//2 2866//2
f 2866//2 2916//2 2917//2 2867//2
f 2867//2 2917//2 2918//2 2868//2
f 2868//2 2918//2 2919//2 2869//2
f 2869//2 2919//2 2920//2 2870//2
f 2870//2 2920//2 2921//2 2871//2
f 2871//2 2921//2 2922//2 2872//2
f 2872//2 2922//2 2923//2 2873//2
f 2873//2 2923//2 2924//2 2874//2
f 2874//2 2924//2 2925//2 2875//2
f 2875//2 2925//2 2926//2 2876//2
f 2876//2 2926//2 2927//2 2877//2
f 2877//2 2927//2 2928//2 2878//2
f 2878//2 2928//2 2929//2 2879//2
f 2879//2 2929//2 2930//2 2880//2
f 2880//2 2930//2 2931//2 2881//2
f 2881//2 2931//2 2932//2 2882//2
f 2882//2 2932//2 2933//2 2883//2
f 2883//2 2933//2 2934//2 2884//2
f 2884//2 2934//2 2935//2 2885//2
f 2885//2 2935//2 2936//2 2886//2
f 2886//2 2936//2 2937//2 2887//2
f 2887//2 2937//2 2938//2 2888//2
f 2888//2 2938//2 2939//2 2889//2
f 2889//2 2939//2 2940//2 2890//2
f 2890//2 2940//2 2941//2 2891//2
f 2891//2 2941//2 2942//2 2892//2
f 2892//2 2942//2 2943//2 2893//2
f 2893//2 2943//2 2944//2 2894//2
f 2894//2 2944//2 2945//2 2895//2
f 2895//2 2945//2 2946//2 2896//2
f 2896//2 2946//2 2947//2 2897//2
f 2897//2 2947//2 2948//2 2898//2
f 2898//2 2948//2 2949//2 2899//2
f 2899//2 2949//2 2950//2 2900//2
f 2901//2 2951//2 2952//2 2902//2
f 2902//2 2952//2 2953//2 2903//2
f 2903//2 2953//2 2954//2 2904//2
f 2904//2 2954//2 2955//2 2905//2
f 2905//2 2955//2 2956//2 2906//2
f 2906//2 2956//2 2957//2 2907//2
f 2907//2 2957//2 2958//2 2908//2
f 2908//2 2958//2 2959//2 2909//2
f 2909//2 2959//2 2960//2 2910//2
f 2910//2 2960//2 2961//2 2911//2
f 2911//2 2961//2 2962//2 2912//2
f 2912//2 2962//2 2963//2 2913//2
f 2913//2 2963//2 2964//2 2914//2
f 2914//2 2964//2 2965//2 2915//2
f 2915//2 2965//2 2966//2 2916//2
f 2916//2 2966//2 2967//2 2917//2
f 2917//2 2967//2 2968//2 2918//2
f 2918//2 2968//2 2969//2 2919//2
f 2919//2 2969//2 2970//2 2920//2
f 2920//2 2970//2 2971//2 2921//2
f 2921//2 2971//2 2972//2 2922//2
f 2922//2 2972//2 2973//2 2923//2
f 2923//2 2973//2 2974//2 2924//2
f 2924//2 2974//2 2975//2 2925//2
f 2925//2 2975//2 2976//2 2926//2
f 2926//2 2976//2 2977//2 2927//2
f 2927//2 2977//2 2978//2 2928//2
f 2928//2 2978//2 2979//2 2929//2
f 2929//2 2979//2 2980//2 2930//2
f 2930//2 2980//2 2981//2 2931//2
f 2931//2 2981//2 2982//2 2932//2
f 2932//2 2982//2 2983//2 2933//2
f 2933//2 2983//2 2984//2 2934//2
f 2934//2 2984//2 2985//2 2935//2
f 2935//2 2985//2 2986//2 2936//2
f 2936//2 2986//2 2987//2 2937//2
f 2937//2 2987//2 2988//2 2938//2
f 2938//2 2988//2 2989//2 2939//2
f 2939//2 2989//2 2990//2 2940//2
f 2940//2 2990//2 2991//2 2941//2
f 2941//2 2991//2 2992//2 2942//2
f 2942//2 2992//2 2993//2 2943//2
f 2943//2 2993//2 2994//2 2944//2
f 2944//2 2994//2 2995//2 2945//2
f 2945//2 2995//2 2996//2 2946//2
f 2946//2 2996//2 2997//2 2947//2
f 2947//2 2997//2 2998//2 2948//2
f 2948//2 2998//2 2999//2 2949//2
f 2949//2 2999//2 3000//2 2950//2
f 2951//2 3001//2 3002//2 2952//2
f 2952//2 3002//2 3003//2 2953//2
f 2953//2 3003//2 3004//2 2954//2
f 2954//2 3004//2 3005//2 2955//2
f 2955//2 3005//2 3006//2 2956//2
f 2956//2 3006//2 3007//2 2957//2
f 2957//2 3007//2 3008//2 2958//2
f 2958//2 3008//2 3009//2 2959//2
f 2959//2 3009//2 3010//2 2960//2
f 2960//2 3010//2 3011//2 2961//2
f 2961//2 3011//2 3012//2 2962//2
f 2962//2 3012//2 3013//2 2963//2
f 2963//2 3013//2 3014//2 2964//2
f 2964//2 3014//2 3015//2 2965//2
f 2965//2 3015//2 3016//2 2966//2
f 2966//2 3016//2 3017//2 2967//2
f 2967//2 3017//2 3018//2 2968//2
f 2968//2 3018//2 3019//2 2969//2
f 2969//2 3019//2 3020//2 2970//2
f 2970//2 3020//2 3021//2 2971//2
f 2971//2 3021//2 3022//2 2972//2
f 2972//2 3022//2 3023//2 2973//2
f 2973//2 3023//2 3024//2 2974//2
f 2974//2 3024//2 3025//2 2975//2
f 2975//2 3025//2 3026//2 2976//2
f 2976//2 3026//2 3027//2 2977//2
f 2977//2 3027//2 3028//2 2978//2
f 2978//2 3028//2 3029//2 2979//2
f 2979//2 3029//2 3030//2 2980//2
f 2980//2 3030//2 3031//2 2981//2
f 2981//2 3031//2 3032//2 2982//2
f 2982//2 3032//2 3033//2 2983//2
f 2983//2 3033//2 3034//2 2984//2
f 2984//2 3034//2 3035//2 2985//2
f 2985//2 3035//2 3036//2 2986//2
f 2986//2 3036//2 3037//2 2987//2
f 2987//2 3037//2 3038//2 2988//2
f 2988//2 3038//2 3039//2 2989//2
f 2989//2 3039//2 3040//2 2990//2
f 2990//2 3040//2 3041//2 2991//2
f 2991//2 3041//2 3042//2 2992//2
f 2992//2 3042//2 3043//2 2993//2
f 2993//2 3043//2 3044//2 2994//2
f 2994//2 3044//2 3045//2 2995//2
f 2995//2 3045//2 3046//2 2996//2
f 2996//2 3046//2 3047//2 2997//2
f 2997//2 3047//2 3048//2 2998//2
f 2998//2 3048//2 3049//2 2999//2
f 2999//2 3049//2 3050//2 3000//2
f 3001//2 3051//2 3052//2 3002//2
f 3002//2 3052//2 3053//2 3003//2
f 3003//2 3053//2 3054//2 3004//2
f 3004//2 3054//2 3055//2 3005//2
f 3005//2 3055//2 3056//2 3006//2
f 3006//2 3056//2 3057//2 3007//2
f 3007//2 3057//2 3058//2 3008//2
f 3008//2 3058//2 3059//2 3009//2
f 3009//2 3059//2 3060//2 3010//2
f 3010//2 3060//2 3061//2 3011//2
f 3011//2 3061//2 3062//2 3012//2
f 3012//2 3062//2 3063//2 3013//2
f 3013//2 3063//2 3064//2 3014//2
f 3014//2 3064//2 3065//2 3015//2
f 3015//2 3065//2 3066//2 3016//2
f 3016//2 3066//2 3067//2 3017//2
f 3017//2 3067//2 3068//2 3018//2
f 3018//2 3068//2 3069//2 3019//2
f 3019//2 3069//2 3070//2 3020//2
f 3020//2 3070//2 3071//2 3021//2
f 3021//2 3071//2 3072//2 3022//2
f 3022//2 3072//2 3073//2 3023//2
f 3023//2 3073//2 3074//2 3024//2
f 3024//2 3074//2 3075//2 3025//2
f 3025//2 3075//2 3076//2 3026//2
f 3026//2 3076//2 3077//2 3027//2
f 3027//2 3077//2 3078//2 3028//2
f 3028//2 3078//2 3079//2 3029//2
f 3029//2 3079//2 3080//2 3030//2
f 3030//2 3080//2 3081//2 3031//2
f 3031//2 3081//2 3082//2 3032//2
f 3032//2 3082//2 3083//2 3033//2
f 3033//2 3083//2 3084//2 3034//2
f 3034//2 3084//2 3085//2 3035//2
f 3035//2 3085//2 3086//2 3036//2
f 3036//2 3086//2 3087//2 3037//2
f 3037//2 3087//2 3088//2 3038//2
f 3038//2 3088//2 3089//2 3039//2
f 3039//2 3089//2 3090//2 3040//2
f 3040//2 3090//2 3091//2 3041//2
f 3041//2 3091//2 3092//2 3042//2
f 3042//2 3092//2 3093//2 3043//2
f 3043//2 3093//2 3094//2 3044//2
f 3044//2 3094//2 3095//2 3045//2
f 3045//2 3095//2 3096//2 3046//2
f 3046//2 3096//2 3097//2 3047//2
f 3047//2 3097//2 3098//2 3048//2
f 3048//2 3098//2 3099//2 3049//2
f 3049//2 3099//2 3100//2 3050//2
f 3051//2 3101//2 3102//2 3052//2
f 3052//2 3102//2 3103//2 3053//2
f 3053//2 3103//2 3104//2 3054//2
f 3054//2 3104//2 3105//2 3055//2
f 3055//2 3105//2 3106//2 3056//2
f 3056//2 3106//2 3107//2 3057//2
f 3057//2 3107//2 3108//2 3058//2
f 3058//2 3108//2 3109//2 3059//2
f 3059//2 3109//2 3110//2 3060//2
f 3060//2 3110//2 3111//2 3061//2
f 3061//2 3111//2 3112//2 3062//2
f 3062//2 3112//2 3113//2 3063//2
f 3063//2 3113//2 3114//2 3064//2
f 3064//2 3114//2 3115//2 3065//2
f 3065//2 3115//2 3116//2 3066//2
f 3066//2 3116//2 3117//2 3067//2
f 3067//2 3117//2 3118//2 3068//2
f 3068//2 3118//2 3119//2 3069//2
f 3069//2 3119//2 3120//2 3070//2
f 3070//2 3120//2 3121//2 3071//2
f 3071//2 3121//2 3122//2 3072//2
f 3072//2 3122//2 3123//2 3073//2
f 3073//2 3123//2 3124//2 3074//2
f 3074//2 3124//2 3125//2 3075//2
f 3075//2 3125//2 3126//2 3076//2
f 3076//2 3126//2 3127//2 3077//2
f 3077//2 3127//2 3128//2 3078//2
f 3078//2 3128//2 3129//2 3079//2
f 3079//2 3129//2 3130//2 3080//2
f 3080//2 3130//2 3131//2 3081//2
f 3081//2 3131//2 3132//2 3082//2
f 3082//2 3132//2 3133//2 3083//2
f 3083//2 3133//2 3134//2 3084//2
f 3084//2 3134//2 3135//2 3085//2
f 3085//2 3135//2 3136//2 3086//2
f 3086//2 3136//2 3137//2 3087//2
f 3087//2 3137//2 3138//2 3088//2
f 3088//2 3138//2 3139//2 3089//2
f 3089//2 3139//2 3140//2 3090//2
f 3090//2 3140//2 3141//2 3091//2
f 3091//2 3141//2 3142//2 3092//2
f 3092//2 3142//2 3143//2 3093//2
f 3093//2 3143//2 3144//2 3094//2
f 3094//2 3144//2 3145//2 3095//2
f 3095//2 3145//2 3146//2 3096//2
f 3096//2 3146//2 3147//2 3097//2
f 3097//2 3147//2 3148//2 3098//2
f 3098//2 3148//2 3149//2 3099//2
f 3099//2 3149//2 3150//2 3100//2
f 3101//2 3151//2 3152//2 3102//2
f 3102//2 3152//2 3153//2 3103//2
f 3103//2 3153//2 3154//2 3104//2
f 3104//2 3154//2 3155//2 3105//2
f 3105//2 3155//2 3156//2 3106//2
f 3106//2 3156//2 3157//2 3107//2
f 3107//2 3157//2 3158//2 3108//2
f 3108//2 3158//2 3159//2 3109//2
f 3109//2 3159//2 3160//2 3110//2
f 3110//2 3160//2 3161//2 3111//2
f 3111//2 3161//2 3162//2 3112//2
f 3112//2 3162//2 3163//2 3113//2
f 3113//2 3163//2 3164//2 3114//2
f 3114//2 3164//2 3165//2 3115//2
f 3115//2 3165//2 3166//2 3116//2
f 3116//2 3166//2 3167//2 3117//2
f 3117//2 3167//2 3168//2 3118//2
f 3118//2 3168//2 3169//2 3119//2
f 3119//2 3169//2 3170//2 3120//2
f 3120//2 3170//2 3171//2 3121//2
f 3121//2 3171//2 3172//2 3122//2
f 3122//2 3172//2 3173//2 3123//2
f 3123//2 3173//2 3174//2 3124//2
f 3124//2 3174//2 3175//2 3125//2
f 3125//2 3175//2 3176//2 3126//2
f 3126//2 3176//2 3177//2 3127//2
f 3127//2 3177//2 3178//2 3128//2
f 3128//2 3178//2 3179//2 3129//2
f 3129//2 3179//2 3180//2 3130//2
f 3130//2 3180//2 3181//2 3131//2
f 3131//2 3181//2 3182//2 3132//2
f 3132//2 3182//2 3183//2 3133//2
f 3133//2 3183//2 3184//2 3134//2
f 3134//2 3184//2 3185//2 3135//2
f 3135//2 3185//2 3186//2 3136//2
f 3136//2 3186//2 3187//2 3137//2
f 3137//2 3187//2 3188//2 3138//2
f 3138//2 3188//2 3189//2 3139//2
f 3139//2 3189//2 3190//2 3140//2
f 3140//2 3190//2 3191//2 3141//2
f 3141//2 3191//2 3192//2 3142//2
f 3142//2 3192//2 3193//2 3143//2
f 3143//2 3193//2 3194//2 3144//2
f 3144//2 3194//2 3195//2 3145//2
f 3145//2 3195//2 3196//2 3146//2
f 3146//2 3196//2 3197//2 3147//2
f 3147//2 3197//2 3198//2 3148//2
f 3148//2 3198//2 3199//2 3149//2
f 3149//2 3199//2 3200//2 3150//2
f 3151//2 3201//2 3202//2 3152//2
f 3152//2 3202//2 3203//2 3153//2
f 3153//2 3203//2 3204//2 3154//2
f 3154//2 3204//2 3205//2 3155//2
f 3155//2 3205//2 3206//2 3156//2
f 3156//2 3206//2 3207//2 3157//2
f 3157//2 3207//2 3208//2 3158//2
f 3158//2 3208//2 3209//2 3159//2
f 3159//2 3209//2 3210//2 3160//2
f 3160//2 3210//2 3211//2 3161//2
f 3161//2 3211//2 3212//2 3162//2
f 3162//2 3212//2 3213//2 3163//2
f 3163//2 3213//2 3214//2 3164//2
f 3164//2 3214//2 3215//2 3165//2
f 3165//2 3215//2 3216//2 3166//2
f 3166//2 3216//2 3217//2 3167//2
f 3167//2 3217//2 3218//2 3168//2
f 3168//2 3218//2 3219//2 3169//2
f 3169//2 3219//2 3220//2 3170//2
f 3170//2 3220//2 3221//2 3171//2
f 3171//2 3221//2 3222//2 3172//2
f 3172//2 3222//2 3223//2 3173//2
f 3173//2 3223//2 3224//2 3174//2
f 3174//2 3224//2 3225//2 3175//2
f 3175//2 3225//2 3226//2 3176//2
f 3176//2 3226//2 3227//2 3177//2
f 3177//2 3227//2 3228//2 3178//2
f 3178//2 3228//2 3229//2 3179//2
f 3179//2 3229//2 3230//2 3180//2
f 3180//2 3230//2 3231//2 3181//2
f 3181//2 3231//2 3232//2 3182//2
f 3182//2 3232//2 3233//2 3183//2
f 3183//2 3233//2 3234//2 3184//2
f 3184//2 3234//2 3235//2 3185//2
f 3185//2 3235//2 3236//2 3186//2
f 3186//2 3236//2 3237//2 3187//2
f 3187//2 3237//2 3238//2 3188//2
f 3188//2 3238//2 3239//2 3189//2
f 3189//2 3239//2 3240//2 3190//2
f 3190//2 3240//2 3241//2 3191//2
f 3191//2 3241//2 3242//2 3192//2
f 3192//2 3242//2 3243//2 3193//2
f 3193//2 3243//2 3244//2 3194//2
f 3194//2 3244//2 3245//2 3195//2
f 3195//2 3245//2 3246//2 3196//2
f 3196//2 3246//2 3247//2 3197//2
f 3197//2 3247//2 3248//2 3198//2
f 3198//2 3248//2 3249//2 3199//2
f 3199//2 3249//2 3250//2 3200//2
f 3201//2 3251//2 3252//2 3202//2
f 3202//2 3252//2 3253//2 3203//2
f 3203//2 3253//2 3254//2 3204//2
f 3204//2 3254//2 3255//2 3205//2
f 3205//2 3255//2 3256//2 3206//2
f 3206//2 3256//2 3257//2 3207//2
f 3207//2 3257//2 3258//2 3208//2
f 3208//2 3258//2 3259//2 3209//2
f 3209//2 3259//2 3260//2 3210//2
f 3210//2 3260//2 3261//2 3211//2
f 3211//2 3261//2 3262//2 3212//2
f 3212//2 3262//2 3263//2 3213//2
f 3213//2 3263//2 3264//2 3214//2
f 3214//2 3264//2 3265//2 3215//2
f 3215//2 3265//2 3266//2 3216//2
f 3216//2 3266//2 3267//2 3217//2
f 3217//2 3267//2 3268//2 3218//2
f 3218//2 3268//2 3269//2 3219//2
f 3219//2 3269//2 3270//2 3220//2
f 3220//2 3270//2 3271//2 3221//2
f 3221//2 3271//2 3272//2 3222//2
f 3222//2 3272//2 3273//2 3223//2
f 3223//2 3273//2 3274//2 3224//2
f 3224//2 3274//2 3275//2 3225//2
f 3225//2 3275//2 3276//2 3226//2
f 3226//2 3276//2 3277//2 3227//2
f 3227//2 3277//2 3278//2 3228//2
f 3228//2 3278//2 3279//2 3229//2
f 3229//2 3279//2 3280//2 3230//2
f 3230//2 3280//2 3281//2 3231//2
f 3231//2 3281//2 3282//2 3232//2
f 3232//2 3282//2 3283//2 3233//2
f 3233//2 3283//2 3284//2 3234//2
f 3234//2 3284//2 3285//2 3235//2
f 3235//2 3285//2 3286//2 3236//2
f 3236//2 3286//2 3287//2 3237//2
f 3237//2 3287//2 3288//2 3238//2
f 3238//2 3288//2 3289//2 3239//2
f 3239//2 3289//2 3290//2 3240//2
f 3240//2 3290//2 3291//2 3241//2
f 3241//2 3291//2 3292//2 3242//2
f 3242//2 3292//2 3293//2 3243//2
f 3243//2 3293//2 3294//2 3244//2
f 3244//2 3294//2 3295//2 3245//2
f 3245//2 3295//2 3296//2 3246//2
f 3246//2 3296//2 3297//2 3247//2
f 3247//2 3297//2 3298//2 3248//2
f 3248//2 3298//2 3299//2 3249//2
f 3249//2 3299//2 3300//2 3250//2
f 3251//2 3301//2 3302//2 3252//2
f 3252//2 3302//2 3303//2 3253//2
f 3253//2 3303//2 3304//2 3254//2
f 3254//2 3304//2 3305//2 3255//2
f 3255//2 3305//2 3306//2 3256//2
f 3256//2 3306//2 3307//2 3257//2
f 3257//2 3307//2 3308//2 3258//2
f 3258//2 3308//2 3309//2 3259//2
f 3259//2 3309//2 3310//2 3260//2
f 3260//2 3310//2 3311//2 3261//2
f 3261//2 3311//2 3312//2 3262//2
f 3262//2 3312//2 3313//2 3263//2
f 3263//2 3313//2 3314//2 3264//2
f 3264//2 3314//2 3315//2 3265//2
f 3265//2 3315//2 3316//2 3266//2
f 3266//2 3316//2 3317//2 3267//2
f 3267//2 3317//2 3318//2 3268//2
f 3268//2 3318//2 3319//2 3269//2
f 3269//2 3319//2 3320//2 3270//2
f 3270//2 3320//2 3321//2 3271//2
f 3271//2 3321//2 3322//2 3272//2
f 3272//2 3322//2 3323//2 3273//2
f 3273//2 3323//2 3324//2 3274//2
f 3274//2 3324//2 3325//2 3275//2
f 3275//2 3325//2 3326//2 3276//2
f 3276//2 3326//2 3327//2 3277//2
f 3277//2 3327//2 3328//2 3278//2
f 3278//2 3328//2 3329//2 3279//2
f 3279//2 3329//2 3330//2 3280//2
f 3280//2 3330//2 3331//2 3281//2
f 3281//2 3331//2 3332//2 3282//2
f 3282//2 3332//2 3333//2 3283//2
f 3283//2 3333//2 3334//2 3284//2
f 3284//2 3334//2 3335//2 3285//2
f 3285//2 3335//2 3336//2 3286//2
f 3286//2 3336//2 3337//2 3287//2
f 3287//2 3337//2 3338//2 3288//2
f 3288//2 3338//2 3339//2 3289//2
f 3289//2 3339//2 3340//2 3290//2
f 3290//2 3340//2 3341//2 3291//2
f 3291//2 3341//2 3342//2 3292//2
f 3292//2 3342//2 3343//2 3293//2
f 3293//2 3343//2 3344//2 3294//2
f 3294//2 3344//2 3345//2 3295//2
f 3295//2 3345//2 3346//2 3296//2
f 3296//2 3346//2 3347//2 3297//2
f 3297//2 3347//2 3348//2 3298//2
f 3298//2 3348//2 3349//2 3299//2
f 3299//2 3349//2 3350//2 3300//2
f 3301//2 3351//2 3352//2 3302//2
f 3302//2 3352//2 3353//2 3303//2
f 3303//2 3353//2 3354//2 3304//2
f 3304//2 3354//2 3355//2 3305//2
f 3305//2 3355//2 3356//2 3306//2
f 3306//2 3356//2 3357//2 3307//2
f 3307//2 3357//2 3358//2 3308//2
f 3308//2 3358//2 3359//2 3309//2
f 3309//2 3359//2 3360//2 3310//2
f 3310//2 3360//2 3361//2 3311//2
f 3311//2 3361//2 3362//2 3312//2
f 3312//2 3362//2 3363//2 3313//2
f 3313//2 3363//2 3364//2 3314//2
f 3314//2 3364//2 3365//2 3315//2
f 3315//2 3365//2 3366//2 3316//2
f 3316//2 3366//2 3367//2 3317//2
f 3317//2 3367//2 3368//2 3318//2
f 3318//2 3368//2 3369//2 3319//2
f 3319//2 3369//2 3370//2 3320//2
f 3320//2 3370//2 3371//2 3321//2
f 3321//2 3371//2 3372//2 3322//2
f 3322//2 3372//2 3373//2 3323//2
f 3323//2 3373//2 3374//2 3324//2
f 3324//2 3374//2 3375//2 3325//2
f 3325//2 3375//2 3376//2 3326//2
f 3326//2 3376//2 3377//2 3327//2
f 3327//2 3377//2 3378//2 3328//2
f 3328//2 3378//2 3379//2 3329//2
f 3329//2 3379//2 3380//2 3330//2
f 3330//2 3380//2 3381//2 3331//2
f 3331//2 3381//2 3382//2 3332//2
f 3332//2 3382//2 3383//2 3333//2
f 3333//2 3383//2 3384//2 3334//2
f 3334//2 3384//2 3385//2 3335//2
f 3335//2 3385//2 3386//2 3336//2
f 3336//2 3386//2 3387//2 3337//2
f 3337//2 3387//2 3388//2 3338//2
f 3338//2 3388//2 3389//2 3339//2
f 3339//2 3389//2 3390//2 3340//2
f 3340//2 3390//2 3391//2 3341//2
f 3341//2 3391//2 3392//2 3342//2
f 3342//2 3392//2 3393//2 3343//2
f 3343//2 3393//2 3394//2 3344//2
f 3344//2 3394//2 3395//2 3345//2
f 3345//2 3395//2 3396//2 3346//2
f 3346//2 3396//2 3397//2 3347//2
f 3347//2 3397//2 3398//2 3348//2
f 3348//2 3398//2 3399//2 3349//2
f 3349//2 3399//2 3400//2 3350//2
f 3351//2 3401//2 3402//2 3352//2
f 3352//2 3402//2 3403//2 3353//2
f 3353//2 3403//2 3404//2 3354//2
f 3354//2 3404//2 3405//2 3355//2
f 3355//2 3405//2 3406//2 3356//2
f 3356//2 3406//2 3407//2 3357//2
f 3357//2 3407//2 3408//2 3358//2
f 3358//2 3408//2 3409//2 3359//2
f 3359//2 3409//2 3410//2 3360//2
f 3360//2 3410//2 3411//2 3361//2
f 3361//2 3411//2 3412//2 3362//2
f 3362//2 3412//2 3413//2 3363//2
f 3363//2 3413//2 3414//2 3364//2
f 3364//2 3414//2 3415//2 3365//2
f 3365//2 3415//2 3416//2 3366//2
f 3366//2 3416//2 3417//2 3367//2
f 3367//2 3417//2 3418//2 3368//2
f 3368//2 3418//2 3419//2 3369//2
f 3369//2 3419//2 3420//2 3370//2
f 3370//2 3420//2 3421//2 3371//2
f 3371//2 3421//2 3422//2 3372//2
f 3372//2 3422//2 3423//2 3373//2
f 3373//2 3423//2 3424//2 3374//2
f 3374//2 3424//2 3425//2 3375//2
f 3375//2 3425//2 3426//2 3376//2
f 3376//2 3426//2 3427//2 3377//2
f 3377//2 3427//2 3428//2 3378//2
f 3378//2 3428//2 3429//2 3379//2
f 3379//2 3429//2 3430//2 3380//2
f 3380//2 3430//2 3431//2 3381//2
f 3381//2 3431//2 3432//2 3382//2
f 3382//2 3432//2 3433//2 3383//2
f 3383//2 3433//2 3434//2 3384//2
f 3384//2 3434//2 3435//2 3385//2
f 3385//2 3435//2 3436//2 3386//2
f 3386//2 3436//2 3437//2 3387//2
f 3387//2 3437//2 3438//2 3388//2
f 3388//2 3438//2 3439//2 3389//2
f 3389//2 3439//2 3440//2 3390//2
f 3390//2 3440//2 3441//2 3391//2
f 3391//2 3441//2 3442//2 3392//2
f 3392//2 3442//2 3443//2 3393//2
f 3393//2 3443//2 3444//2 3394//2
f 3394//2 3444//2 3445//2 3395//2
f 3395//2 3445//2 3446//2 3396//2
f 3396//2 3446//2 3447//2 3397//2
f 3397//2 3447//2 3448//2 3398//2
f 3398//2 3448//2 3449//2 3399//2
f 3399//2 3449//2 3450//2 3400//2
f 3401//2 3451//2 3452//2 3402//2
f 3402//2 3452//2 3453//2 3403//2
f 3403//2 3453//2 3454//2 3404//2
f 3404//2 3454//2 3455//2 3405//2
f 3405//2 3455//2 3456//2 3406//2
f 3406//2 3456//2 3457//2 3407//2
f 3407//2 3457//2 3458//2 3408//2
f 3408//2 3458//2 3459//2 3409//2
f 3409//2 3459//2 3460//2 3410//2
f 3410//2 3460//2 3461//2 3411//2
f 3411//2 3461//2 3462//2 3412//2
f 3412//2 3462//2 3463//2 3413//2
f 3413//2 3463//2 3464//2 3414//2
f 3414//2 3464//2 3465//2 3415//2
f 3415//2 3465//2 3466//2 3416//2
f 3416//2 3466//2 3467//2 3417//2
f 3417//2 3467//2 3468//2 3418//2
f 3418//2 3468//2 3469//2 3419//2
f 3419//2 3469//2 3470//2 3420//2
f 3420//2 3470//2 3471//2 3421//2
f 3421//2 3471//2 3472//2 3422//2
f 3422//2 3472//2 3473//2 3423//2
f 3423//2 3473//2 3474//2 3424//2
f 3424//2 3474//2 3475//2 3425//2
f 3425//2 3475//2 3476//2 3426//2
f 3426//2 3476//2 3477//2 3427//2
f 3427//2 3477//2 3478//2 3428//2
f 3428//2 3478//2 3479//2 3429//2
f 3429//2 3479//2 3480//2 3430//2
f 3430//2 3480//2 3481//2 3431//2
f 3431//2 3481//2 3482//2 3432//2
f 3432//2 3482//2 3483//2 3433//2
f 3433//2 3483//2 3484//2 3434//2
f 3434//2 3484//2 3485//2 3435//2
f 3435//2 3485//2 3486//2 3436//2
f 3436//2 3486//2 3487//2 3437//2
f 3437//2 3487//2 3488//2 3438//2
f 3438//2 3488//2 3489//2 3439//2
f 3439//2 3489//2 3490//2 3440//2
f 3440//2 3490//2 3491//2 3441//2
f 3441//2 3491//2 3492//2 3442//2
f 3442//2 3492//2 3493//2 3443//2
f 3443//2 3493//2 3494//2 3444//2
f 3444//2 3494//2 3495//2 3445//2
f 3445//2 3495//2 3496//2 3446//2
f 3446//2 3496//2 3497//2 3447//2
f 3447//2 3497//2 3498//2 3448//2
f 3448//2 3498//2 3499//2 3449//2
f 3449//2 3499//2 3500//2 3450//2
f 3451//2 3501//2 3502//2 3452//2
f 3452//2 3502//2 3503//2 3453//2
f 3453//2 3503//2 3504//2 3454//2
f 3454//2 3504//2 3505//2 3455//2
f 3455//2 3505//2 3506//2 3456//2
f 3456//2 3506//2 3507//2 3457//2
f 3457//2 3507//2 3508//2 3458//2
f 3458//2 3508//2 3509//2 3459//2
f 3459//2 3509//2 3510//2 3460//2
f 3460//2 3510//2 3511//2 3461//2
f 3461//2 3511//2 3512//2 3462//2
f 3462//2 3512//2 3513//2 3463//2
f 3463//2 3513//2 3514//2 3464//2
f 3464//2 3514//2 3515//2 3465//2
f 3465//2 3515//2 3516//2 3466//2
f 3466//2 3516//2 3517//2 3467//2
f 3467//2 3517//2 3518//2 3468//2
f 3468//2 3518//2 3519//2 3469//2
f 3469//2 3519//2 3520//2 3470//2
f 3470//2 3520//2 3521//2 3471//2
f 3471//2 3521//2 3522//2 3472//2
f 3472//2 3522//2 3523//2 3473//2
f 3473//2 3523//2 3524//2 3474//2
f 3474//2 3524//2 3525//2 3475//2
f 3475//2 3525//2 3526//2 3476//2
f 3476//2 3526//2 3527//2 3477//2
f 3477//2 3527//2 3528//2 3478//2
f 3478//2 3528//2 3529//2 3479//2
f 3479//2 3529//2 3530//2 3480//2
f 3480//2 3530//2 3531//2 3481//2
f 3481//2 3531//2 3532//2 3482//2
f 3482//2 3532//2 3533//2 3483//2
f 3483//2 3533//2 3534//2 3484//2
f 3484//2 3534//2 3535//2 3485//2
f 3485//2 3535//2 3536//2 3486//2
f 3486//2 3536//2 3537//2 3487//2
f 3487//2 3537//2 3538//2 3488//2
f 3488//2 3538//2 3539//2 3489//2
f 3489//2 3539//2 3540//2 3490//2
f 3490//2 3540//2 3541//2 3491//2
f 3491//2 3541//2 3542//2 3492//2
f 3492//2 3542//2 3543//2 3493//2
f 3493//2 3543//2 3544//2 3494//2
f 3494//2 3544//2 3545//2 3495//2
f 3495//2 3545//2 3546//2 3496//2
f 3496//2 3546//2 3547//2 3497//2
f 3497//2 3547//2 3548//2 3498//2
f 3498//2 3548//2 3549//2 3499//2
f 3499//2 3549//2 3550//2 3500//2
f 3501//2 3551//2 3552//2 3502//2
f 3502//2 3552//2 3553//2 3503//2
f 3503//2 3553//2 3554//2 3504//2
f 3504//2 3554//2 3555//2 3505//2
f 3505//2 3555//2 3556//2 3506//2
f 3506//2 3556//2 3557//2 3507//2
f 3507//2 3557//2 3558//2 3508//2
f 3508//2 3558//2 3559//2 3509//2
f 3509//2 3559//2 3560//2 3510//2
f 3510//2 3560//2 3561//2 3511//2
f 3511//2 3561//2 3562//2 3512//2
f 3512//2 3562//2 3563//2 3513//2
f 3513//2 3563//2 3564//2 3514//2
f 3514//2 3564//2 3565//2 3515//2
f 3515//2 3565//2 3566//2 3516//2
f 3516//2 3566//2 3567//2 3517//2
f 3517//2 3567//2 3568//2 3518//2
f 3518//2 3568//2 3569//2 3519//2
f 3519//2 3569//2 3570//2 3520//2
f 3520//2 3570//2 3571//2 3521//2
f 3521//2 3571//2 3572//2 3522//2
f 3522//2 3572//2 3573//2 3523//2
f 3523//2 3573//2 3574//2 3524//2
f 3524//2 3574//2 3575//2 3525//2
f 3525//2 3575//2 3576//2 3526//2
f 3526//2 3576//2 3577//2 3527//2
f 3527//2 3577//2 3578//2 3528//2
f 3528//2 3578//2 3579//2 3529//2
f 3529//2 3579//2 3580//2 3530//2
f 3530//2 3580//2 3581//2 3531//2
f 3531//2 3581//2 3582//2 3532//2
f 3532//2 3582//2 3583//2 3533//2
f 3533//2 3583//2 3584//2 3534//2
f 3534//2 3584//2 3585//2 3535//2
f 3535//2 3585//2 3586//2 3536//2
f 3536//2 3586//2 3587//2 3537//2
f 3537//2 3587//2 3588//2 3538//2
f 3538//2 3588//2 3589//2 3539//2
f 3539//2 3589//2 3590//2 3540//2
f 3540//2 3590//2 3591//2 3541//2
f 3541//2 3591//2 3592//2 3542//2
f 3542//2 3592//2 3593//2 3543//2
f 3543//2 3593//2 3594//2 3544//2
f 3544//2 3594//2 3595//2 3545//2
f 3545//2 3595//2 3596//2 3546//2
f 3546//2 3596//2 3597//2 3547//2
f 3547//2 3597//2 3598//2 3548//2
f 3548//2 3598//2 3599//2 3549//2
f 3549//2 3599//2 3600//2 3550//2
f 3551//2 3601//2 3602//2 3552//2
f 3552//2 3602//2 3603//2 3553//2
f 3553//2 3603//2 3604//2 3554//2
f 3554//2 3604//2 3605//2 3555//2
f 3555//2 3605//2 3606//2 3556//2
f 3556//2 3606//2 3607//2 3557//2
f 3557//2 3607//2 3608//2 3558//2
f 3558//2 3608//2 3609//2 3559//2
f 3559//2 3609//2 3610//2 3560//2
f 3560//2 3610//2 3611//2 3561//2
f 3561//2 3611//2 3612//2 3562//2
f 3562//2 3612//2 3613//2 3563//2
f 3563//2 3613//2 3614//2 3564//2
f 3564//2 3614//2 3615//2 3565//2
f 3565//2 3615//2 3616//2 3566//2
f 3566//2 3616//2 3617//2 3567//2
f 3567//2 3617//2 3618//2 3568//2
f 3568//2 3618//2 3619//2 3569//2
f 3569//2 3619//2 3620//2 3570//2
f 3570//2 3620//2 3621//2 3571//2
f 3571//2 3621//2 3622//2 3572//2
f 3572//2 3622//2 3623//2 3573//2
f 3573//2 3623//2 3624//2 3574//2
f 3574//2 3624//2 3625//2 3575//2
f 3575//2 3625//2 3626//2 3576//2
f 3576//2 3626//2 3627//2 3577//2
f 3577//2 3627//2 3628//2 3578//2
f 3578//2 3628//2 3629//2 3579//2
f 3579//2 3629//2 3630//2 3580//2
f 3580//2 3630//2 3631//2 3581//2
f 3581//2 3631//2 3632//2 3582//2
f 3582//2 3632//2 3633//2 3583//2
f 3583//2 3633//2 3634//2 3584//2
f 3584//2 3634//2 3635//2 3585//2
f 3585//2 3635//2 3636//2 3586//2
f 3586//2 3636//2 3637//2 3587//2
f 3587//2 3637//2 3638//2 3588//2
f 3588//2 3638//2 3639//2 3589//2
f 3589//2 3639//2 3640//2 3590//2
f 3590//2 3640//2 3641//2 3591//2
f 3591//2 3641//2 3642//2 3592//2
f 3592//2 3642//2 3643//2 3593//2
f 3593//2 3643//2 3644//2 3594//2
f 3594//2 3644//2 3645//2 3595//2
f 3595//2 3645//2 3646//2 3596//2
f 3596//2 3646//2 3647//2 3597//2
f 3597//2 3647//2 3648//2 3598//2
f 3598//2 3648//2 3649//2 3599//2
f 3599//2 3649//2 3650//2 3600//2
f 3601//2 3651//2 3652//2 3602//2
f 3602//2 3652//2 3653//2 3603//2
f 3603//2 3653//2 3654//2 3604//2
f 3604//2 3654//2 3655//2 3605//2
f 3605//2 3655//2 3656//2 3606//2
f 3606//2 3656//2 3657//2 3607//2
f 3607//2 3657//2 3658//2 3608//2
f 3608//2 3658//2 3659//2 3609//2
f 3609//2 3659//2 3660//2 3610//2
f 3610//2 3660//2 3661//2 3611//2
f 3611//2 3661//2 3662//2 3612//2
f 3612//2 3662//2 3663//2 3613//2
f 3613//2 3663//2 3664//2 3614//2
f 3614//2 3664//2 3665//2 3615//2
f 3615//2 3665//2 3666//2 3616//2
f 3616//2 3666//2 3667//2 3617//2
f 3617//2 3667//2 3668//2 3618//2
f 3618//2 3668//2 3669//2 3619//2
f 3619//2 3669//2 3670//2 3620//2
f 3620//2 3670//2 3671//2 3621//2
f 3621//2 3671//2 3672//2 3622//2
f 3622//2 3672//2 3673//2 3623//2
f 3623//2 3673//2 3674//2 3624//2
f 3624//2 3674//2 3675//2 3625//2
f 3625//2 3675//2 3676//2 3626//2
f 3626//2 3676//2 3677//2 3627//2
f 3627//2 3677//2 3678//2 3628//2
f 3628//2 3678//2 3679//2 3629//2
f 3629//2 3679//2 3680//2 3630//2
f 3630//2 3680//2 3681//2 3631//2
f 3631//2 3681//2 3682//2 3632//2
f 3632//2 3682//2 3683//2 3633//2
f 3633//2 3683//2 3684//2 3634//2
f 3634//2 3684//2 3685//2 3635//2
f 3635//2 3685//2 3686//2 3636//2
f 3636//2 3686//2 3687//2 3637//2
f 3637//2 3687//2 3688//2 3638//2
f 3638//2 3688//2 3689//2 3639//2
f 3639//2 3689//2 3690//2 3640//2
f 3640//2 3690//2 3691//2 3641//2
f 3641//2 3691//2 3692//2 3642//2
f 3642//2 3692//2 3693//2 3643//2
f 3643//2 3693//2 3694//2 3644//2
f 3644//2 3694//2 3695//2 3645//2
f 3645//2 3695//2 3696//2 3646//2
f 3646//2 3696//2 3697//2 3647//2
f 3647//2 3697//2 3698//2 3648//2
f 3648//2 3698//2 3699//2 3649//2
f 3649//2 3699//2 3700//2 3650//2
f 3651//2 3701//2 3702//2 3652//2
f 3652//2 3702//2 3703//2 3653//2
f 3653//2 3703//2 3704//2 3654//2
f 3654//2 3704//2 3705//2 3655//2
f 3655//2 3705//2 3706//2 3656//2
f 3656//2 3706//2 3707//2 3657//2
f 3657//2 3707//2 3708//2 3658//2
f 3658//2 3708//2 3709//2 3659//2
f 3659//2 3709//2 3710//2 3660//2
f 3660//2 3710//2 3711//2 3661//2
f 3661//2 3711//2 3712//2 3662//2
f 3662//2 3712//2 3713//2 3663//2
f 3663//2 3713//2 3714//2 3664//2
f 3664//2 3714//2 3715//2 3665//2
f 3665//2 3715//2 3716//2 3666//2
f 3666//2 3716//2 3717//2 3667//2
f 3667//2 3717//2 3718//2 3668//2
f 3668//2 3718//2 3719//2 3669//2
f 3669//2 3719//2 3720//2 3670//2
f 3670//2 3720//2 3721//2 3671//2
f 3671//2 3721//2 3722//2 3672//2
f 3672//2 3722//2 3723//2 3673//2
f 3673//2 3723//2 3724//2 3674//2
f 3674//2 3724//2 3725//2 3675//2
f 3675//2 3725//2 3726//2 3676//2
f 3676//2 3726//2 3727//2 3677//2
f 3677//2 3727//2 3728//2 3678//2
f 3678//2 3728//2 3729//2 3679//2
f 3679//2 3729//2 3730//2 3680//2
f 3680//2 3730//2 3731//2 3681//2
f 3681//2 3731//2 3732//2 3682//2
f 3682//2 3732//2 3733//2 3683//2
f 3683//2 3733//2 3734//2 3684//2
f 3684//2 3734//2 3735//2 3685//2
f 3685//2 3735//2 3736//2 3686//2
f 3686//2 3736//2 3737//2 3687//2
f 3687//2 3737//2 3738//2 3688//2
f 3688//2 3738//2 3739//2 3689//2
f 3689//2 3739//2 3740//2 3690//2
f 3690//2 3740//2 3741//2 3691//2
f 3691//2 3741//2 3742//2 3692//2
f 3692//2 3742//2 3743//2 3693//2
f 3693//2 3743//2 3744//2 3694//2
f 3694//2 3744//2 3745//2 3695//2
f 3695//2 3745//2 3746//2 3696//2
f 3696//2 3746//2 3747//2 3697//2
f 3697//2 3747//2 3748//2 3698//2
f 3698//2 3748//2 3749//2 3699//2
f 3699//2 3749//2 3750//2 3700//2
f 3701//2 3751//2 3752//2 3702//2
f 3702//2 3752//2 3753//2 3703//2
f 3703//2 3753//2 3754//2 3704//2
f 3704//2 3754//2 3755//2 3705//2
f 3705//2 3755//2 3756//2 3706//2
f 3706//2 3756//2 3757//2 3707//2
f 3707//2 3757//2 3758//2 3708//2
f 3708//2 3758//2 3759//2 3709//2
f 3709//2 3759//2 3760//2 3710//2
f 3710//2 3760//2 3761//2 3711//2
f 3711//2 3761//2 3762//2 3712//2
f 3712//2 3762//2 3763//2 3713//2
f 3713//2 3763//2 3764//2 3714//2
f 3714//2 3764//2 3765//2 3715//2
f 3715//2 3765//2 3766//2 3716//2
f 3716//2 3766//2 3767//2 3717//2
f 3717//2 3767//2 3768//2 3718//2
f 3718//2 3768//2 3769//2 3719//2
f 3719//2 3769//2 3770//2 3720//2
f 3720//2 3770//2 3771//2 3721//2
f 3721//2 3771//2 3772//2 3722//2
f 3722//2 3772//2 3773//2 3723//2
f 3723//2 3773//2 3774//2 3724//2
f 3724//2 3774//2 3775//2 3725//2
f 3725//2 3775//2 3776//2 3726//2
f 3726//2 3776//2 3777//2 3727//2
f 3727//2 3777//2 3778//2 3728//2
f 3728//2 3778//2 3779//2 3729//2
f 3729//2 3779//2 3780//2 3730//2
f 3730//2 3780//2 3781//2 3731//2
f 3731//2 3781//2 3782//2 3732//2
f 3732//2 3782//2 3783//2 3733//2
f 3733//2 3783//2 3784//2 3734//2
f 3734//2 3784//2 3785//2 3735//2
f 3735//2 3785//2 3786//2 3736//2
f 3736//2 3786//2 3787//2 3737//2
f 3737//2 3787//2 3788//2 3738//2
f 3738//2 3788//2 3789//2 3739//2
f 3739//2 3789//2 3790//2 3740//2
f 3740//2 3790//2 3791//2 3741//2
f 3741//2 3791//2 3792//2 3742//2
f 3742//2 3792//2 3793//2 3743//2
f 3743//2 3793//2 3794//2 3744//2
f 3744//2 3794//2 3795//2 3745//2
f 3745//2 3795//2 3796//2 3746//2
f 3746//2 3796//2 3797//2 3747//2
f 3747//2 3797//2 3798//2 3748//2
f 3748//2 3798//2 3799//2 3749//2
f 3749//2 3799//2 3800//2 3750//2
f 3751//2 3801//2 3802//2 3752//2
f 3752//2 3802//2 3803//2 3753//2
f 3753//2 3803//2 3804//2 3754//2
f 3754//2 3804//2 3805//2 3755//2
f 3755//2 3805//2 3806//2 3756//2
f 3756//2 3806//2 3807//2 3757//2
f 3757//2 3807//2 3808//2 3758//2
f 3758//2 3808//2 3809//2 3759//2
f 3759//2 3809//2 3810//2 3760//2
f 3760//2 3810//2 3811//2 3761//2
f 3761//2 3811//2 3812//2 3762//2
f 3762//2 3812//2 3813//2 3763//2
f 3763//2 3813//2 3814//2 3764//2
f 3764//2 3814//2 3815//2 3765//2
f 3765//2 3815//2 3816//2 3766//2
f 3766//2 3816//2 3817//2 3767//2
f 3767//2 3817//2 3818//2 3768//2
f 3768//2 3818//2 3819//2 3769//2
f 3769//2 3819//2 3820//2 3770//2
f 3770//2 3820//2 3821//2 3771//2
f 3771//2 3821//2 3822//2 3772//2
f 3772//2 3822//2 3823//2 3773//2
f 3773//2 3823//2 3824//2 3774//2
f 3774//2 3824//2 3825//2 3775//2
f 3775//2 3825//2 3826//2 3776//2
f 3776//2 3826//2 3827//2 3777//2
f 3777//2 3827//2 3828//2 3778//2
f 3778//2 3828//2 3829//2 3779//2
f 3779//2 3829//2 3830//2 3780//2
f 3780//2 3830//2 3831//2 3781//2
f 3781//2 3831//2 3832//2 3782//2
f 3782//2 3832//2 3833//2 3783//2
f 3783//2 3833//2 3834//2 3784//2
f 3784//2 3834//2 3835//2 3785//2
f 3785//2 3835//2 3836//2 3786//2
f 3786//2 3836//2 3837//2 3787//2
f 3787//2 3837//2 3838//2 3788//2
f 3788//2 3838//2 3839//2 3789//2
f 3789//2 3839//2 3840//2 3790//2
f 3790//2 3840//2 3841//2 3791//2
f 3791//2 3841//2 3842//2 3792//2
f 3792//2 3842//2 3843//2 3793//2
f 3793//2 3843//2 3844//2 3794//2
f 3794//2 3844//2 3845//2 3795//2
f 3795//2 3845//2 3846//2 3796//2
f 3796//2 3846//2 3847//2 3797//2
f 3797//2 3847//2 3848//2 3798//2
f 3798//2 3848//2 3849//2 3799//2
f 3799//2 3849//2 3850//2 3800//2
f 3801//2 3851//2 3852//2 3802//2
f 3802//2 3852//2 3853//2 3803//2
f 3803//2 3853//2 3854//2 3804//2
f 3804//2 3854//2 3855//2 3805//2
f 3805//2 3855//2 3856//2 3806//2
f 3806//2 3856//2 3857//2 3807//2
f 3807//2 3857//2 3858//2 3808//2
f 3808//2 3858//2 3859//2 3809//2
f 3809//2 3859//2 3860//2 3810//2
f 3810//2 3860//2 3861//2 3811//2
f 3811//2 3861//2 3862//2 3812//2
f 3812//2 3862//2 3863//2 3813//2
f 3813//2 3863//2 3864//2 3814//2
f 3814//2 3864//2 3865//2 3815//2
f 3815//2 3865//2 3866//2 3816//2
f 3816//2 3866//2 3867//2 3817//2
f 3817//2 3867//2 3868//2 3818//2
f 3818//2 3868//2 3869//2 3819//2
f 3819//2 3869//2 3870//2 3820//2
f 3820//2 3870//2 3871//2 3821//2
f 3821//2 3871//2 3872//2 3822//2
f 3822//2 3872//2 3873//2 3823//2
f 3823//2 3873//2 3874//2 3824//2
f 3824//2 3874//2 3875//2 3825//2
f 3825//2 3875//2 3876//2 3826//2
f 3826//2 3876//2 3877//2 3827//2
f 3827//2 3877//2 3878//2 3828//2
f 3828//2 3878//2 3879//2 3829//2
f 3829//2 3879//2 3880//2 3830//2
f 3830//2 3880//2 3881//2 3831//2
f 3831//2 3881//2 3882//2 3832//2
f 3832//2 3882//2 3883//2 3833//2
f 3833//2 3883//2 3884//2 3834//2
f 3834//2 3884//2 3885//2 3835//2
f 3835//2 3885//2 3886//2 3836//2
f 3836//2 3886//2 3887//2 3837//2
f 3837//2 3887//2 3888//2 3838//2
f 3838//2 3888//2 3889//2 3839//2
f 3839//2 3889//2 3890//2 3840//2
f 3840//2 3890//2 3891//2 3841//2
f 3841//2 3891//2 3892//2 3842//2
f 3842//2 3892//2 3893//2 3843//2
f 3843//2 3893//2 3894//2 3844//2
f 3844//2 3894//2 3895//2 3845//2
f 3845//2 3895//2 3896//2 3846//2
f 3846//2 3896//2 3897//2 3847//2
f 3847//2 3897//2 3898//2 3848//2
f 3848//2 3898//2 3899//2 3849//2
f 3849//2 3899//2 3900//2 3850//2
f 3851//2 3901//2 3902//2 3852//2
f 3852//2 3902//2 3903//2 3853//2
f 3853//2 3903//2 3904//2 3854//2
f 3854//2 3904//2 3905//2 3855//2
f 3855//2 3905//2 3906//2 3856//2
f 3856//2 3906//2 3907//2 3857//2
f 3857//2 3907//2 3908//2 3858//2
f 3858//2 3908//2 3909//2 3859//2
f 3859//2 3909//2 3910//2 3860//2
f 3860//2 3910//2 3911//2 3861//2
f 3861//2 3911//2 3912//2 3862//2
f 3862//2 3912//2 3913//2 3863//2
f 3863//2 3913//2 3914//2 3864//2
f 3864//2 3914//2 3915//2 3865//2
f 3865//2 3915//2 3916//2 3866//2
f 3866//2 3916//2 3917//2 3867//2
f 3867//2 3917//2 3918//2 3868//2
f 3868//2 3918//2 3919//2 3869//2
f 3869//2 3919//2 3920//2 3870//2
f 3870//2 3920//2 3921//2 3871//2
f 3871//2 3921//2 3922//2 3872//2
f 3872//2 3922//2 3923//2 3873//2
f 3873//2 3923//2 3924//2 3874//2
f 3874//2 3924//2 3925//2 3875//2
f 3875//2 3925//2 3926//2 3876//2
f 3876//2 3926//2 3927//2 3877//2
f 3877//2 3927//2 3928//2 3878//2
f 3878//2 3928//2 3929//2 3879//2
f 3879//2 3929//2 3930//2 3880//2
f 3880//2 3930//2 3931//2 3881//2
f 3881//2 3931//2 3932//2 3882//2
f 3882//2 3932//2 3933//2 3883//2
f 3883//2 3933//2 3934//2 3884//2
f 3884//2 3934//2 3935//2 3885//2
f 3885//2 3935//2 3936//2 3886//2
f 3886//2 3936//2 3937//2 3887//2
f 3887//2 3937//2 3938//2 3888//2
f 3888//2 3938//2 3939//2 3889//2
f 3889//2 3939//2 3940//2 3890//2
f 3890//2 3940//2 3941//2 3891//2
f 3891//2 3941//2 3942//2 3892//2
f 3892//2 3942//2 3943//2 3893//2
f 3893//2 3943//2 3944//2 3894//2
f 3894//2 3944//2 3945//2 3895//2
f 3895//2 3945//2 3946//2 3896//2
f 3896//2 3946//2 3947//2 3897//2
f 3897//2 3947//2 3948//2 3898//2
f 3898//2 3948//2 3949//2 3899//2
f 3899//2 3949//2 3950//2 3900//2
f 3901//2 3951//2 3952//2 3902//2
f 3902//2 3952//2 3953//2 3903//2
f 3903//2 3953//2 3954//2 3904//2
f 3904//2 3954//2 3955//2 3905//2
f 3905//2 3955//2 3956//2 3906//2
f 3906//2 3956//2 3957//2 3907//2
f 3907//2 3957//2 3958//2 3908//2
f 3908//2 3958//2 3959//2 3909//2
f 3909//2 3959//2 3960//2 3910//2
f 3910//2 3960//2 3961//2 3911//2
f 3911//2 3961//2 3962//2 3912//2
f 3912//2 3962//2 3963//2 3913//2
f 3913//2 3963//2 3964//2 3914//2
f 3914//2 3964//2 3965//2 3915//2
f 3915//2 3965//2 3966//2 3916//2
f 3916//2 3966//2 3967//2 3917//2
f 3917//2 3967//2 3968//2 3918//2
f 3918//2 3968//2 3969//2 3919//2
f 3919//2 3969//2 3970//2 3920//2
f 3920//2 3970//2 3971//2 3921//2
f 3921//2 3971//2 3972//2 3922//2
f 3922//2 3972//2 3973//2 3923//2
f 3923//2 3973//2 3974//2 3924//2
f 3924//2 3974//2 3975//2 3925//2
f 3925//2 3975//2 3976//2 3926//2
f 3926//2 3976//2 3977//2 3927//2
f 3927//2 3977//2 3978//2 3928//2
f 3928//2 3978//2 3979//2 3929//2
f 3929//2 3979//2 3980//2 3930//2
f 3930//2 3980//2 3981//2 3931//2
f 3931//2 3981//2 3982//2 3932//2
f 3932//2 3982//2 3983//2 3933//2
f 3933//2 3983//2 3984//2 3934//2
f 3934//2 3984//2 3985//2 3935//2
f 3935//2 3985//2 3986//2 3936//2
f 3936//2 3986//2 3987//2 3937//2
f 3937//2 3987//2 3988//2 3938//2
f 3938//2 3988//2 3989//2 3939//2
f 3939//2 3989//2 3990//2 3940//2
f 3940//2 3990//2 3991//2 3941//2
f 3941//2 3991//2 3992//2 3942//2
f 3942//2 3992//2 3993//2 3943//2
f 3943//2 3993//2 3994//2 3944//2
f 3944//2 3994//2 3995//2 3945//2
f 3945//2 3995//2 3996//2 3946//2
f 3946//2 3996//2 3997//2 3947//2
f 3947//2 3997//2 3998//2 3948//2
f 3948//2 3998//2 3999//2 3949//2
f 3949//2 3999//2 4000//2 3950//2
f 3951//2 4001//2 4002//2 3952//2
f 3952//2 4002//2 4003//2 3953//2
f 3953//2 4003//2 4004//2 3954//2
f 3954//2 4004//2 4005//2 3955//2
f 3955//2 4005//2 4006//2 3956//2
f 3956//2 4006//2 4007//2 3957//2
f 3957//2 4007//2 4008//2 3958//2
f 3958//2 4008//2 4009//2 3959//2
f 3959//2 4009//2 4010//2 3960//2
f 3960//2 4010//2 4011//2 3961//2
f 3961//2 4011//2 4012//2 3962//2
f 3962//2 4012//2 4013//2 3963//2
f 3963//2 4013//2 4014//2 3964//2
f 3964//2 4014//2 4015//2 3965//2
f 3965//2 4015//2 4016//2 3966//2
f 3966//2 4016//2 4017//2 3967//2
f 3967//2 4017//2 4018//2 3968//2
f 3968//2 4018//2 4019//2 3969//2
f 3969//2 4019//2 4020//2 3970//2
f 3970//2 4020//2 4021//2 3971//2
f 3971//2 4021//2 4022//2 3972//2
f 3972//2 4022//2 4023//2 3973//2
f 3973//2 4023//2 4024//2 3974//2
f 3974//2 4024//2 4025//2 3975//2
f 3975//2 4025//2 4026//2 3976//2
f 3976//2 4026//2 4027//2 3977//2
f 3977//2 4027//2 4028//2 3978//2
f 3978//2 4028//2 4029//2 3979//2
f 3979//2 4029//2 4030//2 3980//2
f 3980//2 4030//2 4031//2 3981//2
f 3981//2 4031//2 4032//2 3982//2
f 3982//2 4032//2 4033//2 3983//2
f 3983//2 4033//2 4034//2 3984//2
f 3984//2 4034//2 4035//2 3985//2
f 3985//2 4035//2 4036//2 3986//2
f 3986//2 4036//2 4037//2 3987//2
f 3987//2 4037//2 4038//2 3988//2
f 3988//2 4038//2 4039//2 3989//2
f 3989//2 4039//2 4040//2 3990//2
f 3990//2 4040//2 4041//2 3991//2
f 3991//2 4041//2 4042//2 3992//2
f 3992//2 4042//2 4043//2 3993//2
f 3993//2 4043//2 4044//2 3994//2
f 3994//2 4044//2 4045//2 3995//2
f 3995//2 4045//2 4046//2 3996//2
f 3996//2 4046//2 4047//2 3997//2
f 3997//2 4047//2 4048//2 3998//2
f 3998//2 4048//2 4049//2 3999//2
f 3999//2 4049//2 4050//2 4000//2
f 4001//2 4051//2 4052//2 4002//2
f 4002//2 4052//2 4053//2 4003//2
f 4003//2 4053//2 4054//2 4004//2
f 4004//2 4054//2 4055//2 4005//2
f 4005//2 4055//2 4056//2 4006//2
f 4006//2 4056//2 4057//2 4007//2
f 4007//2 4057//2 4058//2 4008//2
f 4008//2 4058//2 4059//2 4009//2
f 4009//2 4059//2 4060//2 4010//2
f 4010//2 4060//2 4061//2 4011//2
f 4011//2 4061//2 4062//2 4012//2
f 4012//2 4062//2 4063//2 4013//2
f 4013//2 4063//2 4064//2 4014//2
f 4014//2 4064//2 4065//2 4015//2
f 4015//2 4065//2 4066//2 4016//2
f 4016//2 4066//2 4067//2 4017//2
f 4017//2 4067//2 4068//2 4018//2
f 4018//2 4068//2 4069//2 4019//2
f 4019//2 4069//2 4070//2 4020//2
f 4020//2 4070//2 4071//2 4021//2
f 4021//2 4071//2 4072//2 4022//2
f 4022//2 4072//2 4073//2 4023//2
f 4023//2 4073//2 4074//2 4024//2
f 4024//2 4074//2 4075//2 4025//2
f 4025//2 4075//2 4076//2 4026//2
f 4026//2 4076//2 4077//2 4027//2
f 4027//2 4077//2 4078//2 4028//2
f 4028//2 4078//2 4079//2 4029//2
f 4029//2 4079//2 4080//2 4030//2
f 4030//2 4080//2 4081//2 4031//2
f 4031//2 4081//2 4082//2 4032//2
f 4032//2 4082//2 4083//2 4033//2
f 4033//2 4083//2 4084//2 4034//2
f 4034//2 4084//2 4085//2 4035//2
f 4035//2 4085//2 4086//2 4036//2
f 4036//2 4086//2 4087//2 4037//2
f 4037//2 4087//2 4088//2 4038//2
f 4038//2 4088//2 4089//2 4039//2
f 4039//2 4089//2 4090//2 4040//2
f 4040//2 4090//2 4091//2 4041//2
f 4041//2 4091//2 4092//2 4042//2
f 4042//2 4092//2 4093//2 4043//2
f 4043//2 4093//2 4094//2 4044//2
f 4044//2 4094//2 4095//2 4045//2
f 4045//2 4095//2 4096//2 4046//2
f 4046//2 4096//2 4097//2 4047//2
f 4047//2 4097//2 4098//2 4048//2
f 4048//2 4098//2 4099//2 4049//2
f 4049//2 4099//2 4100//2 4050//2
f 4051//2 4101//2 4102//2 4052//2
f 4052//2 4102//2 4103//2 4053//2
f 4053//2 4103//2 4104//2 4054//2
f 4054//2 4104//2 4105//2 4055//2
f 4055//2 4105//2 4106//2 4056//2
f 4056//2 4106//2 4107//2 4057//2
f 4057//2 4107//2 4108//2 4058//2
f 4058//2 4108//2 4109//2 4059//2
f 4059//2 4109//2 4110//2 4060//2
f 4060//2 4110//2 4111//2 4061//2
f 4061//2 4111//2 4112//2 4062//2
f 4062//2 4112//2 4113//2 4063//2
f 4063//2 4113//2 4114//2 4064//2
f 4064//2 4114//2 4115//2 4065//2
f 4065//2 4115//2 4116//2 4066//2
f 4066//2 4116//2 4117//2 4067//2
f 4067//2 4117//2 4118//2 4068//2
f 4068//2 4118//2 4119//2 4069//2
f 4069//2 4119//2 4120//2 4070//2
f 4070//2 4120//2 4121//2 4071//2
f 4071//2 4121//2 4122//2 4072//2
f 4072//2 4122//2 4123//2 4073//2
f 4073//2 4123//2 4124//2 4074//2
f 4074//2 4124//2 4125//2 4075//2
f 4075//2 4125//2 4126//2 4076//2
f 4076//2 4126//2 4127//2 4077//2
f 4077//2 4127//2 4128//2 4078//2
f 4078//2 4128//2 4129//2 4079//2
f 4079//2 4129//2 4130//2 4080//2
f 4080//2 4130//2 4131//2 4081//2
f 4081//2 4131//2 4132//2 4082//2
f 4082//2 4132//2 4133//2 4083//2
f 4083//2 4133//2 4134//2 4084//2
f 4084//2 4134//2 4135//2 4085//2
f 4085//2 4135//2 4136//2 4086//2
f 4086//2 4136//2 4137//2 4087//2
f 4087//2 4137//2 4138//2 4088//2
f 4088//2 4138//2 4139//2 4089//2
f 4089//2 4139//2 4140//2 4090//2
f 4090//2 4140//2 4141//2 4091//2
f 4091//2 4141//2 4142//2 4092//2
f 4092//2 4142//2 4143//2 4093//2
f 4093//2 4143//2 4144//2 4094//2
f 4094//2 4144//2 4145//2 4095//2
f 4095//2 4145//2 4146//2 4096//2
f 4096//2 4146//2 4147//2 4097//2
f 4097//2 4147//2 4148//2 4098//2
f 4098//2 4148//2 4149//2 4099//2
f 4099//2 4149//2 4150//2 4100//2
f 4101//2 4151//2 4152//2 4102//2
f 4102//2 4152//2 4153//2 4103//2
f 4103//2 4153//2 4154//2 4104//2
f 4104//2 4154//2 4155//2 4105//2
f 4105//2 4155//2 4156//2 4106//2
f 4106//2 4156//2 4157//2 4107//2
f 4107//2 4157//2 4158//2 4108//2
f 4108//2 4158//2 4159//2 4109//2
f 4109//2 4159//2 4160//2 4110//2
f 4110//2 4160//2 4161//2 4111//2
f 4111//2 4161//2 4162//2 4112//2
f 4112//2 4162//2 4163//2 4113//2
f 4113//2 4163//2 4164//2 4114//2
f 4114//2 4164//2 4165//2 4115//2
f 4115//2 4165//2 4166//2 4116//2
f 4116//2 4166//2 4167//2 4117//2
f 4117//2 4167//2 4168//2 4118//2
f 4118//2 4168//2 4169//2 4119//2
f 4119//2 4169//2 4170//2 4120//2
f 4120//2 4170//2 4171//2 4121//2
f 4121//2 4171//2 4172//2 4122//2
f 4122//2 4172//2 4173//2 4123//2
f 4123//2 4173//2 4174//2 4124//2
f 4124//2 4174//2 4175//2 4125//2
f 4125//2 4175//2 4176//2 4126//2
f 4126//2 4176//2 4177//2 4127//2
f 4127//2 4177//2 4178//2 4128//2
f 4128//2 4178//2 4179//2 4129//2
f 4129//2 4179//2 4180//2 4130//2
f 4130//2 4180//2 4181//2 4131//2
f 4131//2 4181//2 4182//2 4132//2
f 4132//2 4182//2 4183//2 4133//2
f 4133//2 4183//2 4184//2 4134//2
f 4134//2 4184//2 4185//2 4135//2
f 4135//2 4185//2 4186//2 4136//2
f 4136//2 4186//2 4187//2 4137//2
f 4137//2 4187//2 4188//2 4138//2
f 4138//2 4188//2 4189//2 4139//2
f 4139//2 4189//2 4190//2 4140//2
f 4140//2 4190//2 4191//2 4141//2
f 4141//2 4191//2 4192//2 4142//2
f 4142//2 4192//2 4193//2 4143//2
f 4143//2 4193//2 4194//2 4144//2
f 4144//2 4194//2 4195//2 4145//2
f 4145//2 4195//2 4196//2 4146//2
f 4146//2 4196//2 4197//2 4147//2
f 4147//2 4197//2 4198//2 4148//2
f 4148//2 4198//2 4199//2 4149//2
f 4149//2 4199//2 4200//2 4150//2
f 4151//2 4201//2 4202//2 4152//2
f 4152//2 4202//2 4203//2 4153//2
f 4153//2 4203//2 4204//2 4154//2
f 4154//2 4204//2 4205//2 4155//2
f 4155//2 4205//2 4206//2 4156//2
f 4156//2 4206//2 4207//2 4157//2
f 4157//2 4207//2 4208//2 4158//2
f 4158//2 4208//2 4209//2 4159//2
f 4159//2 4209//2 4210//2 4160//2
f 4160//2 4210//2 4211//2 4161//2
f 4161//2 4211//2 4212//2 4162//2
f 4162//2 4212//2 4213//2 4163//2
f 4163//2 4213//2 4214//2 4164//2
f 4164//2 4214//2 4215//2 4165//2
f 4165//2 4215//2 4216//2 4166//2
f 4166//2 4216//2 4217//2 4167//2
f 4167//2 4217//2 4218//2 4168//2
f 4168//2 4218//2 4219//2 4169//2
f 4169//2 4219//2 4220//2 4170//2
f 4170//2 4220//2 4221//2 4171//2
f 4171//2 4221//2 4222//2 4172//2
f 4172//2 4222//2 4223//2 4173//2
f 4173//2 4223//2 4224//2 4174//2
f 4174//2 4224//2 4225//2 4175//2
f 4175//2 4225//2 4226//2 4176//2
f 4176//2 4226//2 4227//2 4177//2
f 4177//2 4227//2 4228//2 4178//2
f 4178//2 4228//2 4229//2 4179//2
f 4179//2 4229//2 4230//2 4180//2
f 4180//2 4230//2 4231//2 4181//2
f 4181//2 4231//2 4232//2 4182//2
f 4182//2 4232//2 4233//2 4183//2
f 4183//2 4233//2 4234//2 4184//2
f 4184//2 4234//2 4235//2 4185//2
f 4185//2 4235//2 4236//2 4186//2
f 4186//2 4236//2 4237//2 4187//2
f 4187//2 4237//2 4238//2 4188//2
f 4188//2 4238//2 4239//2 4189//2
f 4189//2 4239//2 4240//2 4190//2
f 4190//2 4240//2 4241//2 4191//2
f 4191//2 4241//2 4242//2 4192//2
f 4192//2 4242//2 4243//2 4193//2
f 4193//2 4243//2 4244//2 4194//2
f 4194//2 4244//2 4245//2 4195//2
f 4195//2 4245//2 4246//2 4196//2
f 4196//2 4246//2 4247//2 4197//2
f 4197//2 4247//2 4248//2 4198//2
f 4198//2 4248//2 4249//2 4199//2
f 4199//2 4249//2 4250//2 4200//2
f 4201//2 4251//2 4252//2 4202//2
f 4202//2 4252//2 4253//2 4203//2
f 4203//2 4253//2 4254//2 4204//2
f 4204//2 4254//2 4255//2 4205//2
f 4205//2 4255//2 4256//2 4206//2
f 4206//2 4256//2 4257//2 4207//2
f 4207//2 4257//2 4258//2 4208//2
f 4208//2 4258//2 4259//2 4209//2
f 4209//2 4259//2 4260//2 4210//2
f 4210//2 4260//2 4261//2 4211//2
f 4211//2 4261//2 4262//2 4212//2
f 4212//2 4262//2 4263//2 4213//2
f 4213//2 4263//2 4264//2 4214//2
f 4214//2 4264//2 4265//2 4215//2
f 4215//2 4265//2 4266//2 4216//2
f 4216//2 4266//2 4267//2 4217//2
f 4217//2 4267//2 4268//2 4218//2
f 4218//2 4268//2 4269//2 4219//2
f 4219//2 4269//2 4270//2 4220//2
f 4220//2 4270//2 4271//2 4221//2
f 4221//2 4271//2 4272//2 4222//2
f 4222//2 4272//2 4273//2 4223//2
f 4223//2 4273//2 4274//2 4224//2
f 4224//2 4274//2 4275//2 4225//2
f 4225//2 4275//2 4276//2 4226//2
f 4226//2 4276//2 4277//2 4227//2
f 4227//2 4277//2 4278//2 4228//2
f 4228//2 4278//2 4279//2 4229//2
f 4229//2 4279//2 4280//2 4230//2
f 4230//2 4280//2 4281//2 4231//2
f 4231//2 4281//2 4282//2 4232//2
f 4232//2 4282//2 4283//2 4233//2
f 4233//2 4283//2 4284//2 4234//2
f 4234//2 4284//2 4285//2 4235//2
f 4235//2 4285//2 4286//2 4236//2
f 4236//2 4286//2 4287//2 4237//2
f 4237//2 4287//2 4288//2 4238//2
f 4238//2 4288//2 4289//2 4239//2
f 4239//2 4289//2 4290//2 4240//2
f 4240//2 4290//2 4291//2 4241//2
f 4241//2 4291//2 4292//2 4242//2
f 4242//2 4292//2 4293//2 4243//2
f 4243//2 4293//2 4294//2 4244//2
f 4244//2 4294//2 4295//2 4245//2
f 4245//2 4295//2 4296//2 4246//2
f 4246//2 4296//2 4297//2 4247//2
f 4247//2 4297//2 4298//2 4248//2
f 4248//2 4298//2 4299//2 4249//2
f 4249//2 4299//2 4300//2 4250//2
f 4251//2 4301//2 4302//2 4252//2
f 4252//2 4302//2 4303//2 4253//2
f 4253//2 4303//2 4304//2 4254//2
f 4254//2 4304//2 4305//2 4255//2
f 4255//2 4305//2 4306//2 4256//2
f 4256//2 4306//2 4307//2 4257//2
f 4257//2 4307//2 4308//2 4258//2
f 4258//2 4308//2 4309//2 4259//2
f 4259//2 4309//2 4310//2 4260//2
f 4260//2 4310//2 4311//2 4261//2
f 4261//2 4311//2 4312//2 4262//2
f 4262//2 4312//2 4313//2 4263//2
f 4263//2 4313//2 4314//2 4264//2
f 4264//2 4314//2 4315//2 4265//2
f 4265//2 4315//2 4316//2 4266//2
f 4266//2 4316//2 4317//2 4267//2
f 4267//2 4317//2 4318//2 4268//2
f 4268//2 4318//2 4319//2 4269//2
f 4269//2 4319//2 4320//2 4270//2
f 4270//2 4320//2 4321//2 4271//2
f 4271//2 4321//2 4322//2 4272//2
f 4272//2 4322//2 4323//2 4273//2
f 4273//2 4323//2 4324//2 4274//2
f 4274//2 4324//2 4325//2 4275//2
f 4275//2 4325//2 4326//2 4276//2
f 4276//2 4326//2 4327//2 4277//2
f 4277//2 4327//2 4328//2 4278//2
f 4278//2 4328//2 4329//2 4279//2
f 4279//2 4329//2 4330//2 4280//2
f 4280//2 4330//2 4331//2 4281//2
f 4281//2 4331//2 4332//2 4282//2
f 4282//2 4332//2 4333//2 4283//2
f 4283//2 4333//2 4334//2 4284//2
f 4284//2 4334//2 4335//2 4285//2
f 4285//2 4335//2 4336//2 4286//2
f 4286//2 4336//2 4337//2 4287//2
f 4287//2 4337//2 4338//2 4288//2
f 4288//2 4338//2 4339//2 4289//2
f 4289//2 4339//2 4340//2 4290//2
f 4290//2 4340//2 4341//2 4291//2
f 4291//2 4341//2 4342//2 4292//2
f 4292//2 4342//2 4343//2 4293//2
f 4293//2 4343//2 4344//2 4294//2
f 4294//2 4344//2 4345//2 4295//2
f 4295//2 4345//2 4346//2 4296//2
f 4296//2 4346//2 4347//2 4297//2
f 4297//2 4347//2 4348//2 4298//2
f 4298//2 4348//2 4349//2 4299//2
f 4299//2 4349//2 4350//2 4300//2
f 4301//2 4351//2 4352//2 4302//2
f 4302//2 4352//2 4353//2 4303//2
f 4303//2 4353//2 4354//2 4304//2
f 4304//2 4354//2 4355//2 4305//2
f 4305//2 4355//2 4356//2 4306//2
f 4306//2 4356//2 4357//2 4307//2
f 4307//2 4357//2 4358//2 4308//2
f 4308//2 4358//2 4359//2 4309//2
f 4309//2 4359//2 4360//2 4310//2
f 4310//2 4360//2 4361//2 4311//2
f 4311//2 4361//2 4362//2 4312//2
f 4312//2 4362//2 4363//2 4313//2
f 4313//2 4363//2 4364//2 4314//2
f 4314//2 4364//2 4365//2 4315//2
f 4315//2 4365//2 4366//2 4316//2
f 4316//2 4366//2 4367//2 4317//2
f 4317//2 4367//2 4368//2 4318//2
f 4318//2 4368//2 4369//2 4319//2
f 4319//2 4369//2 4370//2 4320//2
f 4320//2 4370//2 4371//2 4321//2
f 4321//2 4371//2 4372//2 4322//2
f 4322//2 4372//2 4373//2 4323//2
f 4323//2 4373//2 4374//2 4324//2
f 4324//2 4374//2 4375//2 4325//2
f 4325//2 4375//2 4376//2 4326//2
f 4326//2 4376//2 4377//2 4327//2
f 4327//2 4377//2 4378//2 4328//2
f 4328//2 4378//2 4379//2 4329//2
f 4329//2 4379//2 4380//2 4330//2
f 4330//2 4380//2 4381//2 4331//2
f 4331//2 4381//2 4382//2 4332//2
f 4332//2 4382//2 4383//2 4333//2
f 4333//2 4383//2 4384//2 4334//2
f 4334//2 4384//2 4385//2 4335//2
f 4335//2 4385//2 4386//2 4336//2
f 4336//2 4386//2 4387//2 4337//2
f 4337//2 4387//2 4388//2 4338//2
f 4338//2 4388//2 4389//2 4339//2
f 4339//2 4389//2 4390//2 4340//2
f 4340//2 4390//2 4391//2 4341//2
f 4341//2 4391//2 4392//2 4342//2
f 4342//2 4392//2 4393//2 4343//2
f 4343//2 4393//2 4394//2 4344//2
f 4344//2 4394//2 4395//2 4345//2
f 4345//2 4395//2 4396//2 4346//2
f 4346//2 4396//2 4397//2 4347//2
f 4347//2 4397//2 4398//2 4348//2
f 4348//2 4398//2 4399//2 4349//2
f 4349//2 4399//2 4400//2 4350//2
f 4351//2 4401//2 4402//2 4352//2
f 4352//2 4402//2 4403//2 4353//2
f 4353//2 4403//2 4404//2 4354//2
f 4354//2 4404//2 4405//2 4355//2
f 4355//2 4405//2 4406//2 4356//2
f 4356//2 4406//2 4407//2 4357//2
f 4357//2 4407//2 4408//2 4358//2
f 4358//2 4408//2 4409//2 4359//2
f 4359//2 4409//2 4410//2 4360//2
f 4360//2 4410//2 4411//2 4361//2
f 4361//2 4411//2 4412//2 4362//2
f 4362//2 4412//2 4413//2 4363//2
f 4363//2 4413//2 4414//2 4364//2
f 4364//2 4414//2 4415//2 4365//2
f 4365//2 4415//2 4416//2 4366//2
f 4366//2 4416//2 4417//2 4367//2
f 4367//2 4417//2 4418//2 4368//2
f 4368//2 4418//2 4419//2 4369//2
f 4369//2 4419//2 4420//2 4370//2
f 4370//2 4420//2 4421//2 4371//2
f 4371//2 4421//2 4422//2 4372//2
f 4372//2 4422//2 4423//2 4373//2
f 4373//2 4423//2 4424//2 4374//2
f 4374//2 4424//2 4425//2 4375//2
f 4375//2 4425//2 4426//2 4376//2
f 4376//2 4426//2 4427//2 4377//2
f 4377//2 4427//2 4428//2 4378//2
f 4378//2 4428//2 4429//2 4379//2
f 4379//2 4429//2 4430//2 4380//2
f 4380//2 4430//2 4431//2 4381//2
f 4381//2 4431//2 4432//2 4382//2
f 4382//2 4432//2 4433//2 4383//2
f 4383//2 4433//2 4434//2 4384//2
f 4384//2 4434//2 4435//2 4385//2
f 4385//2 4435//2 4436//2 4386//2
f 4386//2 4436//2 4437//2 4387//2
f 4387//2 4437//2 4438//2 4388//2
f 4388//2 4438//2 4439//2 4389//2
f 4389//2 4439//2 4440//2 4390//2
f 4390//2 4440//2 4441//2 4391//2
f 4391//2 4441//2 4442//2 4392//2
f 4392//2 4442//2 4443//2 4393//2
f 4393//2 4443//2 4444//2 4394//2
f 4394//2 4444//2 4445//2 4395//2
f 4395//2 4445//2 4446//2 4396//2
f 4396//2 4446//2 4447//2 4397//2
f 4397//2 4447//2 4448//2 4398//2
f 4398//2 4448//2 4449//2 4399//2
f 4399//2 4449//2 4450//2 4400//2
f 4401//2 4451//2 4452//2 4402//2
f 4402//2 4452//2 4453//2 4403//2
f 4403//2 4453//2 4454//2 4404//2
f 4404//2 4454//2 4455//2 4405//2
f 4405//2 4455//2 4456//2 4406//2
f 4406//2 4456//2 4457//2 4407//2
f 4407//2 4457//2 4458//2 4408//2
f 4408//2 4458//2 4459//2 4409//2
f 4409//2 4459//2 4460//2 4410//2
f 4410//2 4460//2 4461//2 4411//2
f 4411//2 4461//2 4462//2 4412//2
f 4412//2 4462//2 4463//2 4413//2
f 4413//2 4463//2 4464//2 4414//2
f 4414//2 4464//2 4465//2 4415//2
f 4415//2 4465//2 4466//2 4416//2
f 4416//2 4466//2 4467//2 4417//2
f 4417//2 4467//2 4468//2 4418//2
f 4418//2 4468//2 4469//2 4419//2
f 4419//2 4469//2 4470//2 4420//2
f 4420//2 4470//2 4471//2 4421//2
f 4421//2 4471//2 4472//2 4422//2
f 4422//2 4472//2 4473//2 4423//2
f 4423//2 4473//2 4474//2 4424//2
f 4424//2 4474//2 4475//2 4425//2
f 4425//2 4475//2 4476//2 4426//2
f 4426//2 4476//2 4477//2 4427//2
f 4427//2 4477//2 4478//2 4428//2
f 4428//2 4478//2 4479//2 4429//2
f 4429//2 4479//2 4480//2 4430//2
f 4430//2 4480//2 4481//2 4431//2
f 4431//2 4481//2 4482//2 4432//2
f 4432//2 4482//2 4483//2 4433//2
f 4433//2 4483//2 4484//2 4434//2
f 4434//2 4484//2 4485//2 4435//2
f 4435//2 4485//2 4486//2 4436//2
f 4436//2 4486//2 4487//2 4437//2
f 4437//2 4487//2 4488//2 4438//2
f 4438//2 4488//2 4489//2 4439//2
f 4439//2 4489//2 4490//2 4440//2
f 4440//2 4490//2 4491//2 4441//2
f 4441//2 4491//2 4492//2 4442//2
f 4442//2 4492//2 4493//2 4443//2
f 4443//2 4493//2 4494//2 4444//2
f 4444//2 4494//2 4495//2 4445//2
f 4445//2 4495//2 4496//2 4446//2
f 4446//2 4496//2 4497//2 4447//2
f 4447//2 4497//2 4498//2 4448//2
f 4448//2 4498//2 4499//2 4449//2
f 4449//2 4499//2 4500//2 4450//2
f 4451//2 4501//2 4502//2 4452//2
f 4452//2 4502//2 4503//2 4453//2
f 4453//2 4503//2 4504//2 4454//2
f 4454//2 4504//2 4505//2 4455//2
f 4455//2 4505//2 4506//2 4456//2
f 4456//2 4506//2 4507//2 4457//2
f 4457//2 4507//2 4508//2 4458//2
f 4458//2 4508//2 4509//2 4459//2
f 4459//2 4509//2 4510//2 4460//2
f 4460//2 4510//2 4511//2 4461//2
f 4461//2 4511//2 4512//2 4462//2
f 4462//2 4512//2 4513//2 4463//2
f 4463//2 4513//2 4514//2 4464//2
f 4464//2 4514//2 4515//2 4465//2
f 4465//2 4515//2 4516//2 4466//2
f 4466//2 4516//2 4517//2 4467//2
f 4467//2 4517//2 4518//2 4468//2
f 4468//2 4518//2 4519//2 4469//2
f 4469//2 4519//2 4520//2 4470//2
f 4470//2 4520//2 4521//2 4471//2
f 4471//2 4521//2 4522//2 4472//2
f 4472//2 4522//2 4523//2 4473//2
f 4473//2 4523//2 4524//2 4474//2
f 4474//2 4524//2 4525//2 4475//2
f 4475//2 4525//2 4526//2 4476//2
f 4476//2 4526//2 4527//2 4477//2
f 4477//2 4527//2 4528//2 4478//2
f 4478//2 4528//2 4529//2 4479//2
f 4479//2 4529//2 4530//2 4480//2
f 4480//2 4530//2 4531//2 4481//2
f 4481//2 4531//2 4532//2 4482//2
f 4482//2 4532//2 4533//2 4483//2
f 4483//2 4533//2 4534//2 4484//2
f 4484//2 4534//2 4535//2 4485//2
f 4485//2 4535//2 4536//2 4486//2
f 4486//2 4536//2 4537//2 4487//2
f 4487//2 4537//2 4538//2 4488//2
f 4488//2 4538//2 4539//2 4489//2
f 4489//2 4539//2 4540//2 4490//2
f 4490//2 4540//2 4541//2 4491//2
f 4491//2 4541//2 4542//2 4492//2
f 4492//2 4542//2 4543//2 4493//2
f 4493//2 4543//2 4544//2 4494//2
f 4494//2 4544//2 4545//2 4495//2
f 4495//2 4545//2 4546//2 4496//2
f 4496//2 4546//2 4547//2 4497//2
f 4497//2 4547//2 4548//2 4498//2
f 4498//2 4548//2 4549//2 4499//2
f 4499//2 4549//2 4550//2 4500//2
f 4501//2 4551//2 4552//2 4502//2
f 4502//2 4552//2 4553//2 4503//2
f 4503//2 4553//2 4554//2 4504//2
f 4504//2 4554//2 4555//2 4505//2
f 4505//2 4555//2 4556//2 4506//2
f 4506//2 4556//2 4557//2 4507//2
f 4507//2 4557//2 4558//2 4508//2
f 4508//2 4558//2 4559//2 4509//2
f 4509//2 4559//2 4560//2 4510//2
f 4510//2 4560//2 4561//2 4511//2
f 4511//2 4561//2 4562//2 4512//2
f 4512//2 4562//2 4563//2 4513//2
f 4513//2 4563//2 4564//2 4514//2
f 4514//2 4564//2 4565//2 4515//2
f 4515//2 4565//2 4566//2 4516//2
f 4516//2 4566//2 4567//2 4517//2
f 4517//2 4567//2 4568//2 4518//2
f 4518//2 4568//2 4569//2 4519//2
f 4519//2 4569//2 4570//2 4520//2
f 4520//2 4570//2 4571//2 4521//2
f 4521//2 4571//2 4572//2 4522//2
f 4522//2 4572//2 4573//2 4523//2
f 4523//2 4573//2 4574//2 4524//2
f 4524//2 4574//2 4575//2 4525//2
f 4525//2 4575//2 4576//2 4526//2
f 4526//2 4576//2 4577//2 4527//2
f 4527//2 4577//2 4578//2 4528//2
f 4528//2 4578//2 4579//2 4529//2
f 4529//2 4579//2 4580//2 4530//2
f 4530//2 4580//2 4581//2 4531//2
f 4531//2 4581//2 4582//2 4532//2
f 4532//2 4582//2 4583//2 4533//2
f 4533//2 4583//2 4584//2 4534//2
f 4534//2 4584//2 4585//2 4535//2
f 4535//2 4585//2 4586//2 4536//2
f 4536//2 4586//2 4587//2 4537//2
f 4537//2 4587//2 4588//2 4538//2
f 4538//2 4588//2 4589//2 4539//2
f 4539//2 4589//2 4590//2 4540//2
f 4540//2 4590//2 4591//2 4541//2
f 4541//2 4591//2 4592//2 4542//2
f 4542//2 4592//2 4593//2 4543//2
f 4543//2 4593//2 4594//2 4544//2
f 4544//2 4594//2 4595//2 4545//2
f 4545//2 4595//2 4596//2 4546//2
f 4546//2 4596//2 4597//2 4547//2
f 4547//2 4597//2 4598//2 4548//2
f 4548//2 4598//2 4599//2 4549//2
f 4549//2 4599//2 4600//2 4550//2
f 4551//2 4601//2 4602//2 4552//2
f 4552//2 4602//2 4603//2 4553//2
f 4553//2 4603//2 4604//2 4554//2
f 4554//2 4604//2 4605//2 4555//2
f 4555//2 4605//2 4606//2 4556//2
f 4556//2 4606//2 4607//2 4557//2
f 4557//2 4607//2 4608//2 4558//2
f 4558//2 4608//2 4609//2 4559//2
f 4559//2 4609//2 4610//2 4560//2
f 4560//2 4610//2 4611//2 4561//2
f 4561//2 4611//2 4612//2 4562//2
f 4562//2 4612//2 4613//2 4563//2
f 4563//2 4613//2 4614//2 4564//2
f 4564//2 4614//2 4615//2 4565//2
f 4565//2 4615//2 4616//2 4566//2
f 4566//2 4616//2 4617//2 4567//2
f 4567//2 4617//2 4618//2 4568//2
f 4568//2 4618//2 4619//2 4569//2
f 4569//2 4619//2 4620//2 4570//2
f 4570//2 4620//2 4621//2 4571//2
f 4571//2 4621//2 4622//2 4572//2
f 4572//2 4622//2 4623//2 4573//2
f 4573//2 4623//2 4624//2 4574//2
f 4574//2 4624//2 4625//2 4575//2
f 4575//2 4625//2 4626//2 4576//2
f 4576//2 4626//2 4627//2 4577//2
f 4577//2 4627//2 4628//2 4578//2
f 4578//2 4628//2 4629//2 4579//2
f 4579//2 4629//2 4630//2 4580//2
f 4580//2 4630//2 4631//2 4581//2
f 4581//2 4631//2 4632//2 4582//2
f 4582//2 4632//2 4633//2 4583//2
f 4583//2 4633//2 4634//2 4584//2
f 4584//2 4634//2 4635//2 4585//2
f 4585//2 4635//2 4636//2 4586//2
f 4586//2 4636//2 4637//2 4587//2
f 4587//2 4637//2 4638//2 4588//2
f 4588//2 4638//2 4639//2 4589//2
f 4589//2 4639//2 4640//2 4590//2
f 4590//2 4640//2 4641//2 4591//2
f 4591//2 4641//2 4642//2 4592//2
f 4592//2 4642//2 4643//2 4593//2
f 4593//2 4643//2 4644//2 4594//2
f 4594//2 4644//2 4645//2 4595//2
f 4595//2 4645//2 4646//2 4596//2
f 4596//2 4646//2 4647//2 4597//2
f 4597//2 4647//2 4648//2 4598//2
f 4598//2 4648//2 4649//2 4599//2
f 4599//2 4649//2 4650//2 4600//2
f 4601//2 4651//2 4652//2 4602//2
f 4602//2 4652//2 4653//2 4603//2
f 4603//2 4653//2 4654//2 4604//2
f 4604//2 4654//2 4655//2 4605//2
f 4605//2 4655//2 4656//2 4606//2
f 4606//2 4656//2 4657//2 4607//2
f 4607//2 4657//2 4658//2 4608//2
f 4608//2 4658//2 4659//2 4609//2
f 4609//2 4659//2 4660//2 4610//2
f 4610//2 4660//2 4661//2 4611//2
f 4611//2 4661//2 4662//2 4612//2
f 4612//2 4662//2 4663//2 4613//2
f 4613//2 4663//2 4664//2 4614//2
f 4614//2 4664//2 4665//2 4615//2
f 4615//2 4665//2 4666//2 4616//2
f 4616//2 4666//2 4667//2 4617//2
f 4617//2 4667//2 4668//2 4618//2
f 4618//2 4668//2 4669//2 4619//2
f 4619//2 4669//2 4670//2 4620//2
f 4620//2 4670//2 4671//2 4621//2
f 4621//2 4671//2 4672//2 4622//2
f 4622//2 4672//2 4673//2 4623//2
f 4623//2 4673//2 4674//2 4624//2
f 4624//2 4674//2 4675//2 4625//2
f 4625//2 4675//2 4676//2 4626//2
f 4626//2 4676//2 4677//2 4627//2
f 4627//2 4677//2 4678//2 4628//2
f 4628//2 4678//2 4679//2 4629//2
f 4629//2 4679//2 4680//2 4630//2
f 4630//2 4680//2 4681//2 4631//2
f 4631//2 4681//2 4682//2 4632//2
f 4632//2 4682//2 4683//2 4633//2
f 4633//2 4683//2 4684//2 4634//2
f 4634//2 4684//2 4685//2 4635//2
f 4635//2 4685//2 4686//2 4636//2
f 4636//2 4686//2 4687//2 4637//2
f 4637//2 4687//2 4688//2 4638//2
f 4638//2 4688//2 4689//2 4639//2
f 4639//2 4689//2 4690//2 4640//2
f 4640//2 4690//2 4691//2 4641//2
f 4641//2 4691//2 4692//2 4642//2
f 4642//2 4692//2 4693//2 4643//2
f 4643//2 4693//2 4694//2 4644//2
f 4644//2 4694//2 4695//2 4645//2
f 4645//2 4695//2 4696//2 4646//2
f 4646//2 4696//2 4697//2 4647//2
f 4647//2 4697//2 4698//2 4648//2
f 4648//2 4698//2 4699//2 4649//2
f 4649//2 4699//2 4700//2 4650//2
f 4651//2 4701//2 4702//2 4652//2
f 4652//2 4702//2 4703//2 4653//2
f 4653//2 4703//2 4704//2 4654//2
f 4654//2 4704//2 4705//2 4655//2
f 4655//2 4705//2 4706//2 4656//2
f 4656//2 4706//2 4707//2 4657//2
f 4657//2 4707//2 4708//2 4658//2
f 4658//2 4708//2 4709//2 4659//2
f 4659//2 4709//2 4710//2 4660//2
f 4660//2 4710//2 4711//2 4661//2
f 4661//2 4711//2 4712//2 4662//2
f 4662//2 4712//2 4713//2 4663//2
f 4663//2 4713//2 4714//2 4664//2
f 4664//2 4714//2 4715//2 4665//2
f 4665//2 4715//2 4716//2 4666//2
f 4666//2 4716//2 4717//2 4667//2
f 4667//2 4717//2 4718//2 4668//2
f 4668//2 4718//2 4719//2 4669//2
f 4669//2 4719//2 4720//2 4670//2
f 4670//2 4720//2 4721//2 4671//2
f 4671//2 4721//2 4722//2 4672//2
f 4672//2 4722//2 4723//2 4673//2
f 4673//2 4723//2 4724//2 4674//2
f 4674//2 4724//2 4725//2 4675//2
f 4675//2 4725//2 4726//2 4676//2
f 4676//2 4726//2 4727//2 4677//2
f 4677//2 4727//2 4728//2 4678//2
f 4678//2 4728//2 4729//2 4679//2
f 4679//2 4729//2 4730//2 4680//2
f 4680//2 4730//2 4731//2 4681//2
f 4681//2 4731//2 4732//2 4682//2
f 4682//2 4732//2 4733//2 4683//2
f 4683//2 4733//2 4734//2 4684//2
f 4684//2 4734//2 4735//2 4685//2
f 4685//2 4735//2 4736//2 4686//2
f 4686//2 4736//2 4737//2 4687//2
f 4687//2 4737//2 4738//2 4688//2
f 4688//2 4738//2 4739//2 4689//2
f 4689//2 4739//2 4740//2 4690//2
f 4690//2 4740//2 4741//2 4691//2
f 4691//2 4741//2 4742//2 4692//2
f 4692//2 4742//2 4743//2 4693//2
f 4693//2 4743//2 4744//2 4694//2
f 4694//2 4744//2 4745//2 4695//2
f 4695//2 4745//2 4746//2 4696//2
f 4696//2 4746//2 4747//2 4697//2
f 4697//2 4747//2 4748//2 4698//2
f 4698//2 4748//2 4749//2 4699//2
f 4699//2 4749//2 4750//2 4700//2
f 4701//2 4751//2 4752//2 4702//2
f 4702//2 4752//2 4753//2 4703//2
f 4703//2 4753//2 4754//2 4704//2
f 4704//2 4754//2 4755//2 4705//2
f 4705//2 4755//2 4756//2 4706//2
f 4706//2 4756//2 4757//2 4707//2
f 4707//2 4757//2 4758//2 4708//2
f 4708//2 4758//2 4759//2 4709//2
f 4709//2 4759//2 4760//2 4710//2
f 4710//2 4760//2 4761//2 4711//2
f 4711//2 4761//2 4762//2 4712//2
f 4712//2 4762//2 4763//2 4713//2
f 4713//2 4763//2 4764//2 4714//2
f 4714//2 4764//2 4765//2 4715//2
f 4715//2 4765//2 4766//2 4716//2
f 4716//2 4766//2 4767//2 4717//2
f 4717//2 4767//2 4768//2 4718//2
f 4718//2 4768//2 4769//2 4719//2
f 4719//2 4769//2 4770//2 4720//2
f 4720//2 4770//2 4771//2 4721//2
f 4721//2 4771//2 4772//2 4722//2
f 4722//2 4772//2 4773//2 4723//2
f 4723//2 4773//2 4774//2 4724//2
f 4724//2 4774//2 4775//2 4725//2
f 4725//2 4775//2 4776//2 4726//2
f 4726//2 4776//2 4777//2 4727//2
f 4727//2 4777//2 4778//2 4728//2
f 4728//2 4778//2 4779//2 4729//2
f 4729//2 4779//2 4780//2 4730//2
f 4730//2 4780//2 4781//2 4731//2
f 4731//2 4781//2 4782//2 4732//2
f 4732//2 4782//2 4783//2 4733//2
f 4733//2 4783//2 4784//2 4734//2
f 4734//2 4784//2 4785//2 4735//2
f 4735//2 4785//2 4786//2 4736//2
f 4736//2 4786//2 4787//2 4737//2
f 4737//2 4787//2 4788//2 4738//2
f 4738//2 4788//2 4789//2 4739//2
f 4739//2 4789//2 4790//2 4740//2
f 4740//2 4790//2 4791//2 4741//2
f 4741//2 4791//2 4792//2 4742//2
f 4742//2 4792//2 4793//2 4743//2
f 4743//2 4793//2 4794//2 4744//2
f 4744//2 4794//2 4795//2 4745//2
f 4745//2 4795//2 4796//2 4746//2
f 4746//2 4796//2 4797//2 4747//2
f 4747//2 4797//2 4798//2 4748//2
f 4748//2 4798//2 4799//2 4749//2
f 4749//2 4799//2 4800//2 4750//2
f 4751//2 4801//2 4802//2 4752//2
f 4752//2 4802//2 4803//2 4753//2
f 4753//2 4803//2 4804//2 4754//2
f 4754//2 4804//2 4805//2 4755//2
f 4755//2 4805//2 4806//2 4756//2
f 4756//2 4806//2 4807//2 4757//2
f 4757//2 4807//2 4808//2 4758//2
f 4758//2 4808//2 4809//2 4759//2
f 4759//2 4809//2 4810//2 4760//2
f 4760//2 4810//2 4811//2 4761//2
f 4761//2 4811//2 4812//2 4762//2
f 4762//2 4812//2 4813//2 4763//2
f 4763//2 4813//2 4814//2 4764//2
f 4764//2 4814//2 4815//2 4765//2
f 4765//2 4815//2 4816//2 4766//2
f 4766//2 4816//2 4817//2 4767//2
f 4767//2 4817//2 4818//2 4768//2
f 4768//2 4818//2 4819//2 4769//2
f 4769//2 4819//2 4820//2 4770//2
f 4770//2 4820//2 4821//2 4771//2
f 4771//2 4821//2 4822//2 4772//2
f 4772//2 4822//2 4823//2 4773//2
f 4773//2 4823//2 4824//2 4774//2
f 4774//2 4824//2 4825//2 4775//2
f 4775//2 4825//2 4826//2 4776//2
f 4776//2 4826//2 4827//2 4777//2
f 4777//2 4827//2 4828//2 4778//2
f 4778//2 4828//2 4829//2 4779//2
f 4779//2 4829//2 4830//2 4780//2
f 4780//2 4830//2 4831//2 4781//2
f 4781//2 4831//2 4832//2 4782//2
f 4782//2 4832//2 4833//2 4783//2
f 4783//2 4833//2 4834//2 4784//2
f 4784//2 4834//2 4835//2 4785//2
f 4785//2 4835//2 4836//2 4786//2
f 4786//2 4836//2 4837//2 4787//2
f 4787//2 4837//2 4838//2 4788//2
f 4788//2 4838//2 4839//2 4789//2
f 4789//2 4839//2 4840//2 4790//2
f 4790//2 4840//2 4841//2 4791//2
f 4791//2 4841//2 4842//2 4792//2
f 4792//2 4842//2 4843//2 4793//2
f 4793//2 4843//2 4844//2 4794//2
f 4794//2 4844//2 4845//2 4795//2
f 4795//2 4845//2 4846//2 4796//2
f 4796//2 4846//2 4847//2 4797//2
f 4797//2 4847//2 4848//2 4798//2
f 4798//2 4848//2 4849//2 4799//2
f 4799//2 4849//2 4850//2 4800//2
f 4801//2 4851//2 4852//2 4802//2
f 4802//2 4852//2 4853//2 4803//2
f 4803//2 4853//2 4854//2 4804//2
f 4804//2 4854//2 4855//2 4805//2
f 4805//2 4855//2 4856//2 4806//2
f 4806//2 4856//2 4857//2 4807//2
f 4807//2 4857//2 4858//2 4808//2
f 4808//2 4858//2 4859//2 4809//2
f 4809//2 4859//2 4860//2 4810//2
f 4810//2 4860//2 4861//2 4811//2
f 4811//2 4861//2 4862//2 4812//2
f 4812//2 4862//2 4863//2 4813//2
f 4813//2 4863//2 4864//2 4814//2
f 4814//2 4864//2 4865//2 4815//2
f 4815//2 4865//2 4866//2 4816//2
f 4816//2 4866//2 4867//2 4817//2
f 4817//2 4867//2 4868//2 4818//2
f 4818//2 4868//2 4869//2 4819//2
f 4819//2 4869//2 4870//2 4820//2
f 4820//2 4870//2 4871//2 4821//2
f 4821//2 4871//2 4872//2 4822//2
f 4822//2 4872//2 4873//2 4823//2
f 4823//2 4873//2 4874//2 4824//2
f 4824//2 4874//2 4875//2 4825//2
f 4825//2 4875//2 4876//2 4826//2
f 4826//2 4876//2 4877//2 4827//2
f 4827//2 4877//2 4878//2 4828//2
f 4828//2 4878//2 4879//2 4829//2
f 4829//2 4879//2 4880//2 4830//2
f 4830//2 4880//2 4881//2 4831//2
f 4831//2 4881//2 4882//2 4832//2
f 4832//2 4882//2 4883//2 4833//2
f 4833//2 4883//2 4884//2 4834//2
f 4834//2 4884//2 4885//2 4835//2
f 4835//2 4885//2 4886//2 4836//2
f 4836//2 4886//2 4887//2 4837//2
f 4837//2 4887//2 4888//2 4838//2
f 4838//2 4888//2 4889//2 4839//2
f 4839//2 4889//2 4890//2 4840//2
f 4840//2 4890//2 4891//2 4841//2
f 4841//2 4891//2 4892//2 4842//2
f 4842//2 4892//2 4893//2 4843//2
f 4843//2 4893//2 4894//2 4844//2
f 4844//2 4894//2 4895//2 4845//2
f 4845//2 4895//2 4896//2 4846//2
f 4846//2 4896//2 4897//2 4847//2
f 4847//2 4897//2 4898//2 4848//2
f 4848//2 4898//2 4899//2 4849//2
f 4849//2 4899//2 4900//2 4850//2
f 4851//2 4901//2 4902//2 4852//2
f 4852//2 4902//2 4903//2 4853//2
f 4853//2 4903//2 4904//2 4854//2
f 4854//2 4904//2 4905//2 4855//2
f 4855//2 4905//2 4906//2 4856//2
f 4856//2 4906//2 4907//2 4857//2
f 4857//2 4907//2 4908//2 4858//2
f 4858//2 4908//2 4909//2 4859//2
f 4859//2 4909//2 4910//2 4860//2
f 4860//2 4910//2 4911//2 4861//2
f 4861//2 4911//2 4912//2 4862//2
f 4862//2 4912//2 4913//2 4863//2
f 4863//2 4913//2 4914//2 4864//2
f 4864//2 4914//2 4915//2 4865//2
f 4865//2 4915//2 4916//2 4866//2
f 4866//2 4916//2 4917//2 4867//2
f 4867//2 4917//2 4918//2 4868//2
f 4868//2 4918//2 4919//2 4869//2
f 4869//2 4919//2 4920//2 4870//2
f 4870//2 4920//2 4921//2 4871//2
f 4871//2 4921//2 4922//2 4872//2
f 4872//2 4922//2 4923//2 4873//2
f 4873//2 4923//2 4924//2 4874//2
f 4874//2 4924//2 4925//2 4875//2
f 4875//2 4925//2 4926//2 4876//2
f 4876//2 4926//2 4927//2 4877//2
f 4877//2 4927//2 4928//2 4878//2
f 4878//2 4928//2 4929//2 4879//2
f 4879//2 4929//2 4930//2 4880//2
f 4880//2 4930//2 4931//2 4881//2
f 4881//2 4931//2 4932//2 4882//2
f 4882//2 4932//2 4933//2 4883//2
f 4883//2 4933//2 4934//2 4884//2
f 4884//2 4934//2 4935//2 4885//2
f 4885//2 4935//2 4936//2 4886//2
f 4886//2 4936//2 4937//2 4887//2
f 4887//2 4937//2 4938//2 4888//2
f 4888//2 4938//2 4939//2 4889//2
f 4889//2 4939//2 4940//2 4890//2
f 4890//2 4940//2 4941//2 4891//2
f 4891//2 4941//2 4942//2 4892//2
f 4892//2 4942//2 4943//2 4893//2
f 4893//2 4943//2 4944//2 4894//2
f 4894//2 4944//2 4945//2 4895//2
f 4895//2 4945//2 4946//2 4896//2
f 4896//2 4946//2 4947//2 4897//2
f 4897//2 4947//2 4948//2 4898//2
f 4898//2 4948//2 4949//2 4899//2
f 4899//2 4949//2 4950//2 4900//2
f 4901//2 4951//2 4952//2 4902//2
f 4902//2 4952//2 4953//2 4903//2
f 4903//2 4953//2 4954//2 4904//2
f 4904//2 4954//2 4955//2 4905//2
f 4905//2 4955//2 4956//2 4906//2
f 4906//2 4956//2 4957//2 4907//2
f 4907//2 4957//2 4958//2 4908//2
f 4908//2 4958//2 4959//2 4909//2
f 4909//2 4959//2 4960//2 4910//2
f 4910//2 4960//2 4961//2 4911//2
f 4911//2 4961//2 4962//2 4912//2
f 4912//2 4962//2 4963//2 4913//2
f 4913//2 4963//2 4964//2 4914//2
f 4914//2 4964//2 4965//2 4915//2
f 4915//2 4965//2 4966//2 4916//2
f 4916//2 4966//2 4967//2 4917//2
f 4917//2 4967//2 4968//2 4918//2
f 4918//2 4968//2 4969//2 4919//2
f 4919//2 4969//2 4970//2 4920//2
f 4920//2 4970//2 4971//2 4921//2
f 4921//2 4971//2 4972//2 4922//2
f 4922//2 4972//2 4973//2 4923//2
f 4923//2 4973//2 4974//2 4924//2
f 4924//2 4974//2 4975//2 4925//2
f 4925//2 4975//2 4976//2 4926//2
f 4926//2 4976//2 4977//2 4927//2
f 4927//2 4977//2 4978//2 4928//2
f 4928//2 4978//2 4979//2 4929//2
f 4929//2 4979//2 4980//2 4930//2
f 4930//2 4980//2 4981//2 4931//2
f 4931//2 4981//2 4982//2 4932//2
f 4932//2 4982//2 4983//2 4933//2
f 4933//2 4983//2 4984//2 4934//2
f 4934//2 4984//2 4985//2 4935//2
f 4935//2 4985//2 4986//2 4936//2
f 4936//2 4986//2 4987//2 4937//2
f 4937//2 4987//2 4988//2 4938//2
f 4938//2 4988//2 4989//2 4939//2
f 4939//2 4989//2 4990//2 4940//2
f 4940//2 4990//2 4991//2 4941//2
f 4941//2 4991//2 4992//2 4942//2
f 4942//2 4992//2 4993//2 4943//2
f 4943//2 4993//2 4994//2 4944//2
f 4944//2 4994//2 4995//2 4945//2
f 4945//2 4995//2 4996//2 4946//2
f 4946//2 4996//2 4997//2 4947//2
f 4947//2 4997//2 4998//2 4948//2
f 4948//2 4998//2 4999//2 4949//2
f 4949//2 4999//2 5000//2 4950//2
o ConfinedTerrainBoxes
v -13.789289 -9.657091 0.131147
v -13.789289 -9.657091 2.921768
v -13.789289 -1.868150 0.131147
v -13.789289 -1.868150 2.921768
v -7.111852 -9.657091 0.131147
v -7.111852 -9.657091 2.921768
v -7.111852 -1.868150 0.131147
v -7.111852 -1.868150 2.921768
v -16.289249 6.088473 0.131147
v -16.289249 6.088473 2.789518
v -16.289249 9.727024 0.131147
v -16.289249 9.727024 2.789518
v -11.145109 6.088473 0.131147
v -11.145109 6.088473 2.789518
v -11.145109 9.727024 0.131147
v -11.145109 9.727024 2.789518
v 6.181591 1.821669 0.131147
v 6.181591 1.821669 1.615231
v 6.181591 8.551405 0.131147
v 6.181591 8.551405 1.615231
v 12.770844 1.821669 0.131147
v 12.770844 1.821669 1.615231
v 12.770844 8.551405 0.131147
v 12.770844 8.551405 1.615231
v 7.749516 -6.200878 0.131147
v 7.749516 -6.200878 1.464845
v 7.749516 -3.723422 0.131147
v 7.749516 -3.723422 1.464845
v 12.718208 -6.200878 0.131147
v 12.718208 -6.200878 1.464845
v 12.718208 -3.723422 0.131147
v 12.718208 -3.723422 1.464845
v 7.481641 7.382570 0.131147
v 7.481641 7.382570 0.890608
v 7.481641 9.771180 0.131147
v 7.481641 9.771180 0.890608
v 9.801736 7.382570 0.131147
v 9.801736 7.382570 0.890608
v 9.801736 9.771180 0.131147
v 9.801736 9.771180 0.890608
v -16.007828 0.487862 0.131147
v -16.007828 0.487862 2.480741
v -16.007828 6.182552 0.131147
v -16.007828 6.182552 2.480741
v -8.154291 0.487862 0.131147
v -8.154291 0.487862 2.480741
v -8.154291 6.182552 0.131147
v -8.154291 6.182552 2.480741
v -7.886083 -15.197095 0.131147
v -7.886083 -15.197095 1.300802
v -7.886083 -9.796570 0.131147
v -7.886083 -9.796570 1.300802
v -3.421548 -15.197095 0.131147
v -3.421548 -15.197095 1.300802
v -3.421548 -9.796570 0.131147
v -3.421548 -9.796570 1.300802
v -12.592874 -3.039724 2.068407
v -12.592874 -3.039724 4.094656
v -12.592874 2.506485 2.068407
v -12.592874 2.506485 4.094656
v -5.595671 -3.039724 2.068407
v -5.595671 -3.039724 4.094656
v -5.595671 2.506485 2.068407
v -5.595671 2.506485 4.094656
v -16.161079 -13.851231 2.620507
v -16.161079 -13.851231 4.094656
v -16.161079 -8.023056 2.620507
v -16.161079 -8.023056 4.094656
v -10.828873 -13.851231 2.620507
v -10.828873 -13.851231 4.094656
v -10.828873 -8.023056 2.620507
v -10.828873 -8.023056 4.094656
v -4.376915 -2.439297 3.100845
v -4.376915 -2.439297 4.094656
v -4.376915 -0.299789 3.100845
v -4.376915 -0.299789 4.094656
v -1.634371 -2.439297 3.100845
v -1.634371 -2.439297 4.094656
v -1.634371 -0.299789 3.100845
v -1.634371 -0.299789 4.094656
v 7.489749 6.300143 2.029403
v 7.489749 6.300143 4.094656
v 7.489749 9.771811 2.029403
v 7.489749 9.771811 4.094656
v 11.701627 6.300143 2.029403
v 11.701627 6.300143 4.094656
v 11.701627 9.771811 2.029403
v 11.701627 9.771811 4.094656
v 6.209224 -4.915270 0.131147
v 6.209224 -4.915270 1.727537
v 6.209224 2.433083 0.131147
v 6.209224 2.433083 1.727537
v 12.935246 -4.915270 0.131147
v 12.935246 -4.915270 1.727537
v 12.935246 2.433083 0.131147
v 12.935246 2.433083 1.727537
v -9.512881 -14.411031 0.131147
v -9.512881 -14.411031 3.002101
v -9.512881 -10.527058 0.131147
v -9.512881 -10.527058 3.002101
v -1.872158 -14.411031 0.131147
v -1.872158 -14.411031 3.002101
v -1.872158 -10.527058 0.131147
v -1.872158 -10.527058 3.002101
v -8.858528 -12.393834 3.252306
v -8.858528 -12.393834 4.094656
v -8.858528 -5.444799 3.252306
v -8.858528 -5.444799 4.094656
v -3.128117 -12.393834 3.252306
v -3.128117 -12.393834 4.094656
v -3.128117 -5.444799 3.252306
v -3.128117 -5.444799 4.094656
v -14.118892 11.708382 0.131147
v -14.118892 11.708382 2.523088
v -14.118892 17.470001 0.131147
v -14.118892 17.470001 2.523088
v -8.419031 11.708382 0.131147
v -8.419031 11.708382 2.523088
v -8.419031 17.470001 0.131147
v -8.419031 17.470001 2.523088
vn -1.0000 -0.0000 -0.0000
vn -0.0000 1.0000 -0.0000
vn 1.0000 -0.0000 -0.0000
vn -0.0000 -1.0000 -0.0000
vn -0.0000 -0.0000 -1.0000
vn -0.0000 -0.0000 1.0000
s 0
f 5001//3 5002//3 5004//3 5003//3
f 5003//4 5004//4 5008//4 5007//4
f 5007//5 5008//5 5006//5 5005//5
f 5005//6 5006//6 5002//6 5001//6
f 5003//7 5007//7 5005//7 5001//7
f 5008//8 5004//8 5002//8 5006//8
f 5009//3 5010//3 5012//3 5011//3
f 5011//4 5012//4 5016//4 5015//4
f 5015//5 5016//5 5014//5 5013//5
f 5013//6 5014//6 5010//6 5009//6
f 5011//7 5015//7 5013//7 5009//7
f 5016//8 5012//8 5010//8 5014//8
f 5017//3 5018//3 5020//3 5019//3
f 5019//4 5020//4 5024//4 5023//4
f 5023//5 5024//5 5022//5 5021//5
f 5021//6 5022//6 5018//6 5017//6
f 5019//7 5023//7 5021//7 5017//7
f 5024//8 5020//8 5018//8 5022//8
f 5025//3 5026//3 5028//3 5027//3
f 5027//4 5028//4 5032//4 5031//4
f 5031//5 5032//5 5030//5 5029//5
f 5029//6 5030//6 5026//6 5025//6
f 5027//7 5031//7 5029//7 5025//7
f 5032//8 5028//8 5026//8 5030//8
f 5033//3 5034//3 5036//3 5035//3
f 5035//4 5036//4 5040//4 5039//4
f 5039//5 5040//5 5038//5 5037//5
f 5037//6 5038//6 5034//6 5033//6
f 5035//7 5039//7 5037//7 5033//7
f 5040//8 5036//8 5034//8 5038//8
f 5041//3 5042//3 5044//3 5043//3
f 5043//4 5044//4 5048//4 5047//4
f 5047//5 5048//5 5046//5 5045//5
f 5045//6 5046//6 5042//6 5041//6
f 5043//7 5047//7 5045//7 5041//7
f 5048//8 5044//8 5042//8 5046//8
f 5049//3 5050//3 5052//3 5051//3
f 5051//4 5052//4 5056//4 5055//4
f 5055//5 5056//5 5054//5 5053//5
f 5053//6 5054//6 5050//6 5049//6
f 5051//7 5055//7 5053//7 5049//7
f 5056//8 5052//8 5050//8 5054//8
f 5057//3 5058//3 5060//3 5059//3
f 5059//4 5060//4 5064//4 5063//4
f 5063//5 5064//5 5062//5 5061//5
f 5061//6 5062//6 5058//6 5057//6
f 5059//7 5063//7 5061//7 5057//7
f 5064//8 5060//8 5058//8 5062//8
f 5065//3 5066//3 5068//3 5067//3
f 5067//4 5068//4 5072//4 5071//4
f 5071//5 5072//5 5070//5 5069//5
f 5069//6 5070//6 5066//6 5065//6
f 5067//7 5071//7 5069//7 5065//7
f 5072//8 5068//8 5066//8 5070//8
f 5073//3 5074//3 5076//3 5075//3
f 5075//4 5076//4 5080//4 5079//4
f 5079//5 5080//5 5078//5 5077//5
f 5077//6 5078//6 5074//6 5073//6
f 5075//7 5079//7 5077//7 5073//7
f 5080//8 5076//8 5074//8 5078//8
f 5081//3 5082//3 5084//3 5083//3
f 5083//4 5084//4 5088//4 5087//4
f 5087//5 5088//5 5086//5 5085//5
f 5085//6 5086//6 5082//6 5081//6
f 5083//7 5087//7 5085//7 5081//7
f 5088//8 5084//8 5082//8 5086//8
f 5089//3 5090//3 5092//3 5091//3
f 5091//4 5092//4 5096//4 5095//4
f 5095//5 5096//5 5094//5 5093//5
f 5093//6 5094//6 5090//6 5089//6
f 5091//7 5095//7 5093//7 5089//7
f 5096//8 5092//8 5090//8 5094//8
f 5097//3 5098//3 5100//3 5099//3
f 5099//4 5100//4 5104//4 5103//4
f 5103//5 5104//5 5102//5 5101//5
f 5101//6 5102//6 5098//6 5097//6
f 5099//7 5103//7 5101//7 5097//7
f 5104//8 5100//8 5098//8 5102//8
f 5105//3 5106//3 5108//3 5107//3
f 5107//4 5108//4 5112//4 5111//4
f 5111//5 5112//5 5110//5 5109//5
f 5109//6 5110//6 5106//6 5105//6
f 5107//7 5111//7 5109//7 5105//7
f 5112//8 5108//8 5106//8 5110//8
f 5113//3 5114//3 5116//3 5115//3
f 5115//4 5116//4 5120//4 5119//4
f 5119//5 5120//5 5118//5 5117//5
f 5117//6 5118//6 5114//6 5113//6
f 5115//7 5119//7 5117//7 5113//7
f 5120//8 5116//8 5114//8 5118//8
